id;number;type;priority;status;description;comment;section_id;equipment_id;assignee_id;brigade_id;master_id;deadline_at;norm_hours;fault_code_id;works_done;no_materials;closing_comment;created_at;issued_at;queued_at;accepted_at;rejected_at;started_at;paused_at;done_at;review_at;rework_at;closed_at;cancelled_at;updated_at;equipment_stopped;downtime_minutes;reminder_sent_at;overdue_notified_at;escalated_at;boss_notified_at;alarm_repeated_at
1;1;planned;planned;CLOSED;ППР по графику: Фильтр дисковый ДУ-100;;2;15;12;2;3;2026-07-07 05:54:27.474678;1.0;19.0;Плановый осмотр, протяжка крепежа, смазка узлов;False;;2026-07-06 05:54:27.474678;2026-07-06 05:54:27.474678;;2026-07-06 06:22:37.691212;;2026-07-06 06:26:14.409556;;2026-07-06 07:17:31.312303;2026-07-06 07:17:31.312303;;2026-07-06 08:26:22.964964;;2026-10-05 09:51:33.094218;False;;;;;;
2;2;unplanned;normal;CLOSED;Ослаб крепёж опоры;;3;16;10;2;3;2026-07-06 14:53:03.063424;1.5;6.0;Протянут крепёж, заменены сорванные болты;False;;2026-07-06 06:53:03.063424;2026-07-06 06:53:03.063424;;2026-07-06 07:12:10.209503;;2026-07-06 07:28:30.718278;;2026-07-06 09:01:07.057576;2026-07-06 09:01:07.057576;;2026-07-06 10:07:56.683984;;2026-10-05 09:51:33.094226;False;;;;;;
3;3;unplanned;emergency;CLOSED;Износ брони, снижение производительности;;2;8;12;2;3;2026-07-06 17:56:38.441779;6.0;1.0;Заменены изношенные плиты футеровки, крепёж протянут;False;;2026-07-06 10:26:38.441779;2026-07-06 10:26:38.441779;;2026-07-06 10:29:52.168620;;2026-07-06 16:04:13.733412;;2026-07-06 16:25:46.683132;2026-07-06 16:25:46.683132;2026-07-06 15:05:44.584759;2026-07-06 17:54:26.976351;;2026-10-05 09:51:33.094229;True;359.0;;;;;
4;4;unplanned;normal;CLOSED;Двигатель не запускается;;3;16;17;3;3;2026-07-06 21:16:58.002843;5.0;7.0;Двигатель заменён на резервный, подключён, проверен под нагрузкой;False;;2026-07-06 13:16:58.002843;2026-07-06 13:16:58.002843;;2026-07-06 13:29:11.901666;;2026-07-06 13:36:48.404486;;2026-07-06 18:12:44.217484;2026-07-06 18:12:44.217484;;2026-07-06 19:47:13.978912;;2026-10-05 09:51:33.094231;False;;;;;;
5;5;unplanned;high;CLOSED;Пробой кабеля, искрение;;3;19;14;2;4;2026-07-06 20:09:52.073374;3.0;9.0;Проложен новый кабель, замерено сопротивление изоляции;False;;2026-07-06 16:09:52.073374;2026-07-06 16:09:52.073374;;2026-07-06 16:13:51.581300;;2026-07-06 16:29:05.729902;;2026-07-06 18:09:28.693689;2026-07-06 18:09:28.693689;;2026-07-06 19:57:06.322891;;2026-10-05 09:51:33.094233;True;119.0;;;;;
6;6;unplanned;high;CLOSED;Износ футеровки, стук при работе;;2;12;8;1;4;2026-07-07 00:02:09.747583;6.0;1.0;Заменены изношенные плиты футеровки, крепёж протянут;False;;2026-07-06 16:32:09.747583;2026-07-06 16:32:09.747583;;2026-07-06 16:35:50.163797;;2026-07-06 16:42:48.351844;;2026-07-07 00:29:28.008609;2026-07-07 00:29:28.008609;;2026-07-07 01:56:36.774333;;2026-10-05 09:51:33.094235;False;;;;;;
7;7;unplanned;normal;CLOSED;Двигатель не запускается;;2;13;14;2;4;2026-07-07 02:33:27.945057;5.0;7.0;Двигатель заменён на резервный, подключён, проверен под нагрузкой;False;;2026-07-06 18:33:27.945057;2026-07-06 18:33:27.945057;;2026-07-06 18:53:52.271544;;2026-07-06 19:02:07.374702;;2026-07-06 22:29:26.756357;2026-07-06 22:29:26.756357;;2026-07-07 00:10:53.663673;;2026-10-05 09:51:33.094238;False;;;;;;
8;8;unplanned;high;CLOSED;Повышенный шум и нагрев подшипника;;3;18;8;1;4;2026-07-07 00:54:23.890363;4.0;2.0;Заменён подшипник, узел набит смазкой, проверена соосность;False;;2026-07-06 19:54:23.890363;2026-07-06 19:54:23.890363;;2026-07-06 20:01:48.853934;;2026-07-06 20:11:59.259232;;2026-07-07 01:25:50.135375;2026-07-07 01:25:50.135375;;2026-07-07 03:00:03.980405;;2026-10-05 09:51:33.094240;True;331.0;;;;;
9;9;unplanned;high;CLOSED;Редуктор гудит, люфт вала;;3;20;8;1;4;2026-07-07 06:20:18.644401;8.0;4.0;Редуктор вскрыт, заменены подшипники, масло заменено;False;;2026-07-06 20:20:18.644401;2026-07-06 20:20:18.644401;;2026-07-06 20:23:16.398179;;2026-07-07 01:24:42.066235;2026-07-06 23:30:42.066235;2026-07-07 05:11:11.726188;2026-07-07 05:11:11.726188;;2026-07-07 05:27:52.347431;;2026-10-05 09:51:33.094242;False;;;;;;
10;10;unplanned;normal;CLOSED;Двигатель греется, срабатывает тепловая защита;;3;18;17;3;3;2026-07-07 11:23:54.486970;5.0;7.0;Заменены подшипники двигателя, проверена изоляция;False;;2026-07-07 03:23:54.486970;2026-07-07 03:23:54.486970;2026-07-07 03:30:27.630966;2026-07-07 04:59:13.993450;;2026-07-07 05:14:27.037815;;2026-07-07 09:00:16.820775;2026-07-07 09:00:16.820775;;2026-07-07 10:27:33.653522;;2026-10-05 09:51:33.094244;False;;;;;;
11;11;planned;planned;CLOSED;ППР по графику: Маслостанция дробилки НМШ-5;;1;6;6;1;3;2026-07-08 05:19:21.095894;1.0;19.0;Плановое ТО по графику ППР;False;;2026-07-07 05:19:21.095894;2026-07-07 05:19:21.095894;2026-07-07 05:21:58.510025;2026-07-07 06:34:10.655979;;2026-07-07 06:42:15.169879;;2026-07-07 07:39:46.186691;2026-07-07 07:39:46.186691;;2026-07-07 08:51:42.941730;;2026-10-05 09:51:33.094246;False;;;;;;
12;12;planned;planned;CLOSED;ППР по графику: Конвейер К-1;;3;16;5;1;3;2026-07-08 05:44:27.733703;1.0;19.0;ППР: ревизия узлов, замена смазки, проверка зазоров;False;;2026-07-07 05:44:27.733703;2026-07-07 05:44:27.733703;;2026-07-07 06:54:01.709776;;2026-07-07 08:55:46.328512;2026-07-07 07:09:46.328512;2026-07-07 09:09:34.727615;2026-07-07 09:09:34.727615;;2026-07-07 11:03:20.823796;;2026-10-05 09:51:33.094249;False;;;;;;
13;13;unplanned;normal;CLOSED;Не включается пускатель;;4;24;15;3;3;2026-07-07 14:14:14.822194;2.0;8.0;Заменён контактор, проверена схема управления;False;;2026-07-07 06:14:14.822194;2026-07-07 06:14:14.822194;2026-07-07 06:17:37.915811;2026-07-07 08:33:16.993560;;2026-07-07 08:39:46.839018;;2026-07-07 10:21:17.402125;2026-07-07 10:21:17.402125;;2026-07-07 12:00:12.453861;;2026-10-05 09:51:33.094251;False;;;;;;
14;14;unplanned;high;CLOSED;Шум в редукторе, металлическая стружка в масле;;2;9;10;2;3;2026-07-07 22:21:19.267034;8.0;4.0;Редуктор вскрыт, заменены подшипники, масло заменено;False;;2026-07-07 12:21:19.267034;2026-07-07 12:21:19.267034;;2026-07-07 12:32:07.142536;;2026-07-07 12:41:56.191285;;2026-07-08 02:05:04.712126;2026-07-08 02:05:04.712126;;2026-07-08 03:35:33.130712;;2026-10-05 09:51:33.094253;True;823.0;;;;;
15;15;unplanned;high;CLOSED;Подшипник греется, запах гари;;3;20;18;3;4;2026-07-08 02:49:53.404769;4.0;2.0;Заменён подшипник, узел набит смазкой, проверена соосность;False;;2026-07-07 21:49:53.404769;2026-07-07 21:49:53.404769;;2026-07-07 21:56:12.566171;;2026-07-07 22:12:21.843933;;2026-07-08 01:18:24.014946;2026-07-08 01:18:24.014946;;2026-07-08 02:31:14.797453;;2026-10-05 09:51:33.094255;False;;;;;;
16;16;unplanned;high;CLOSED;Шум насоса, падение давления;;2;14;6;1;3;2026-07-08 11:26:36.373600;6.0;12.0;Насос заменён, система прокачана, давление в норме;False;;2026-07-08 03:56:36.373600;2026-07-08 03:56:36.373600;;2026-07-08 04:07:50.856449;;2026-07-08 04:11:27.618669;;2026-07-08 11:06:50.986526;2026-07-08 11:06:50.986526;;2026-07-08 12:46:50.921199;;2026-10-05 09:51:33.094257;True;430.0;;;;;
17;17;unplanned;normal;CLOSED;Редуктор гудит, люфт вала;;1;4;6;1;3;2026-07-08 14:21:43.894676;8.0;4.0;Редуктор вскрыт, заменены подшипники, масло заменено;False;;2026-07-08 04:21:43.894676;2026-07-08 04:21:43.894676;2026-07-08 04:29:23.268756;2026-07-08 05:20:59.045573;;2026-07-08 05:34:09.728211;;2026-07-08 12:25:07.273255;2026-07-08 12:25:07.273255;;2026-07-08 14:14:47.139143;;2026-10-05 09:51:33.094259;False;;;;;;
18;18;planned;planned;CLOSED;ППР по графику: Перегрузочный узел ПУ-1;;3;21;5;1;3;2026-07-09 04:40:34.216047;1.0;19.0;Плановое ТО по графику ППР;False;;2026-07-08 04:40:34.216047;2026-07-08 04:40:34.216047;2026-07-08 04:43:22.591918;2026-07-08 06:33:55.500088;;2026-07-08 09:21:17.705888;2026-07-08 07:01:17.705888;2026-07-08 09:40:51.332423;2026-07-08 09:40:51.332423;;2026-07-08 10:44:10.102625;;2026-10-05 09:51:33.094261;False;;;;;;
19;19;planned;planned;CLOSED;ППР по графику: Насос шламовый ГрАТ-1400;;2;13;10;2;3;2026-07-09 05:01:08.589314;1.0;19.0;Плановое ТО по графику ППР;False;;2026-07-08 05:01:08.589314;2026-07-08 05:01:08.589314;;2026-07-08 05:47:46.923372;;2026-07-08 06:06:27.381343;;2026-07-08 07:07:44.523150;2026-07-08 07:07:44.523150;;2026-07-08 08:26:34.752751;;2026-10-05 09:51:33.094263;False;;;;;;
20;20;planned;planned;CLOSED;ППР по графику: Станок фрезерный 6Р82;;4;23;12;2;3;2026-07-09 05:48:39.024094;1.0;19.0;Плановое ТО по графику ППР;False;;2026-07-08 05:48:39.024094;2026-07-08 05:48:39.024094;;2026-07-08 06:01:00.460407;;2026-07-08 06:12:59.794907;;2026-07-08 07:05:58.481065;2026-07-08 07:05:58.481065;;2026-07-08 08:18:59.611515;;2026-10-05 09:51:33.094266;False;;;;;;
21;21;planned;planned;CLOSED;Плановая ревизия электрооборудования: Насос шламовый ГрАТ-1400;;2;13;17;3;3;2026-07-09 07:09:15.486966;2.0;8.0;Плановая ревизия электрооборудования: протянуты контакты, замерена изоляция;True;;2026-07-08 07:09:15.486966;2026-07-08 07:09:15.486966;;2026-07-08 07:45:36.053710;;2026-07-08 07:57:21.666161;;2026-07-08 09:39:15.553147;2026-07-08 09:39:15.553147;;2026-07-08 11:06:49.453306;;2026-10-05 09:51:33.094268;False;;;;;;
22;22;unplanned;normal;CLOSED;Выбивает защиту при пуске;;2;11;17;3;3;2026-07-08 16:28:32.806263;2.5;10.0;Устранена неисправность в цепи, защита настроена;False;;2026-07-08 08:28:32.806263;2026-07-08 08:28:32.806263;;2026-07-08 08:49:15.901703;;2026-07-08 09:01:25.933533;;2026-07-08 11:40:08.441549;2026-07-08 11:40:08.441549;;2026-07-08 13:20:31.651753;;2026-10-05 09:51:33.094270;False;;;;;;
23;23;unplanned;emergency;CLOSED;Двигатель греется, срабатывает тепловая защита;;2;9;19;3;4;2026-07-08 23:10:10.093253;5.0;7.0;Двигатель заменён на резервный, подключён, проверен под нагрузкой;False;;2026-07-08 16:55:10.093253;2026-07-08 16:55:10.093253;;2026-07-08 16:56:43.921301;;2026-07-08 16:58:23.385065;;2026-07-08 22:44:18.753083;2026-07-08 22:44:18.753083;;2026-07-08 23:48:22.294024;;2026-10-05 09:51:33.094272;True;349.0;;;;;
24;24;unplanned;normal;CLOSED;Шум в редукторе, металлическая стружка в масле;;4;22;8;1;4;2026-07-09 05:44:30.815874;8.0;4.0;Редуктор вскрыт, заменены подшипники, масло заменено;False;;2026-07-08 19:44:30.815874;2026-07-08 19:44:30.815874;;2026-07-08 19:47:55.138976;;2026-07-08 19:54:46.586375;;2026-07-09 02:42:56.202626;2026-07-09 02:42:56.202626;;2026-07-09 02:57:32.256041;;2026-10-05 09:51:33.094275;False;;;;;;
25;25;unplanned;high;CLOSED;Двигатель греется, срабатывает тепловая защита;;3;20;19;3;4;2026-07-09 06:52:58.866089;5.0;7.0;Заменены подшипники двигателя, проверена изоляция;False;;2026-07-09 00:37:58.866089;2026-07-09 00:37:58.866089;;2026-07-09 00:45:42.026760;;2026-07-09 04:44:20.118902;2026-07-09 02:29:20.118902;2026-07-09 09:27:48.479153;2026-07-09 09:27:48.479153;;2026-07-09 11:15:05.503155;;2026-10-05 09:51:33.094277;False;;;;;;
26;26;planned;planned;CLOSED;ППР по графику: Дробилка ККД-1500;;1;2;6;1;3;2026-07-10 04:27:55.158432;1.0;19.0;Плановое ТО по графику ППР;False;;2026-07-09 04:27:55.158432;2026-07-09 04:27:55.158432;;2026-07-09 05:26:58.202972;;2026-07-09 05:29:57.113372;;2026-07-09 06:30:31.487397;2026-07-09 06:30:31.487397;;2026-07-09 07:26:00.978811;;2026-10-05 09:51:33.094279;False;;;;;;
27;27;unplanned;high;CLOSED;Трещина сварного шва короба;;4;24;9;1;3;2026-07-09 08:34:06.192458;3.0;5.0;Шов переварен, усилен косынками;False;;2026-07-09 04:34:06.192458;2026-07-09 04:34:06.192458;;2026-07-09 04:38:07.351661;;2026-07-09 04:48:18.409525;;2026-07-09 06:50:14.960659;2026-07-09 06:50:14.960659;;2026-07-09 07:17:50.298479;;2026-10-05 09:51:33.094281;True;136.0;;;;;
28;28;unplanned;high;CLOSED;Повышенная вибрация привода;;1;5;12;2;3;2026-07-09 10:15:09.533908;1.5;6.0;Протянут крепёж, заменены сорванные болты;False;;2026-07-09 06:15:09.533908;2026-07-09 06:15:09.533908;;2026-07-09 06:23:45.252112;;2026-07-09 06:28:27.349025;;2026-07-09 08:20:07.640208;2026-07-09 08:20:07.640208;;2026-07-09 08:31:28.211456;;2026-10-05 09:51:33.094283;True;124.0;;;;;
29;29;unplanned;normal;CANCELLED;Сход ленты, задевает раму;;3;20;18;3;4;2026-07-10 00:52:24.366592;5.0;;;False;;2026-07-09 16:52:24.366592;2026-07-09 16:52:24.366592;;;;;;;;;;2026-07-09 17:28:18.042725;2026-10-05 09:51:33.120173;False;;;;;;
30;30;unplanned;high;CLOSED;Ослаб крепёж опоры;;3;17;8;1;4;2026-07-10 03:58:58.532769;1.5;6.0;Протянут крепёж, заменены сорванные болты;False;;2026-07-09 23:58:58.532769;2026-07-09 23:58:58.532769;;2026-07-10 00:06:59.262709;;2026-07-10 00:09:06.361574;;2026-07-10 02:05:09.954975;2026-07-10 02:05:09.954975;;2026-07-10 02:24:48.792693;;2026-10-05 09:51:33.123250;True;126.0;;;;;
31;31;unplanned;normal;CLOSED;Ошибка станции централизованной смазки;;2;9;7;1;4;2026-07-10 08:05:51.921428;3.0;18.0;Промыты магистрали, станция смазки запущена;False;;2026-07-10 00:05:51.921428;2026-07-10 00:05:51.921428;2026-07-10 00:12:48.820718;2026-07-10 02:03:47.625883;;2026-07-10 02:16:05.691078;;2026-07-10 10:16:21.691054;2026-07-10 10:16:21.691054;;2026-07-10 11:18:09.082226;;2026-10-05 09:51:33.123258;False;;;;;;
32;32;unplanned;high;CLOSED;Нагрев узла из-за недостатка смазки;;1;1;5;1;3;2026-07-10 08:07:54.499866;1.0;19.0;Выполнена смазка узлов, заменены пресс-маслёнки;False;;2026-07-10 04:07:54.499866;2026-07-10 04:07:54.499866;;2026-07-10 04:12:00.407088;;2026-07-10 04:17:46.182147;;2026-07-10 04:54:20.372471;2026-07-10 04:54:20.372471;;2026-07-10 06:07:36.314218;;2026-10-05 09:51:33.123262;False;;;;;;
33;33;planned;planned;CLOSED;ППР по графику: Насос гидравлический Н-7;;2;14;12;2;3;2026-07-11 05:56:31.764319;1.0;19.0;Плановый осмотр, протяжка крепежа, смазка узлов;False;;2026-07-10 05:56:31.764319;2026-07-10 05:56:31.764319;;2026-07-10 06:46:14.469561;;2026-07-10 07:01:21.989085;;2026-07-10 08:01:01.703832;2026-07-10 08:01:01.703832;;2026-07-10 09:38:40.138683;;2026-10-05 09:51:33.123264;False;;;;;;
34;34;unplanned;high;CLOSED;Распределитель травит воздух;;2;15;6;1;3;2026-07-10 13:45:01.995183;1.5;17.0;Заменён распределитель;False;;2026-07-10 09:45:01.995183;2026-07-10 09:45:01.995183;;2026-07-10 09:52:38.244486;;2026-07-10 10:06:06.748313;;2026-07-10 11:00:42.125047;2026-07-10 11:00:42.125047;;2026-07-10 12:42:25.372028;;2026-10-05 09:51:33.123268;False;;;;;;
35;35;unplanned;normal;CLOSED;Стук в подшипниковом узле, вибрация;;3;17;18;3;4;2026-07-11 03:56:14.037171;4.0;2.0;Демонтирован разрушенный подшипник, установлен новый, вибрация в норме;False;;2026-07-10 19:56:14.037171;2026-07-10 19:56:14.037171;;2026-07-10 20:16:10.101961;;2026-07-10 20:34:13.524954;;2026-07-11 00:40:43.288425;2026-07-11 00:40:43.288425;;2026-07-11 01:07:08.700805;;2026-10-05 09:51:33.123271;False;;;;;;
36;36;unplanned;normal;CLOSED;Залипает контактор;;2;10;14;2;4;2026-07-11 06:31:50.072767;2.0;8.0;Заменён автомат, протянуты клеммы;False;;2026-07-10 22:31:50.072767;2026-07-10 22:31:50.072767;;2026-07-10 22:50:15.063026;;2026-07-10 22:59:15.794602;;2026-07-11 01:47:28.065576;2026-07-11 01:47:28.065576;;2026-07-11 02:30:43.366347;;2026-10-05 09:51:33.123274;False;;;;;;
37;37;planned;planned;CLOSED;ППР по графику: Мельница шаровая МШЦ-3600×5500;;2;8;10;2;3;2026-07-12 04:42:37.949042;1.0;19.0;Плановое ТО по графику ППР;False;;2026-07-11 04:42:37.949042;2026-07-11 04:42:37.949042;2026-07-11 04:45:27.082185;2026-07-11 05:17:29.394313;;2026-07-11 05:28:35.868581;;2026-07-11 06:15:14.491689;2026-07-11 06:15:14.491689;;2026-07-11 06:29:15.738433;;2026-10-05 09:51:33.123277;False;;;;;;
38;38;unplanned;high;CLOSED;Износ футеровки, стук при работе;;1;5;5;2;3;2026-07-11 16:04:11.733362;6.0;1.0;Заменены изношенные плиты футеровки, крепёж протянут;False;;2026-07-11 08:34:11.733362;2026-07-11 08:47:47.351273;;2026-07-11 08:50:49.212971;2026-07-11 08:41:47.374806;2026-07-11 09:06:36.687571;;2026-07-11 17:34:19.418147;2026-07-11 17:34:19.418147;;2026-07-11 18:44:45.231483;;2026-10-05 09:51:33.123280;False;;;;;;
39;39;unplanned;high;CLOSED;Сход ленты, задевает раму;;3;16;11;2;4;2026-07-12 08:16:02.515249;5.0;3.0;Заменён участок ленты, отцентрирована лента, заменены ролики;False;;2026-07-12 02:01:02.515249;2026-07-12 02:01:02.515249;;2026-07-12 02:06:09.341785;;2026-07-12 05:59:06.270128;2026-07-12 05:16:06.270128;2026-07-12 08:48:34.846608;2026-07-12 08:48:34.846608;;2026-07-12 10:12:22.590360;;2026-10-05 09:51:33.123284;True;407.0;;;;;
40;40;unplanned;normal;CLOSED;Повреждён питающий кабель;;4;24;17;3;3;2026-07-12 11:07:41.618602;3.0;9.0;Проложен новый кабель, замерено сопротивление изоляции;False;;2026-07-12 03:07:41.618602;2026-07-12 03:07:41.618602;;2026-07-12 03:14:15.126956;;2026-07-12 03:30:53.006055;;2026-07-12 07:53:52.068879;2026-07-12 07:53:52.068879;;2026-07-12 09:17:02.260961;;2026-10-05 09:51:33.123287;False;;;;;;
41;41;unplanned;high;CLOSED;Повышенный шум и нагрев подшипника;;1;1;9;1;3;2026-07-12 09:36:43.547100;4.0;2.0;Демонтирован разрушенный подшипник, установлен новый, вибрация в норме;False;;2026-07-12 04:36:43.547100;2026-07-12 04:36:43.547100;;2026-07-12 04:43:30.738351;;2026-07-12 05:00:44.165914;;2026-07-12 08:25:08.055932;2026-07-12 08:25:08.055932;;2026-07-12 09:35:24.519446;;2026-10-05 09:51:33.123289;True;228.0;;;;;
42;42;unplanned;normal;CLOSED;Нагрев узла из-за недостатка смазки;;3;17;12;2;3;2026-07-12 15:08:29.129275;1.0;19.0;Выполнена смазка узлов, заменены пресс-маслёнки;False;;2026-07-12 07:08:29.129275;2026-07-12 07:08:29.129275;;2026-07-12 07:23:07.589841;;2026-07-12 07:42:46.211485;;2026-07-12 08:45:47.307020;2026-07-12 08:45:47.307020;;2026-07-12 09:46:42.502686;;2026-10-05 09:51:33.123292;False;;;;;;
43;43;unplanned;emergency;CLOSED;Износ футеровки, стук при работе;;2;13;12;2;3;2026-07-12 20:02:17.420208;6.0;1.0;Заменены изношенные плиты футеровки, крепёж протянут;False;;2026-07-12 12:32:17.420208;2026-07-12 12:32:17.420208;;2026-07-12 12:33:49.131528;;2026-07-12 12:39:35.896562;;2026-07-13 00:15:57.886181;2026-07-13 00:15:57.886181;;2026-07-13 01:15:47.517355;;2026-10-05 09:51:33.123295;True;703.0;;;;;
44;44;unplanned;emergency;CLOSED;Стук в подшипниковом узле, вибрация;;3;18;11;2;4;2026-07-13 00:09:03.827672;4.0;2.0;Демонтирован разрушенный подшипник, установлен новый, вибрация в норме;False;;2026-07-12 19:09:03.827672;2026-07-12 19:09:03.827672;;2026-07-12 19:11:24.316430;;2026-07-12 19:13:26.014935;;2026-07-13 00:24:21.193697;2026-07-13 00:24:21.193697;;2026-07-13 00:41:13.103383;;2026-10-05 09:51:33.123298;True;315.0;;;;;
45;45;planned;planned;CANCELLED;ППР по графику: Станок токарный 1М63;;4;22;10;2;3;2026-07-14 04:00:51.774041;1.0;;;False;;2026-07-13 04:00:51.774041;2026-07-13 04:00:51.774041;;;;;;;;;;2026-07-13 04:25:27.837582;2026-10-05 09:51:33.140097;False;;;;;;
46;46;planned;planned;CLOSED;ППР по графику: Конвейер К-2;;3;17;6;1;3;2026-07-14 04:02:20.232545;1.0;19.0;ППР: ревизия узлов, замена смазки, проверка зазоров;False;;2026-07-13 04:02:20.232545;2026-07-13 04:02:20.232545;2026-07-13 04:03:37.072306;2026-07-13 05:19:44.453215;;2026-07-13 05:32:21.830200;;2026-07-13 06:46:17.202454;2026-07-13 06:46:17.202454;;2026-07-13 08:46:00.412338;;2026-10-05 09:51:33.151847;False;;;;;;
47;47;planned;planned;CLOSED;ППР по графику: Кран мостовой 10 т;;4;24;10;2;3;2026-07-14 04:33:25.036301;1.0;19.0;Плановое ТО по графику ППР;False;;2026-07-13 04:33:25.036301;2026-07-13 04:33:25.036301;2026-07-13 04:34:33.518513;2026-07-13 06:28:19.964525;;2026-07-13 06:39:05.601969;;2026-07-13 07:13:26.776903;2026-07-13 07:13:26.776903;;2026-07-13 08:12:57.078967;;2026-10-05 09:51:33.151856;False;;;;;;
48;48;unplanned;high;CLOSED;Износ брони, снижение производительности;;2;9;9;1;3;2026-07-13 12:41:51.682032;6.0;1.0;Замена брони, проверена затяжка болтов;False;;2026-07-13 05:11:51.682032;2026-07-13 05:11:51.682032;;2026-07-13 05:22:19.764364;;2026-07-13 05:28:35.454329;;2026-07-13 11:29:05.921124;2026-07-13 11:29:05.921124;;2026-07-13 12:36:40.075968;;2026-10-05 09:51:33.151858;True;377.0;;;;;
49;49;unplanned;normal;CLOSED;Двигатель не запускается;;4;25;17;3;3;2026-07-13 19:16:58.584277;5.0;7.0;Двигатель заменён на резервный, подключён, проверен под нагрузкой;False;;2026-07-13 11:16:58.584277;2026-07-13 11:16:58.584277;;2026-07-13 11:38:01.906042;;2026-07-13 11:52:20.705983;;2026-07-13 17:06:05.247247;2026-07-13 17:06:05.247247;;2026-07-13 18:32:32.584922;;2026-10-05 09:51:33.151860;False;;;;;;
50;50;unplanned;high;CLOSED;Подшипник греется, запах гари;;1;2;11;2;4;2026-07-14 03:35:25.373766;4.0;2.0;Демонтирован разрушенный подшипник, установлен новый, вибрация в норме;False;;2026-07-13 22:35:25.373766;2026-07-13 22:35:25.373766;;2026-07-13 22:43:12.258418;;2026-07-13 22:55:30.947213;;2026-07-14 03:22:21.493059;2026-07-14 03:22:21.493059;;2026-07-14 04:38:46.715221;;2026-10-05 09:51:33.151862;False;;;;;;
51;51;planned;planned;CLOSED;ППР по графику: Гидроциклон ГЦ-710;;2;12;10;2;3;2026-07-15 05:29:38.499444;1.0;19.0;ППР: ревизия узлов, замена смазки, проверка зазоров;False;;2026-07-14 05:29:38.499444;2026-07-14 05:29:38.499444;;2026-07-14 05:53:40.416396;;2026-07-14 06:09:45.546318;;2026-07-14 07:01:09.607799;2026-07-14 07:01:09.607799;;2026-07-14 07:37:20.060897;;2026-10-05 09:51:33.151864;False;;;;;;
52;52;unplanned;normal;CLOSED;Трещина на раме;;1;5;9;1;3;2026-07-14 13:41:09.485267;3.0;5.0;Шов переварен, усилен косынками;False;;2026-07-14 05:41:09.485267;2026-07-14 05:41:09.485267;;2026-07-14 06:01:29.948245;;2026-07-14 06:17:05.870891;;2026-07-14 08:41:19.253849;2026-07-14 08:41:19.253849;;2026-07-14 10:27:03.086906;;2026-10-05 09:51:33.151866;False;;;;;;
53;53;planned;planned;CLOSED;Плановая ревизия электрооборудования: Конвейер К-3;;3;18;15;3;3;2026-07-15 07:34:58.876904;2.0;8.0;Плановая ревизия электрооборудования: протянуты контакты, замерена изоляция;True;;2026-07-14 07:34:58.876904;2026-07-14 07:34:58.876904;;2026-07-14 08:15:32.496559;;2026-07-14 11:50:01.935928;2026-07-14 09:32:01.935928;2026-07-14 13:25:33.691849;2026-07-14 13:25:33.691849;;2026-07-14 14:04:56.471433;;2026-10-05 09:51:33.151868;False;;;;;;
54;54;planned;planned;CLOSED;Плановая ревизия электрооборудования: Дробилка ККД-1500;;1;2;15;3;3;2026-07-15 08:25:41.848932;2.0;8.0;Плановая ревизия электрооборудования: протянуты контакты, замерена изоляция;True;;2026-07-14 08:25:41.848932;2026-07-14 08:25:41.848932;;2026-07-14 09:12:35.170181;;2026-07-14 09:26:44.484590;;2026-07-14 10:48:58.119889;2026-07-14 10:48:58.119889;;2026-07-14 11:00:07.934618;;2026-10-05 09:51:33.151870;False;;;;;;
55;55;unplanned;normal;CLOSED;Двигатель не запускается;;1;5;19;2;4;2026-07-15 04:26:21.216760;5.0;7.0;Заменены подшипники двигателя, проверена изоляция;False;;2026-07-14 20:26:21.216760;2026-07-14 20:35:06.207180;2026-07-14 20:36:24.589732;2026-07-14 22:16:55.888077;2026-07-14 20:28:56.388313;2026-07-14 22:19:57.320542;;2026-07-15 05:59:30.281764;2026-07-15 05:59:30.281764;;2026-07-15 06:37:22.297641;;2026-10-05 09:51:33.151872;False;;;;;;
56;56;unplanned;normal;CLOSED;Двигатель не запускается;;1;1;16;3;4;2026-07-15 06:29:58.798612;5.0;7.0;Двигатель заменён на резервный, подключён, проверен под нагрузкой;False;;2026-07-14 22:29:58.798612;2026-07-14 22:29:58.798612;2026-07-14 22:34:49.369647;2026-07-15 00:52:15.823291;;2026-07-15 04:45:37.261056;2026-07-15 03:26:37.261056;2026-07-15 07:10:08.676796;2026-07-15 07:10:08.676796;;2026-07-15 08:44:42.145130;;2026-10-05 09:51:33.151874;False;;;;;;
57;57;unplanned;normal;CLOSED;Выбивает защиту при пуске;;2;9;14;2;4;2026-07-15 09:48:54.105766;2.5;10.0;Найдено и устранено КЗ, заменены предохранители;False;;2026-07-15 01:48:54.105766;2026-07-15 01:48:54.105766;2026-07-15 01:50:33.482298;2026-07-15 03:24:49.969865;;2026-07-15 03:31:20.613923;;2026-07-15 05:28:01.459014;2026-07-15 05:28:01.459014;;2026-07-15 07:02:49.997163;;2026-10-05 09:51:33.151876;False;;;;;;
58;58;unplanned;emergency;CLOSED;Ослаб крепёж опоры;;1;4;10;2;3;2026-07-15 08:02:36.349587;1.5;6.0;Подтянуты фундаментные болты;False;;2026-07-15 06:02:36.349587;2026-07-15 06:02:36.349587;;2026-07-15 06:05:47.347723;;2026-07-15 06:10:51.030419;;2026-07-15 07:19:46.718533;2026-07-15 07:19:46.718533;;2026-07-15 09:19:27.022789;;2026-10-05 09:51:33.151878;True;77.0;;;;;
59;59;unplanned;normal;CLOSED;Трещина сварного шва короба;;1;4;9;1;3;2026-07-15 19:30:39.697247;3.0;5.0;Трещина разделана и заварена, установлена накладка;False;;2026-07-15 11:30:39.697247;2026-07-15 11:30:39.697247;2026-07-15 11:35:47.902498;2026-07-15 13:35:26.665597;;2026-07-15 13:49:06.281575;;2026-07-15 16:37:08.441028;2026-07-15 16:37:08.441028;;2026-07-15 18:06:18.718657;;2026-10-05 09:51:33.151880;False;;;;;;
60;60;unplanned;high;CLOSED;Повышенный шум и нагрев подшипника;;3;18;8;1;4;2026-07-16 00:50:50.955697;4.0;2.0;Заменён подшипник, узел набит смазкой, проверена соосность;False;;2026-07-15 19:50:50.955697;2026-07-15 19:50:50.955697;;2026-07-15 19:57:50.766188;;2026-07-15 20:17:12.916342;;2026-07-15 23:06:04.507810;2026-07-15 23:06:04.507810;;2026-07-15 23:31:39.004927;;2026-10-05 09:51:33.151882;True;195.0;;;;;
61;61;planned;planned;CLOSED;ППР по графику: Дробилка КМД-1750;;1;1;10;2;3;2026-07-17 04:13:21.583691;1.0;19.0;Плановое ТО по графику ППР;False;;2026-07-16 04:13:21.583691;2026-07-16 04:13:21.583691;;2026-07-16 04:27:01.431820;;2026-07-16 06:25:17.051963;2026-07-16 04:57:17.051963;2026-07-16 06:56:29.483254;2026-07-16 06:56:29.483254;;2026-07-16 07:28:46.914779;;2026-10-05 09:51:33.151884;False;;;;;;
62;62;planned;planned;CLOSED;ППР по графику: Мельница шаровая МШЦ-4500×6000;;2;9;12;2;3;2026-07-17 05:22:34.766101;1.0;19.0;ППР: ревизия узлов, замена смазки, проверка зазоров;False;;2026-07-16 05:22:34.766101;2026-07-16 05:22:34.766101;;2026-07-16 06:26:51.075720;;2026-07-16 06:34:41.249456;;2026-07-16 08:23:42.192588;2026-07-16 08:23:42.192588;;2026-07-16 09:34:34.683605;;2026-10-05 09:51:33.151885;False;;;;;;
63;63;unplanned;normal;CLOSED;Двигатель не запускается;;3;18;15;3;3;2026-07-16 22:22:41.309693;5.0;7.0;Двигатель заменён на резервный, подключён, проверен под нагрузкой;False;;2026-07-16 14:22:41.309693;2026-07-16 14:22:41.309693;2026-07-16 14:31:18.887717;2026-07-16 16:10:55.931458;;2026-07-16 19:18:44.005845;2026-07-16 17:18:44.005845;2026-07-16 21:24:40.511443;2026-07-16 21:24:40.511443;;2026-07-16 22:41:50.062168;;2026-10-05 09:51:33.151887;False;;;;;;
64;64;unplanned;normal;CLOSED;Не подаётся смазка к узлам;;1;6;7;1;4;2026-07-16 23:43:37.185504;3.0;18.0;Восстановлена подача смазки, заменён питатель;False;;2026-07-16 15:43:37.185504;2026-07-16 15:43:37.185504;2026-07-16 15:52:03.486647;2026-07-16 16:51:12.844827;;2026-07-16 17:00:45.133567;;2026-07-16 20:25:39.737203;2026-07-16 20:25:39.737203;;2026-07-16 20:48:03.419411;;2026-10-05 09:51:33.151889;False;;;;;;
65;65;unplanned;normal;CLOSED;Ослаб крепёж опоры;;3;19;8;1;4;2026-07-17 00:00:27.814075;1.5;6.0;Протянут крепёж, заменены сорванные болты;False;;2026-07-16 16:00:27.814075;2026-07-16 16:00:27.814075;;2026-07-16 16:04:55.338810;;2026-07-16 16:13:28.667325;;2026-07-16 17:28:10.618237;2026-07-16 17:28:10.618237;;2026-07-16 17:45:58.290927;;2026-10-05 09:51:33.151891;False;;;;;;
66;66;unplanned;normal;CLOSED;Нагрев узла из-за недостатка смазки;;3;16;7;1;4;2026-07-17 03:16:34.331981;1.0;19.0;Узел смазан, проверен нагрев;False;;2026-07-16 19:16:34.331981;2026-07-16 19:16:34.331981;2026-07-16 19:23:39.832356;2026-07-16 20:26:00.175036;;2026-07-16 20:42:01.468337;;2026-07-16 21:42:11.247271;2026-07-16 21:42:11.247271;;2026-07-16 22:42:14.187030;;2026-10-05 09:51:33.151892;False;;;;;;
67;67;planned;planned;CLOSED;ППР по графику: Дробилка КСД-2200;;1;3;6;1;3;2026-07-18 04:50:42.823667;1.0;19.0;Плановый осмотр, протяжка крепежа, смазка узлов;False;;2026-07-17 04:50:42.823667;2026-07-17 04:50:42.823667;;2026-07-17 05:16:14.767297;;2026-07-17 06:33:24.791360;2026-07-17 05:46:24.791360;2026-07-17 06:55:59.278282;2026-07-17 06:55:59.278282;;2026-07-17 08:06:47.465492;;2026-10-05 09:51:33.151894;False;;;;;;
68;68;planned;planned;CLOSED;Плановая ревизия электрооборудования: Дробилка КСД-2200;;1;3;15;3;3;2026-07-18 08:32:32.939157;2.0;8.0;Плановая ревизия электрооборудования: протянуты контакты, замерена изоляция;True;;2026-07-17 08:32:32.939157;2026-07-17 08:32:32.939157;;2026-07-17 09:21:41.163470;;2026-07-17 09:41:36.480954;;2026-07-17 12:18:46.935103;2026-07-17 12:18:46.935103;;2026-07-17 13:16:32.976655;;2026-10-05 09:51:33.151895;False;;;;;;
69;69;unplanned;normal;CLOSED;Шум в редукторе, металлическая стружка в масле;;2;9;6;1;3;2026-07-17 18:43:17.468449;8.0;4.0;Ревизия редуктора, замена прокладок и масла;False;;2026-07-17 08:43:17.468449;2026-07-17 08:43:17.468449;;2026-07-17 08:47:29.111646;;2026-07-17 09:07:19.687030;;2026-07-17 19:09:10.146489;2026-07-17 19:09:10.146489;;2026-07-17 19:51:42.363315;;2026-10-05 09:51:33.151897;False;;;;;;
70;70;unplanned;high;CLOSED;Течь РВД;;2;13;5;1;3;2026-07-17 16:59:56.217453;1.5;13.0;Заменён РВД, протянуты соединения;False;;2026-07-17 12:59:56.217453;2026-07-17 12:59:56.217453;;2026-07-17 13:10:30.970720;;2026-07-17 13:25:58.040352;;2026-07-17 14:25:09.478680;2026-07-17 14:25:09.478680;;2026-07-17 15:22:00.433550;;2026-10-05 09:51:33.151899;True;85.0;;;;;
71;71;unplanned;emergency;CLOSED;Двигатель не запускается;;1;6;16;3;4;2026-07-17 21:46:17.357976;5.0;7.0;Заменены подшипники двигателя, проверена изоляция;False;;2026-07-17 15:31:17.357976;2026-07-17 15:31:17.357976;;2026-07-17 15:32:31.930603;;2026-07-17 15:37:56.184777;;2026-07-17 21:16:07.361642;2026-07-17 21:16:07.361642;;2026-07-17 21:48:38.464756;;2026-10-05 09:51:33.151900;True;344.0;;;;;
72;72;unplanned;high;CLOSED;Шипит воздух в магистрали;;4;25;8;1;4;2026-07-18 01:48:43.193139;1.0;15.0;Устранена утечка, протянуты соединения;False;;2026-07-17 21:48:43.193139;2026-07-17 21:48:43.193139;;2026-07-17 21:58:14.559423;;2026-07-17 22:15:55.381316;;2026-07-17 23:44:57.844165;2026-07-17 23:44:57.844165;;2026-07-18 01:26:12.939018;;2026-10-05 09:51:33.151902;True;116.0;;;;;
73;73;unplanned;normal;CLOSED;Подшипник греется, запах гари;;2;13;10;2;3;2026-07-18 12:20:56.890657;4.0;2.0;Заменён подшипник, узел набит смазкой, проверена соосность;False;;2026-07-18 04:20:56.890657;2026-07-18 04:20:56.890657;;2026-07-18 04:36:09.095637;;2026-07-18 04:44:46.693157;;2026-07-18 09:59:35.877614;2026-07-18 09:59:35.877614;;2026-07-18 10:25:52.374298;;2026-10-05 09:51:33.151904;False;;;;;;
74;74;planned;planned;CLOSED;ППР по графику: Железоотделитель ЭП-120;;1;7;5;1;3;2026-07-19 04:33:21.409942;1.0;19.0;Плановый осмотр, протяжка крепежа, смазка узлов;False;;2026-07-18 04:33:21.409942;2026-07-18 04:33:21.409942;;2026-07-18 05:33:32.335689;;2026-07-18 05:40:48.958686;;2026-07-18 07:18:56.356839;2026-07-18 07:18:56.356839;;2026-07-18 08:14:13.522254;;2026-10-05 09:51:33.151905;False;;;;;;
75;75;unplanned;normal;CLOSED;Шум насоса, падение давления;;1;6;10;2;3;2026-07-18 12:33:36.491616;6.0;12.0;Насос заменён, система прокачана, давление в норме;False;;2026-07-18 04:33:36.491616;2026-07-18 04:33:36.491616;;2026-07-18 04:51:25.010930;;2026-07-18 05:01:39.658589;;2026-07-18 13:16:13.883122;2026-07-18 13:16:13.883122;;2026-07-18 15:13:17.043311;;2026-10-05 09:51:33.151907;False;;;;;;
76;76;unplanned;normal;CLOSED;Повышенный шум и нагрев подшипника;;3;20;8;1;4;2026-07-19 05:59:45.436752;4.0;2.0;Демонтирован разрушенный подшипник, установлен новый, вибрация в норме;False;;2026-07-18 21:59:45.436752;2026-07-18 21:59:45.436752;;2026-07-18 22:06:10.323842;;2026-07-18 23:56:19.523398;2026-07-18 23:08:19.523398;2026-07-19 01:29:32.326589;2026-07-19 01:29:32.326589;;2026-07-19 02:50:44.136673;;2026-10-05 09:51:33.151908;False;;;;;;
77;77;unplanned;emergency;CLOSED;Ошибка станции централизованной смазки;;2;8;8;1;4;2026-07-19 02:54:05.728195;3.0;18.0;Восстановлена подача смазки, заменён питатель;False;;2026-07-18 23:09:05.728195;2026-07-18 23:09:05.728195;;2026-07-18 23:13:00.257195;;2026-07-18 23:17:46.505692;;2026-07-19 04:23:36.931987;2026-07-19 04:23:36.931987;;2026-07-19 04:57:51.339650;;2026-10-05 09:51:33.151910;True;314.0;;;;;
78;78;planned;planned;CLOSED;ППР по графику: Конвейер К-3;;3;18;6;1;3;2026-07-20 04:08:18.330133;1.0;19.0;Плановый осмотр, протяжка крепежа, смазка узлов;False;;2026-07-19 04:08:18.330133;2026-07-19 04:08:18.330133;2026-07-19 04:15:04.638966;2026-07-19 05:50:55.404210;;2026-07-19 08:26:13.337138;2026-07-19 06:30:13.337138;2026-07-19 09:19:49.595084;2026-07-19 09:19:49.595084;;2026-07-19 10:48:34.955981;;2026-10-05 09:51:33.151912;False;;;;;;
79;79;unplanned;emergency;CLOSED;Течь масла на насосе;;1;1;12;2;3;2026-07-19 11:25:47.314092;1.5;13.0;Заменён РВД, протянуты соединения;False;;2026-07-19 09:25:47.314092;2026-07-19 09:25:47.314092;;2026-07-19 09:26:49.508434;;2026-07-19 09:29:32.984498;;2026-07-19 10:45:45.785264;2026-07-19 10:45:45.785264;;2026-07-19 12:00:21.173710;;2026-10-05 09:51:33.151914;True;79.0;;;;;
80;80;unplanned;normal;CLOSED;Повышенная вибрация привода;;1;5;5;1;3;2026-07-19 21:03:11.481486;1.5;6.0;Подтянуты фундаментные болты;False;;2026-07-19 13:03:11.481486;2026-07-19 13:03:11.481486;;2026-07-19 13:32:49.835609;;2026-07-19 13:36:01.240653;;2026-07-19 14:40:25.000069;2026-07-19 14:40:25.000069;;2026-07-19 14:55:03.737304;;2026-10-05 09:51:33.151915;False;;;;;;
81;81;unplanned;normal;CLOSED;Распределитель травит воздух;;4;25;8;1;4;2026-07-20 01:04:13.554138;1.5;17.0;Распределитель очищен и проверен;False;;2026-07-19 17:04:13.554138;2026-07-19 17:04:13.554138;2026-07-19 17:12:20.812694;2026-07-19 17:52:22.199657;;2026-07-19 20:23:02.905034;;2026-07-19 21:50:59.531405;2026-07-19 21:50:59.531405;2026-07-19 19:48:23.754359;2026-07-19 23:36:30.614465;;2026-10-05 09:51:33.151917;False;;;;;;
82;82;planned;planned;CLOSED;ППР по графику: Питатель пластинчатый ПП-2-12;;1;4;6;1;3;2026-07-21 05:04:20.842258;1.0;19.0;ППР: ревизия узлов, замена смазки, проверка зазоров;False;;2026-07-20 05:04:20.842258;2026-07-20 05:04:20.842258;;2026-07-20 05:44:12.212895;;2026-07-20 05:59:23.806747;;2026-07-20 07:02:13.031228;2026-07-20 07:02:13.031228;;2026-07-20 08:10:28.472605;;2026-10-05 09:51:33.151920;False;;;;;;
83;83;unplanned;normal;CLOSED;Повреждён питающий кабель;;2;11;13;2;3;2026-07-20 19:01:21.587104;3.0;9.0;Проложен новый кабель, замерено сопротивление изоляции;False;;2026-07-20 11:01:21.587104;2026-07-20 11:01:21.587104;2026-07-20 11:09:08.006497;2026-07-20 12:39:48.962712;;2026-07-20 12:57:31.201297;;2026-07-20 17:53:47.560979;2026-07-20 17:53:47.560979;;2026-07-20 19:43:58.761637;;2026-10-05 09:51:33.151921;False;;;;;;
84;84;unplanned;high;CLOSED;Подшипник греется, запах гари;;1;2;7;1;4;2026-07-20 21:35:18.296168;4.0;2.0;Демонтирован разрушенный подшипник, установлен новый, вибрация в норме;False;;2026-07-20 16:35:18.296168;2026-07-20 16:35:18.296168;;2026-07-20 16:46:16.530208;;2026-07-20 16:59:19.032836;;2026-07-20 23:08:35.890702;2026-07-20 23:08:35.890702;;2026-07-21 00:07:12.680893;;2026-10-05 09:51:33.151923;True;393.0;;;;;
85;85;unplanned;high;CLOSED;Износ брони, снижение производительности;;1;2;7;2;4;2026-07-21 09:39:34.585296;6.0;1.0;Заменены изношенные плиты футеровки, крепёж протянут;False;;2026-07-21 02:09:34.585296;2026-07-21 02:27:10.512188;;2026-07-21 02:31:26.456846;2026-07-21 02:16:27.831975;2026-07-21 14:05:17.907314;2026-07-21 07:44:21.315410;2026-07-21 14:39:40.592298;2026-07-21 14:39:40.592298;2026-07-21 13:09:17.613102;2026-07-21 14:52:53.702464;;2026-10-05 09:51:33.151925;True;750.0;;;;;
86;86;planned;planned;CLOSED;ППР по графику: Конвейер К-1;;3;16;5;1;3;2026-07-22 04:35:48.802498;1.0;19.0;Плановый осмотр, протяжка крепежа, смазка узлов;False;;2026-07-21 04:35:48.802498;2026-07-21 04:35:48.802498;;2026-07-21 06:01:43.002202;;2026-07-21 06:09:58.665667;;2026-07-21 06:53:15.825551;2026-07-21 06:53:15.825551;;2026-07-21 07:22:09.530405;;2026-10-05 09:51:33.151928;False;;;;;;
87;87;unplanned;normal;CLOSED;Повышенный шум и нагрев подшипника;;1;2;12;2;3;2026-07-21 14:58:31.446424;4.0;2.0;Заменён подшипник, узел набит смазкой, проверена соосность;False;;2026-07-21 06:58:31.446424;2026-07-21 06:58:31.446424;2026-07-21 07:04:03.711871;2026-07-21 08:56:04.209379;;2026-07-21 09:04:39.989447;;2026-07-21 13:23:46.712959;2026-07-21 13:23:46.712959;;2026-07-21 13:48:43.734600;;2026-10-05 09:51:33.151930;False;;;;;;
88;88;unplanned;normal;CLOSED;Течь РВД;;1;6;10;2;3;2026-07-21 18:31:53.766556;1.5;13.0;Заменён РВД, протянуты соединения;False;;2026-07-21 10:31:53.766556;2026-07-21 10:31:53.766556;2026-07-21 10:37:20.371467;2026-07-21 11:47:21.664179;;2026-07-21 11:57:35.165607;;2026-07-21 14:06:54.524434;2026-07-21 14:06:54.524434;;2026-07-21 15:30:50.354591;;2026-10-05 09:51:33.151931;False;;;;;;
89;89;unplanned;emergency;CLOSED;Стук в подшипниковом узле, вибрация;;2;10;18;3;4;2026-07-21 22:51:03.841737;4.0;2.0;Заменён подшипник, узел набит смазкой, проверена соосность;False;;2026-07-21 17:51:03.841737;2026-07-21 17:51:03.841737;;2026-07-21 17:54:05.615097;;2026-07-21 17:55:41.380450;;2026-07-21 21:19:02.716841;2026-07-21 21:19:02.716841;;2026-07-21 21:59:40.937834;;2026-10-05 09:51:33.151933;True;207.0;;;;;
90;90;unplanned;high;CLOSED;Залипает контактор;;2;10;19;3;4;2026-07-21 22:16:04.856594;2.0;8.0;Заменён автомат, протянуты клеммы;False;;2026-07-21 18:16:04.856594;2026-07-21 18:16:04.856594;;2026-07-21 18:27:30.791629;;2026-07-21 18:35:55.376720;;2026-07-21 20:03:53.098704;2026-07-21 20:03:53.098704;;2026-07-21 20:55:58.476390;;2026-10-05 09:51:33.151934;False;;;;;;
91;91;planned;planned;CLOSED;ППР по графику: Насос шламовый ГрАТ-1400;;2;13;12;2;3;2026-07-23 04:10:54.547768;1.0;19.0;ППР: ревизия узлов, замена смазки, проверка зазоров;False;;2026-07-22 04:10:54.547768;2026-07-22 04:10:54.547768;;2026-07-22 04:28:36.949185;;2026-07-22 04:31:59.587825;;2026-07-22 06:12:54.826884;2026-07-22 06:12:54.826884;;2026-07-22 07:57:28.664143;;2026-10-05 09:51:33.151936;False;;;;;;
92;92;unplanned;normal;CLOSED;Повышенный шум и нагрев подшипника;;3;19;7;1;4;2026-07-23 03:34:15.148228;4.0;2.0;Заменён подшипник, узел набит смазкой, проверена соосность;False;;2026-07-22 19:34:15.148228;2026-07-22 19:34:15.148228;2026-07-22 19:39:18.210608;2026-07-22 21:50:10.630064;;2026-07-23 04:52:02.928039;;2026-07-23 05:22:59.434058;2026-07-23 05:22:59.434058;2026-07-23 04:13:56.161805;2026-07-23 06:38:00.331841;;2026-10-05 09:51:33.151938;False;;;;;;
93;93;unplanned;normal;CLOSED;Редуктор гудит, люфт вала;;3;20;18;3;4;2026-07-23 06:22:01.297842;8.0;4.0;Ревизия редуктора, замена прокладок и масла;False;;2026-07-22 20:22:01.297842;2026-07-22 20:22:01.297842;2026-07-22 20:28:20.148086;2026-07-22 21:05:00.092982;;2026-07-22 21:13:35.815884;;2026-07-23 08:39:48.821349;2026-07-23 08:39:48.821349;;2026-07-23 08:57:01.122907;;2026-10-05 09:51:33.151940;False;;;;;;
94;94;unplanned;high;CLOSED;Узел работает всухую, скрип;;3;17;11;1;4;2026-07-23 05:34:57.378974;1.0;19.0;Выполнена смазка узлов, заменены пресс-маслёнки;False;;2026-07-23 01:34:57.378974;2026-07-23 01:47:01.527715;;2026-07-23 01:51:41.499046;2026-07-23 01:38:54.781036;2026-07-23 02:06:13.134200;;2026-07-23 03:00:42.546225;2026-07-23 03:00:42.546225;;2026-07-23 03:50:40.552640;;2026-10-05 09:51:33.151942;True;85.0;;;;;
95;95;planned;planned;CLOSED;ППР по графику: Дробилка ККД-1500;;1;2;6;1;3;2026-07-24 05:12:14.534849;1.0;19.0;Плановое ТО по графику ППР;False;;2026-07-23 05:12:14.534849;2026-07-23 05:12:14.534849;;2026-07-23 06:40:10.249716;;2026-07-23 06:43:31.596592;;2026-07-23 07:57:51.179695;2026-07-23 07:57:51.179695;;2026-07-23 08:37:55.388245;;2026-10-05 09:51:33.151944;False;;;;;;
96;96;planned;planned;CLOSED;ППР по графику: Конвейер К-4;;3;19;6;1;3;2026-07-24 05:30:37.909416;1.0;19.0;Плановое ТО по графику ППР;False;;2026-07-23 05:30:37.909416;2026-07-23 05:30:37.909416;;2026-07-23 05:46:45.885056;;2026-07-23 06:03:35.523122;;2026-07-23 07:03:47.001213;2026-07-23 07:03:47.001213;;2026-07-23 08:22:50.771194;;2026-10-05 09:51:33.151945;False;;;;;;
97;97;planned;planned;CLOSED;Плановая ревизия электрооборудования: Дробилка КМД-1750;;1;1;15;3;3;2026-07-24 06:15:38.939392;2.0;8.0;Плановая ревизия электрооборудования: протянуты контакты, замерена изоляция;True;;2026-07-23 06:15:38.939392;2026-07-23 06:15:38.939392;2026-07-23 06:25:18.482612;2026-07-23 08:21:47.705098;;2026-07-23 08:32:12.384036;;2026-07-23 11:40:17.321232;2026-07-23 11:40:17.321232;;2026-07-23 13:10:12.980684;;2026-10-05 09:51:33.151947;False;;;;;;
98;98;planned;planned;CLOSED;Плановая ревизия электрооборудования: Мельница шаровая МШЦ-3600×5500;;2;8;15;3;3;2026-07-24 08:11:14.569418;2.0;8.0;Плановая ревизия электрооборудования: протянуты контакты, замерена изоляция;True;;2026-07-23 08:11:14.569418;2026-07-23 08:11:14.569418;;2026-07-23 08:33:03.739124;;2026-07-23 08:37:46.249590;;2026-07-23 10:54:02.965535;2026-07-23 10:54:02.965535;;2026-07-23 12:37:06.347622;;2026-10-05 09:51:33.151949;False;;;;;;
99;99;unplanned;normal;CLOSED;Ослаб крепёж опоры;;4;24;11;2;4;2026-07-24 01:32:20.621931;1.5;6.0;Протянут крепёж, заменены сорванные болты;False;;2026-07-23 17:32:20.621931;2026-07-23 17:32:20.621931;;2026-07-23 17:46:18.124753;;2026-07-23 17:50:20.768016;;2026-07-23 19:04:18.913756;2026-07-23 19:04:18.913756;;2026-07-23 20:42:42.265764;;2026-10-05 09:51:33.151951;False;;;;;;
100;100;unplanned;normal;CLOSED;Не включается пускатель;;3;17;19;3;4;2026-07-24 01:51:18.095791;2.0;8.0;Заменён контактор, проверена схема управления;False;;2026-07-23 17:51:18.095791;2026-07-23 17:51:18.095791;;2026-07-23 18:15:25.314458;;2026-07-23 18:18:25.067913;;2026-07-23 20:56:48.773061;2026-07-23 20:56:48.773061;;2026-07-23 22:27:36.343748;;2026-10-05 09:51:33.151953;False;;;;;;
101;101;unplanned;high;CLOSED;Плановая замена масла по анализу;;1;6;7;1;4;2026-07-24 00:06:50.408595;3.0;14.0;Слито загрязнённое масло, залито новое;False;;2026-07-23 20:06:50.408595;2026-07-23 20:06:50.408595;;2026-07-23 20:14:50.301384;;2026-07-23 20:30:45.347539;;2026-07-23 22:26:46.140672;2026-07-23 22:26:46.140672;;2026-07-24 00:11:41.280234;;2026-10-05 09:51:33.151956;False;;;;;;
102;102;unplanned;high;CLOSED;Короткое замыкание в цепи управления;;2;11;14;2;4;2026-07-24 01:18:25.156994;2.5;10.0;Найдено и устранено КЗ, заменены предохранители;False;;2026-07-23 21:18:25.156994;2026-07-23 21:18:25.156994;;2026-07-23 21:25:52.604014;;2026-07-23 21:36:25.446468;;2026-07-23 23:43:08.354593;2026-07-23 23:43:08.354593;;2026-07-24 01:19:54.452484;;2026-10-05 09:51:33.151959;True;144.0;;;;;
103;103;unplanned;emergency;CLOSED;Шум насоса, падение давления;;1;2;7;1;4;2026-07-24 06:39:03.710751;6.0;12.0;Насос заменён, система прокачана, давление в норме;False;;2026-07-23 23:09:03.710751;2026-07-23 23:09:03.710751;;2026-07-23 23:10:59.379081;;2026-07-23 23:16:46.924165;;2026-07-24 03:55:35.618150;2026-07-24 03:55:35.618150;;2026-07-24 05:43:31.246553;;2026-10-05 09:51:33.151961;True;286.0;;;;;
104;104;unplanned;normal;CLOSED;Сход ленты, задевает раму;;3;20;18;3;4;2026-07-24 10:29:36.376327;5.0;3.0;Заменён участок ленты, отцентрирована лента, заменены ролики;False;;2026-07-24 02:29:36.376327;2026-07-24 02:29:36.376327;;2026-07-24 02:33:31.264651;;2026-07-24 02:51:07.024806;;2026-07-24 07:44:06.236222;2026-07-24 07:44:06.236222;;2026-07-24 09:17:55.274161;;2026-10-05 09:51:33.151962;False;;;;;;
105;105;planned;planned;CLOSED;ППР по графику: Компрессор ВВ-0,8/8;;4;25;10;2;3;2026-07-25 05:09:08.723878;1.0;19.0;Плановый осмотр, протяжка крепежа, смазка узлов;False;;2026-07-24 05:09:08.723878;2026-07-24 05:09:08.723878;;2026-07-24 05:30:01.966550;;2026-07-24 08:14:30.944887;2026-07-24 05:56:30.944887;2026-07-24 08:56:21.988432;2026-07-24 08:56:21.988432;;2026-07-24 09:28:13.168982;;2026-10-05 09:51:33.151985;False;;;;;;
106;106;planned;planned;CLOSED;ППР по графику: Насос гидравлический Н-7;;2;14;12;2;3;2026-07-25 05:43:17.613856;1.0;19.0;Плановый осмотр, протяжка крепежа, смазка узлов;False;;2026-07-24 05:43:17.613856;2026-07-24 05:43:17.613856;;2026-07-24 06:23:28.749992;;2026-07-24 09:32:48.035955;2026-07-24 07:06:48.035955;2026-07-24 09:59:51.251870;2026-07-24 09:59:51.251870;;2026-07-24 11:15:53.843894;;2026-10-05 09:51:33.151987;False;;;;;;
107;107;planned;planned;CLOSED;ППР по графику: Сепаратор магнитный ПБМ-120/300;;2;10;10;2;3;2026-07-25 05:45:09.846911;1.0;19.0;ППР: ревизия узлов, замена смазки, проверка зазоров;False;;2026-07-24 05:45:09.846911;2026-07-24 05:45:09.846911;;2026-07-24 07:10:56.615752;;2026-07-24 07:15:03.354312;;2026-07-24 08:27:18.780014;2026-07-24 08:27:18.780014;;2026-07-24 09:19:20.465214;;2026-10-05 09:51:33.151988;False;;;;;;
108;108;unplanned;normal;CLOSED;Повышенный шум и нагрев подшипника;;2;8;10;2;3;2026-07-24 14:55:47.719088;4.0;2.0;Демонтирован разрушенный подшипник, установлен новый, вибрация в норме;False;;2026-07-24 06:55:47.719088;2026-07-24 06:55:47.719088;2026-07-24 07:02:53.400960;2026-07-24 08:17:16.382691;;2026-07-24 08:26:37.588721;;2026-07-24 11:35:29.549079;2026-07-24 11:35:29.549079;;2026-07-24 13:03:25.339979;;2026-10-05 09:51:33.151990;False;;;;;;
109;109;unplanned;high;CLOSED;Двигатель не запускается;;1;2;17;3;3;2026-07-24 17:43:33.360510;5.0;7.0;Двигатель заменён на резервный, подключён, проверен под нагрузкой;False;;2026-07-24 11:28:33.360510;2026-07-24 11:28:33.360510;;2026-07-24 11:33:53.078034;;2026-07-24 14:37:11.613071;2026-07-24 13:29:11.613071;2026-07-24 19:23:24.823744;2026-07-24 19:23:24.823744;;2026-07-24 20:51:32.510537;;2026-10-05 09:51:33.151991;False;;;;;;
110;110;unplanned;high;CLOSED;Не включается пускатель;;2;8;16;3;4;2026-07-24 19:15:56.385222;2.0;8.0;Заменён контактор, проверена схема управления;False;;2026-07-24 15:15:56.385222;2026-07-24 15:15:56.385222;;2026-07-24 15:22:55.911592;;2026-07-24 15:42:27.152801;;2026-07-24 17:24:14.913900;2026-07-24 17:24:14.913900;;2026-07-24 18:28:17.327446;;2026-10-05 09:51:33.151993;True;128.0;;;;;
111;111;unplanned;emergency;CLOSED;Двигатель греется, срабатывает тепловая защита;;3;20;14;2;4;2026-07-24 22:29:35.527566;5.0;7.0;Заменены подшипники двигателя, проверена изоляция;False;;2026-07-24 16:14:35.527566;2026-07-24 16:14:35.527566;;2026-07-24 16:16:02.279311;;2026-07-24 16:18:11.237475;;2026-07-24 20:00:07.687191;2026-07-24 20:00:07.687191;;2026-07-24 20:32:32.329687;;2026-10-05 09:51:33.151995;True;225.0;;;;;
112;112;unplanned;emergency;CLOSED;Шум в редукторе, металлическая стружка в масле;;2;8;11;2;4;2026-07-25 02:34:55.205622;8.0;4.0;Ревизия редуктора, замена прокладок и масла;False;;2026-07-24 16:34:55.205622;2026-07-24 16:34:55.205622;;2026-07-24 16:38:10.194219;;2026-07-24 16:43:16.965746;;2026-07-25 01:28:35.091606;2026-07-25 01:28:35.091606;;2026-07-25 03:26:31.899143;;2026-10-05 09:51:33.151996;True;533.0;;;;;
113;113;unplanned;normal;CLOSED;Стук в подшипниковом узле, вибрация;;2;11;7;1;4;2026-07-25 02:18:27.896143;4.0;2.0;Заменён подшипник, узел набит смазкой, проверена соосность;False;;2026-07-24 18:18:27.896143;2026-07-24 18:18:27.896143;2026-07-24 18:22:22.606844;2026-07-24 18:46:07.827961;;2026-07-24 18:56:24.879796;;2026-07-25 00:16:14.184241;2026-07-25 00:16:14.184241;;2026-07-25 01:54:24.466796;;2026-10-05 09:51:33.151998;False;;;;;;
114;114;unplanned;emergency;CLOSED;Узел работает всухую, скрип;;4;23;7;1;4;2026-07-24 23:20:57.958338;1.0;19.0;Узел смазан, проверен нагрев;False;;2026-07-24 21:20:57.958338;2026-07-24 21:20:57.958338;;2026-07-24 21:23:46.370813;;2026-07-24 21:25:14.136116;;2026-07-24 22:21:46.348555;2026-07-24 22:21:46.348555;;2026-07-24 23:59:53.611335;;2026-10-05 09:51:33.152000;True;60.0;;;;;
115;115;unplanned;high;CLOSED;Подшипник греется, запах гари;;3;18;9;1;3;2026-07-25 08:32:55.165189;4.0;2.0;Демонтирован разрушенный подшипник, установлен новый, вибрация в норме;False;;2026-07-25 03:32:55.165189;2026-07-25 03:32:55.165189;;2026-07-25 03:43:14.396914;;2026-07-25 03:54:28.062398;;2026-07-25 07:44:15.088910;2026-07-25 07:44:15.088910;;2026-07-25 09:05:29.318984;;2026-10-05 09:51:33.152002;False;;;;;;
116;116;planned;planned;CLOSED;ППР по графику: Мельница шаровая МШЦ-3600×5500;;2;8;10;2;3;2026-07-26 05:20:25.261256;1.0;19.0;ППР: ревизия узлов, замена смазки, проверка зазоров;False;;2026-07-25 05:20:25.261256;2026-07-25 05:20:25.261256;;2026-07-25 06:22:11.943134;;2026-07-25 06:25:42.630844;;2026-07-25 07:24:43.439908;2026-07-25 07:24:43.439908;;2026-07-25 08:35:20.002484;;2026-10-05 09:51:33.152004;False;;;;;;
117;117;unplanned;high;CLOSED;Подшипник греется, запах гари;;3;17;5;1;3;2026-07-25 18:22:20.357783;4.0;2.0;Демонтирован разрушенный подшипник, установлен новый, вибрация в норме;False;;2026-07-25 13:22:20.357783;2026-07-25 13:22:20.357783;;2026-07-25 13:30:56.870935;;2026-07-25 17:09:21.103233;2026-07-25 15:05:21.103233;2026-07-25 19:25:25.021515;2026-07-25 19:25:25.021515;;2026-07-25 21:16:24.560232;;2026-10-05 09:51:33.152005;False;;;;;;
118;118;unplanned;normal;CLOSED;Не подаётся смазка к узлам;;1;6;7;1;4;2026-07-26 02:10:21.491652;3.0;18.0;Промыты магистрали, станция смазки запущена;False;;2026-07-25 18:10:21.491652;2026-07-25 18:10:21.491652;;2026-07-25 18:36:53.509240;;2026-07-25 18:40:48.346351;;2026-07-25 22:02:07.315672;2026-07-25 22:02:07.315672;;2026-07-25 23:59:15.200160;;2026-10-05 09:51:33.152007;False;;;;;;
119;119;unplanned;high;CLOSED;Порыв ленты на стыке;;3;17;10;2;3;2026-07-26 09:20:29.923785;5.0;3.0;Заменён участок ленты, отцентрирована лента, заменены ролики;False;;2026-07-26 03:05:29.923785;2026-07-26 03:05:29.923785;;2026-07-26 03:08:37.071286;;2026-07-26 07:27:52.480979;;2026-07-26 08:39:35.361942;2026-07-26 08:39:35.361942;2026-07-26 06:32:45.234970;2026-07-26 10:24:10.018482;;2026-10-05 09:51:33.152010;False;;;;;;
120;120;unplanned;normal;CLOSED;Не подаётся смазка к узлам;;1;2;6;1;3;2026-07-26 12:25:59.488069;3.0;18.0;Промыты магистрали, станция смазки запущена;False;;2026-07-26 04:25:59.488069;2026-07-26 04:25:59.488069;;2026-07-26 04:38:00.325160;;2026-07-26 04:41:51.201763;;2026-07-26 08:43:20.650408;2026-07-26 08:43:20.650408;;2026-07-26 09:51:27.488547;;2026-10-05 09:51:33.152011;False;;;;;;
121;121;planned;planned;CLOSED;ППР по графику: Конвейер наклонный К-5;;3;20;6;1;3;2026-07-27 04:44:48.627618;1.0;19.0;Плановое ТО по графику ППР;False;;2026-07-26 04:44:48.627618;2026-07-26 04:44:48.627618;;2026-07-26 05:16:14.302198;;2026-07-26 05:29:54.466507;;2026-07-26 06:40:46.967964;2026-07-26 06:40:46.967964;;2026-07-26 08:06:07.796921;;2026-10-05 09:51:33.152013;False;;;;;;
122;122;planned;planned;CLOSED;ППР по графику: Сепаратор магнитный ПБМ-150/200;;2;11;12;2;3;2026-07-27 04:55:03.733339;1.0;19.0;ППР: ревизия узлов, замена смазки, проверка зазоров;False;;2026-07-26 04:55:03.733339;2026-07-26 04:55:03.733339;2026-07-26 05:02:27.881339;2026-07-26 07:27:14.347612;;2026-07-26 07:44:14.074817;;2026-07-26 09:06:18.575086;2026-07-26 09:06:18.575086;;2026-07-26 09:30:30.612343;;2026-10-05 09:51:33.152015;False;;;;;;
123;123;planned;planned;CLOSED;ППР по графику: Грохот ГИТ-71;;1;5;5;1;3;2026-07-27 05:14:13.342217;1.0;19.0;Плановое ТО по графику ППР;False;;2026-07-26 05:14:13.342217;2026-07-26 05:14:13.342217;;2026-07-26 06:27:42.058005;;2026-07-26 06:46:40.557079;;2026-07-26 07:46:26.405966;2026-07-26 07:46:26.405966;;2026-07-26 08:33:35.455346;;2026-10-05 09:51:33.152017;False;;;;;;
124;124;planned;planned;CLOSED;Плановая ревизия электрооборудования: Насос гидравлический Н-7;;2;14;15;3;3;2026-07-27 07:01:13.895109;2.0;8.0;Плановая ревизия электрооборудования: протянуты контакты, замерена изоляция;True;;2026-07-26 07:01:13.895109;2026-07-26 07:01:13.895109;2026-07-26 07:04:14.906754;2026-07-26 07:57:45.919454;;2026-07-26 08:05:53.469605;;2026-07-26 09:57:27.002457;2026-07-26 09:57:27.002457;;2026-07-26 11:43:33.393915;;2026-10-05 09:51:33.152019;False;;;;;;
125;125;unplanned;normal;CLOSED;Насос не создаёт давление;;1;6;5;1;3;2026-07-26 18:22:46.564943;6.0;12.0;Ревизия насоса, замена уплотнений и фильтра;False;;2026-07-26 10:22:46.564943;2026-07-26 10:22:46.564943;;2026-07-26 10:48:29.952041;;2026-07-26 10:52:29.757354;;2026-07-26 14:33:53.913355;2026-07-26 14:33:53.913355;;2026-07-26 15:38:43.293958;;2026-10-05 09:51:33.152021;False;;;;;;
126;126;unplanned;high;CLOSED;Ослаб крепёж опоры;;3;17;5;1;3;2026-07-26 15:53:44.037652;1.5;6.0;Подтянуты фундаментные болты;False;;2026-07-26 11:53:44.037652;2026-07-26 11:53:44.037652;;2026-07-26 12:04:13.194707;;2026-07-26 12:14:07.431845;;2026-07-26 13:29:39.514983;2026-07-26 13:29:39.514983;;2026-07-26 15:02:32.662312;;2026-10-05 09:51:33.152023;True;95.0;;;;;
127;127;unplanned;normal;CLOSED;Шум в редукторе, металлическая стружка в масле;;1;1;10;2;3;2026-07-27 00:00:32.950332;8.0;4.0;Ревизия редуктора, замена прокладок и масла;False;;2026-07-26 14:00:32.950332;2026-07-26 14:00:32.950332;;2026-07-26 14:27:47.816049;;2026-07-26 14:46:55.803833;;2026-07-26 22:58:47.706339;2026-07-26 22:58:47.706339;;2026-07-26 23:12:52.524981;;2026-10-05 09:51:33.152025;False;;;;;;
128;128;unplanned;emergency;CLOSED;Износ футеровки, стук при работе;;3;21;8;1;4;2026-07-26 23:31:24.717556;6.0;1.0;Замена брони, проверена затяжка болтов;False;;2026-07-26 16:01:24.717556;2026-07-26 16:01:24.717556;;2026-07-26 16:05:21.126029;;2026-07-26 16:10:20.847259;;2026-07-26 20:26:44.822644;2026-07-26 20:26:44.822644;;2026-07-26 22:14:22.849047;;2026-10-05 09:51:33.152027;True;265.0;;;;;
129;129;planned;planned;CLOSED;ППР по графику: Фильтр дисковый ДУ-100;;2;15;12;2;3;2026-07-28 05:45:06.141171;1.0;19.0;Плановое ТО по графику ППР;False;;2026-07-27 05:45:06.141171;2026-07-27 05:45:06.141171;;2026-07-27 06:57:37.644018;;2026-07-27 08:59:10.344612;2026-07-27 07:23:10.344612;2026-07-27 09:37:59.648957;2026-07-27 09:37:59.648957;;2026-07-27 10:05:35.829403;;2026-10-05 09:51:33.152029;False;;;;;;
130;130;planned;planned;CLOSED;ППР по графику: Конвейер К-2;;3;17;5;1;3;2026-07-28 05:51:29.510037;1.0;19.0;Плановое ТО по графику ППР;False;;2026-07-27 05:51:29.510037;2026-07-27 05:51:29.510037;;2026-07-27 06:22:11.222902;;2026-07-27 06:39:10.030208;;2026-07-27 07:30:08.115783;2026-07-27 07:30:08.115783;;2026-07-27 08:43:06.188632;;2026-10-05 09:51:33.152031;False;;;;;;
131;131;unplanned;high;CLOSED;Повреждён питающий кабель;;4;24;13;2;3;2026-07-27 13:19:16.114841;3.0;9.0;Проложен новый кабель, замерено сопротивление изоляции;False;;2026-07-27 09:19:16.114841;2026-07-27 09:19:16.114841;;2026-07-27 09:26:55.473177;;2026-07-27 09:45:01.359187;;2026-07-27 13:10:18.882854;2026-07-27 13:10:18.882854;;2026-07-27 14:50:49.644826;;2026-10-05 09:51:33.152033;True;231.0;;;;;
132;132;unplanned;normal;CLOSED;Нагрев узла из-за недостатка смазки;;3;18;10;2;3;2026-07-27 19:49:07.265774;1.0;19.0;Выполнена смазка узлов, заменены пресс-маслёнки;False;;2026-07-27 11:49:07.265774;2026-07-27 11:49:07.265774;;2026-07-27 11:54:20.020179;;2026-07-27 11:57:27.189345;;2026-07-27 13:23:08.202451;2026-07-27 13:23:08.202451;;2026-07-27 14:48:55.720337;;2026-10-05 09:51:33.152035;False;;;;;;
133;133;unplanned;normal;CLOSED;Двигатель греется, срабатывает тепловая защита;;1;5;15;3;3;2026-07-27 20:47:43.083103;5.0;7.0;Двигатель заменён на резервный, подключён, проверен под нагрузкой;False;;2026-07-27 12:47:43.083103;2026-07-27 12:47:43.083103;2026-07-27 12:55:07.104410;2026-07-27 13:31:56.308876;;2026-07-27 13:46:37.195536;;2026-07-27 19:52:15.340583;2026-07-27 19:52:15.340583;;2026-07-27 20:15:12.439191;;2026-10-05 09:51:33.152036;False;;;;;;
134;134;planned;planned;CLOSED;ППР по графику: Маслостанция дробилки НМШ-5;;1;6;6;1;3;2026-07-29 05:32:46.092054;1.0;19.0;ППР: ревизия узлов, замена смазки, проверка зазоров;False;;2026-07-28 05:32:46.092054;2026-07-28 05:32:46.092054;;2026-07-28 06:21:38.534649;;2026-07-28 07:56:53.684484;2026-07-28 06:59:53.684484;2026-07-28 08:15:34.306569;2026-07-28 08:15:34.306569;;2026-07-28 10:04:36.202670;;2026-10-05 09:51:33.152038;False;;;;;;
135;135;unplanned;normal;CLOSED;Двигатель греется, срабатывает тепловая защита;;4;23;15;3;3;2026-07-28 17:17:09.866659;5.0;7.0;Двигатель заменён на резервный, подключён, проверен под нагрузкой;False;;2026-07-28 09:17:09.866659;2026-07-28 09:17:09.866659;2026-07-28 09:19:24.668693;2026-07-28 11:02:09.058744;;2026-07-28 11:17:51.671827;;2026-07-28 16:47:33.381140;2026-07-28 16:47:33.381140;;2026-07-28 18:32:48.674724;;2026-10-05 09:51:33.152040;False;;;;;;
136;136;unplanned;high;CLOSED;Подшипник греется, запах гари;;2;11;5;1;3;2026-07-28 15:13:30.316472;4.0;2.0;Демонтирован разрушенный подшипник, установлен новый, вибрация в норме;False;;2026-07-28 10:13:30.316472;2026-07-28 10:13:30.316472;;2026-07-28 10:21:56.664986;;2026-07-28 10:25:28.629180;;2026-07-28 16:52:15.154916;2026-07-28 16:52:15.154916;;2026-07-28 18:19:52.231751;;2026-10-05 09:51:33.152042;False;;;;;;
137;137;unplanned;high;CLOSED;Распределитель травит воздух;;4;25;11;2;4;2026-07-28 23:43:25.747669;1.5;17.0;Распределитель очищен и проверен;False;;2026-07-28 19:43:25.747669;2026-07-28 19:43:25.747669;;2026-07-28 19:54:02.932270;;2026-07-28 19:56:28.056578;;2026-07-28 21:21:55.920158;2026-07-28 21:21:55.920158;;2026-07-28 23:16:40.207360;;2026-10-05 09:51:33.152044;True;98.0;;;;;
138;138;unplanned;normal;CLOSED;Порыв ленты на стыке;;3;18;8;1;4;2026-07-29 08:23:14.205691;5.0;3.0;Выполнена стыковка ленты, отрегулирован ход;False;;2026-07-29 00:23:14.205691;2026-07-29 00:23:14.205691;2026-07-29 00:24:45.796653;2026-07-29 01:35:27.326401;;2026-07-29 01:43:12.971182;;2026-07-29 06:25:11.442169;2026-07-29 06:25:11.442169;;2026-07-29 07:26:19.277488;;2026-10-05 09:51:33.152046;False;;;;;;
139;139;unplanned;high;CLOSED;Трещина на раме;;3;21;9;1;3;2026-07-29 08:09:53.425814;3.0;5.0;Шов переварен, усилен косынками;False;;2026-07-29 04:09:53.425814;2026-07-29 04:09:53.425814;;2026-07-29 04:20:45.119352;;2026-07-29 04:27:35.811869;;2026-07-29 06:44:30.232390;2026-07-29 06:44:30.232390;;2026-07-29 08:20:31.588564;;2026-10-05 09:51:33.152047;True;154.0;;;;;
140;140;unplanned;high;CLOSED;Ошибка станции централизованной смазки;;1;6;11;2;4;2026-07-29 21:19:22.149967;3.0;18.0;Восстановлена подача смазки, заменён питатель;False;;2026-07-29 17:19:22.149967;2026-07-29 17:19:22.149967;;2026-07-29 17:30:58.818633;;2026-07-29 21:21:58.463497;2026-07-29 19:35:58.463497;2026-07-29 23:00:21.172529;2026-07-29 23:00:21.172529;;2026-07-29 23:43:25.385629;;2026-10-05 09:51:33.152049;False;;;;;;
141;141;unplanned;normal;CLOSED;Шум в редукторе, металлическая стружка в масле;;4;23;10;2;3;2026-07-30 13:51:23.016353;8.0;4.0;Ревизия редуктора, замена прокладок и масла;False;;2026-07-30 03:51:23.016353;2026-07-30 03:51:23.016353;;2026-07-30 04:18:05.828810;;2026-07-30 04:23:53.547000;;2026-07-30 12:29:32.406121;2026-07-30 12:29:32.406121;;2026-07-30 12:54:14.996037;;2026-10-05 09:51:33.152051;False;;;;;;
142;142;planned;planned;CLOSED;ППР по графику: Мельница шаровая МШЦ-4500×6000;;2;9;10;2;3;2026-07-31 04:26:21.229253;1.0;19.0;Плановое ТО по графику ППР;False;;2026-07-30 04:26:21.229253;2026-07-30 04:26:21.229253;2026-07-30 04:27:26.401704;2026-07-30 05:09:59.982665;;2026-07-30 05:22:00.236572;;2026-07-30 06:34:10.502544;2026-07-30 06:34:10.502544;;2026-07-30 07:23:00.267778;;2026-10-05 09:51:33.152053;False;;;;;;
143;143;planned;planned;CLOSED;ППР по графику: Дробилка КМД-1750;;1;1;6;1;3;2026-07-31 05:28:59.163598;1.0;19.0;Плановый осмотр, протяжка крепежа, смазка узлов;False;;2026-07-30 05:28:59.163598;2026-07-30 05:28:59.163598;;2026-07-30 05:53:09.659455;;2026-07-30 06:08:59.062567;;2026-07-30 06:54:16.900031;2026-07-30 06:54:16.900031;;2026-07-30 07:28:36.474723;;2026-10-05 09:51:33.152054;False;;;;;;
144;144;planned;planned;CLOSED;Плановая ревизия электрооборудования: Конвейер К-1;;3;16;17;3;3;2026-07-31 08:46:02.288071;2.0;8.0;Плановая ревизия электрооборудования: протянуты контакты, замерена изоляция;True;;2026-07-30 08:46:02.288071;2026-07-30 08:46:02.288071;2026-07-30 08:51:28.420524;2026-07-30 10:42:59.992585;;2026-07-30 10:55:54.501706;;2026-07-30 13:05:13.683085;2026-07-30 13:05:13.683085;;2026-07-30 14:27:48.616665;;2026-10-05 09:51:33.152056;False;;;;;;
145;145;unplanned;emergency;CLOSED;Течь РВД;;1;3;11;2;4;2026-07-30 17:56:30.918036;1.5;13.0;Заменён РВД, протянуты соединения;False;;2026-07-30 15:56:30.918036;2026-07-30 15:56:30.918036;;2026-07-30 15:59:12.643278;;2026-07-30 16:00:32.251466;;2026-07-30 17:09:20.853089;2026-07-30 17:09:20.853089;;2026-07-30 18:29:51.230579;;2026-10-05 09:51:33.152058;True;72.0;;;;;
146;146;unplanned;normal;CLOSED;Ослаб крепёж опоры;;3;18;7;1;4;2026-07-31 08:39:03.801245;1.5;6.0;Протянут крепёж, заменены сорванные болты;False;;2026-07-31 00:39:03.801245;2026-07-31 00:39:03.801245;2026-07-31 00:46:11.094922;2026-07-31 02:06:50.471397;;2026-07-31 04:36:55.596046;;2026-07-31 05:26:35.641125;2026-07-31 05:26:35.641125;2026-07-31 03:38:01.309213;2026-07-31 06:12:48.523706;;2026-10-05 09:51:33.152060;False;;;;;;
147;147;planned;planned;CLOSED;ППР по графику: Дробилка КСД-2200;;1;3;5;1;3;2026-08-01 04:33:20.673660;1.0;19.0;Плановый осмотр, протяжка крепежа, смазка узлов;False;;2026-07-31 04:33:20.673660;2026-07-31 04:33:20.673660;2026-07-31 04:38:39.855527;2026-07-31 06:43:42.716305;;2026-07-31 06:56:22.649537;;2026-07-31 08:02:06.139610;2026-07-31 08:02:06.139610;;2026-07-31 09:20:15.278877;;2026-10-05 09:51:33.152062;False;;;;;;
148;148;unplanned;emergency;CLOSED;Сход ленты, задевает раму;;3;16;5;1;3;2026-07-31 11:52:58.400313;5.0;3.0;Выполнена стыковка ленты, отрегулирован ход;False;;2026-07-31 05:37:58.400313;2026-07-31 05:37:58.400313;;2026-07-31 05:39:13.796559;;2026-07-31 05:40:32.002643;;2026-07-31 09:16:59.078133;2026-07-31 09:16:59.078133;;2026-07-31 10:11:10.186349;;2026-10-05 09:51:33.152064;True;219.0;;;;;
149;149;planned;planned;CLOSED;Плановая ревизия электрооборудования: Мельница шаровая МШЦ-4500×6000;;2;9;17;3;3;2026-08-01 06:56:46.892919;2.0;8.0;Плановая ревизия электрооборудования: протянуты контакты, замерена изоляция;True;;2026-07-31 06:56:46.892919;2026-07-31 06:56:46.892919;;2026-07-31 07:59:33.568271;;2026-07-31 08:01:45.023340;;2026-07-31 09:33:09.207899;2026-07-31 09:33:09.207899;;2026-07-31 10:57:29.330159;;2026-10-05 09:51:33.152066;False;;;;;;
150;150;unplanned;normal;CLOSED;Редуктор гудит, люфт вала;;1;4;5;1;3;2026-07-31 20:26:52.077549;8.0;4.0;Ревизия редуктора, замена прокладок и масла;False;;2026-07-31 10:26:52.077549;2026-07-31 10:26:52.077549;2026-07-31 10:27:58.713383;2026-07-31 12:20:42.448657;;2026-07-31 12:33:22.766075;;2026-07-31 18:06:19.081001;2026-07-31 18:06:19.081001;;2026-07-31 19:15:50.629462;;2026-10-05 09:51:33.152068;False;;;;;;
151;151;unplanned;normal;CLOSED;Не переключается распределитель;;2;15;7;1;4;2026-08-01 01:09:05.881210;1.5;17.0;Заменён распределитель;False;;2026-07-31 17:09:05.881210;2026-07-31 17:09:05.881210;2026-07-31 17:18:49.827582;2026-07-31 18:46:07.736182;;2026-07-31 18:59:58.027133;;2026-07-31 20:19:06.642791;2026-07-31 20:19:06.642791;;2026-07-31 21:21:26.428186;;2026-10-05 09:51:33.152069;False;;;;;;
152;152;unplanned;high;CLOSED;Стук в подшипниковом узле, вибрация;;3;16;18;3;4;2026-08-01 00:13:37.053950;4.0;2.0;Демонтирован разрушенный подшипник, установлен новый, вибрация в норме;False;;2026-07-31 19:13:37.053950;2026-07-31 19:13:37.053950;;2026-07-31 19:18:58.450241;;2026-07-31 19:26:22.052360;;2026-07-31 23:05:16.829226;2026-07-31 23:05:16.829226;;2026-07-31 23:35:32.843007;;2026-10-05 09:51:33.152072;False;;;;;;
153;153;unplanned;normal;CLOSED;Падает давление в пневмосети;;3;21;8;1;4;2026-08-01 08:21:05.586336;1.0;15.0;Заменены фитинги, утечка устранена;False;;2026-08-01 00:21:05.586336;2026-08-01 00:29:31.322600;;2026-08-01 00:57:09.910799;2026-08-01 00:25:14.425535;2026-08-01 01:05:38.612775;;2026-08-01 01:58:10.987886;2026-08-01 01:58:10.987886;;2026-08-01 02:23:16.795213;;2026-10-05 09:51:33.152074;False;;;;;;
154;154;unplanned;normal;CLOSED;Плановая замена масла по анализу;;2;14;5;1;3;2026-08-01 11:43:39.260021;3.0;14.0;Слито загрязнённое масло, залито новое;False;;2026-08-01 03:43:39.260021;2026-08-01 03:43:39.260021;2026-08-01 03:51:56.383417;2026-08-01 05:37:51.471396;;2026-08-01 05:56:47.926092;;2026-08-01 08:18:38.999225;2026-08-01 08:18:38.999225;;2026-08-01 08:34:30.508460;;2026-10-05 09:51:33.152075;False;;;;;;
155;155;unplanned;high;CLOSED;Шум насоса, падение давления;;2;14;10;2;3;2026-08-01 12:26:57.372253;6.0;12.0;Ревизия насоса, замена уплотнений и фильтра;False;;2026-08-01 04:56:57.372253;2026-08-01 04:56:57.372253;;2026-08-01 05:03:39.772629;;2026-08-01 05:17:36.355003;;2026-08-01 09:12:52.807719;2026-08-01 09:12:52.807719;;2026-08-01 10:06:59.051785;;2026-10-05 09:51:33.152077;False;;;;;;
156;156;unplanned;normal;CLOSED;Повышенная вибрация привода;;1;4;12;2;3;2026-08-01 17:50:34.823145;1.5;6.0;Протянут крепёж, заменены сорванные болты;False;;2026-08-01 09:50:34.823145;2026-08-01 09:50:34.823145;;2026-08-01 09:59:54.526184;;2026-08-01 10:05:50.607408;;2026-08-01 11:30:47.250455;2026-08-01 11:30:47.250455;;2026-08-01 12:49:06.680866;;2026-10-05 09:51:33.152079;False;;;;;;
157;157;unplanned;normal;CLOSED;Износ брони, снижение производительности;;1;3;10;2;3;2026-08-01 18:29:42.642727;6.0;1.0;Заменены изношенные плиты футеровки, крепёж протянут;False;;2026-08-01 10:29:42.642727;2026-08-01 10:29:42.642727;;2026-08-01 10:41:16.215817;;2026-08-01 10:50:09.176418;;2026-08-01 15:44:38.119685;2026-08-01 15:44:38.119685;;2026-08-01 16:16:40.143224;;2026-10-05 09:51:33.152080;False;;;;;;
158;158;unplanned;normal;CLOSED;Нагрев узла из-за недостатка смазки;;4;22;7;1;4;2026-08-02 00:13:21.740291;1.0;19.0;Выполнена смазка узлов, заменены пресс-маслёнки;False;;2026-08-01 16:13:21.740291;2026-08-01 16:13:21.740291;;2026-08-01 16:39:11.366432;;2026-08-01 16:44:37.260264;;2026-08-01 17:54:33.579290;2026-08-01 17:54:33.579290;;2026-08-01 19:27:55.099385;;2026-10-05 09:51:33.152081;False;;;;;;
159;159;unplanned;high;CLOSED;Течь РВД;;2;14;7;1;4;2026-08-02 04:00:02.398240;1.5;13.0;Заменён РВД, протянуты соединения;False;;2026-08-02 00:00:02.398240;2026-08-02 00:00:02.398240;;2026-08-02 00:10:41.677912;;2026-08-02 00:16:47.462684;;2026-08-02 02:10:11.279336;2026-08-02 02:10:11.279336;;2026-08-02 03:54:00.710561;;2026-10-05 09:51:33.152083;True;130.0;;;;;
160;160;unplanned;normal;CLOSED;Двигатель греется, срабатывает тепловая защита;;3;16;13;2;3;2026-08-02 12:38:34.116967;5.0;7.0;Двигатель заменён на резервный, подключён, проверен под нагрузкой;False;;2026-08-02 04:38:34.116967;2026-08-02 04:38:34.116967;;2026-08-02 05:01:29.361166;;2026-08-02 11:08:04.400422;;2026-08-02 12:34:45.478114;2026-08-02 12:34:45.478114;2026-08-02 10:50:23.326704;2026-08-02 13:07:13.228596;;2026-10-05 09:51:33.152085;False;;;;;;
161;161;planned;planned;CLOSED;ППР по графику: Конвейер К-3;;3;18;6;1;3;2026-08-03 05:31:16.335590;1.0;19.0;ППР: ревизия узлов, замена смазки, проверка зазоров;False;;2026-08-02 05:31:16.335590;2026-08-02 05:31:16.335590;;2026-08-02 06:19:15.268332;;2026-08-02 06:27:10.417004;;2026-08-02 07:20:44.948484;2026-08-02 07:20:44.948484;;2026-08-02 08:02:46.244973;;2026-10-05 09:51:33.152086;False;;;;;;
162;162;unplanned;normal;CLOSED;Повышенный шум и нагрев подшипника;;1;3;12;2;3;2026-08-02 13:44:35.760594;4.0;2.0;Демонтирован разрушенный подшипник, установлен новый, вибрация в норме;False;;2026-08-02 05:44:35.760594;2026-08-02 05:44:35.760594;2026-08-02 05:48:32.217512;2026-08-02 08:06:48.754591;;2026-08-02 08:15:51.148286;;2026-08-02 11:41:53.467120;2026-08-02 11:41:53.467120;;2026-08-02 13:07:13.384252;;2026-10-05 09:51:33.152088;False;;;;;;
163;163;unplanned;high;CLOSED;Течь масла из-под уплотнения;;2;13;10;2;3;2026-08-02 11:15:47.183747;1.5;13.0;Заменён РВД, протянуты соединения;False;;2026-08-02 07:15:47.183747;2026-08-02 07:15:47.183747;;2026-08-02 07:23:50.092907;;2026-08-02 07:30:16.680240;;2026-08-02 08:44:38.683222;2026-08-02 08:44:38.683222;;2026-08-02 09:14:23.898747;;2026-10-05 09:51:33.152090;True;88.0;;;;;
164;164;unplanned;normal;CLOSED;Двигатель греется, срабатывает тепловая защита;;1;4;17;3;3;2026-08-02 19:02:48.974558;5.0;7.0;Заменены подшипники двигателя, проверена изоляция;False;;2026-08-02 11:02:48.974558;2026-08-02 11:02:48.974558;2026-08-02 11:08:56.026802;2026-08-02 12:20:05.727079;;2026-08-02 12:39:07.069429;;2026-08-02 16:23:06.504996;2026-08-02 16:23:06.504996;;2026-08-02 17:58:51.275233;;2026-10-05 09:51:33.152092;False;;;;;;
165;165;unplanned;emergency;CLOSED;Двигатель греется, срабатывает тепловая защита;;2;14;16;3;4;2026-08-03 05:18:28.852837;5.0;7.0;Двигатель заменён на резервный, подключён, проверен под нагрузкой;False;;2026-08-02 23:03:28.852837;2026-08-02 23:03:28.852837;;2026-08-02 23:05:06.179814;;2026-08-02 23:06:19.570364;;2026-08-03 04:57:14.740311;2026-08-03 04:57:14.740311;;2026-08-03 06:19:31.089502;;2026-10-05 09:51:33.152094;True;353.0;;;;;
166;166;planned;planned;CLOSED;ППР по графику: Кран мостовой 10 т;;4;24;12;2;3;2026-08-04 04:58:14.984394;1.0;19.0;Плановый осмотр, протяжка крепежа, смазка узлов;False;;2026-08-03 04:58:14.984394;2026-08-03 04:58:14.984394;;2026-08-03 06:15:34.484553;;2026-08-03 06:20:38.720776;;2026-08-03 07:09:09.562327;2026-08-03 07:09:09.562327;;2026-08-03 07:42:59.600387;;2026-10-05 09:51:33.152096;False;;;;;;
167;167;planned;planned;CLOSED;Плановая ревизия электрооборудования: Конвейер К-2;;3;17;15;3;3;2026-08-04 07:42:07.454992;2.0;8.0;Плановая ревизия электрооборудования: протянуты контакты, замерена изоляция;True;;2026-08-03 07:42:07.454992;2026-08-03 07:42:07.454992;;2026-08-03 08:27:29.334082;;2026-08-03 08:30:20.910586;;2026-08-03 10:47:47.351781;2026-08-03 10:47:47.351781;;2026-08-03 11:31:42.291837;;2026-10-05 09:51:33.152097;False;;;;;;
168;168;unplanned;normal;CLOSED;Двигатель не запускается;;3;20;13;2;3;2026-08-03 18:49:43.288066;5.0;7.0;Заменены подшипники двигателя, проверена изоляция;False;;2026-08-03 10:49:43.288066;2026-08-03 10:49:43.288066;2026-08-03 10:52:58.125948;2026-08-03 13:11:06.425747;;2026-08-03 13:16:42.410293;;2026-08-03 18:45:42.348091;2026-08-03 18:45:42.348091;;2026-08-03 19:39:09.769972;;2026-10-05 09:51:33.152099;False;;;;;;
169;169;unplanned;normal;CLOSED;Шипит воздух в магистрали;;2;15;12;2;3;2026-08-03 22:05:02.524302;1.0;15.0;Заменены фитинги, утечка устранена;False;;2026-08-03 14:05:02.524302;2026-08-03 14:05:02.524302;;2026-08-03 14:08:26.815509;;2026-08-03 14:22:13.127689;;2026-08-03 15:02:43.017196;2026-08-03 15:02:43.017196;;2026-08-03 16:54:09.694999;;2026-10-05 09:51:33.152101;False;;;;;;
170;170;planned;planned;CLOSED;ППР по графику: Гидроциклон ГЦ-710;;2;12;10;2;3;2026-08-05 04:51:24.723557;1.0;19.0;Плановое ТО по графику ППР;False;;2026-08-04 04:51:24.723557;2026-08-04 04:51:24.723557;2026-08-04 04:55:19.874874;2026-08-04 06:37:20.691479;;2026-08-04 06:46:20.342155;;2026-08-04 07:34:47.355321;2026-08-04 07:34:47.355321;;2026-08-04 08:55:15.262222;;2026-10-05 09:51:33.152102;False;;;;;;
171;171;unplanned;normal;CLOSED;Узел работает всухую, скрип;;1;3;6;1;3;2026-08-04 12:55:46.470535;1.0;19.0;Выполнена смазка узлов, заменены пресс-маслёнки;False;;2026-08-04 04:55:46.470535;2026-08-04 04:55:46.470535;;2026-08-04 05:07:06.805313;;2026-08-04 06:46:26.641649;2026-08-04 05:51:26.641649;2026-08-04 07:24:41.874240;2026-08-04 07:24:41.874240;;2026-08-04 08:45:29.647913;;2026-10-05 09:51:33.152104;False;;;;;;
172;172;planned;planned;CLOSED;ППР по графику: Конвейер К-1;;3;16;5;1;3;2026-08-05 05:16:40.436363;1.0;19.0;Плановое ТО по графику ППР;False;;2026-08-04 05:16:40.436363;2026-08-04 05:16:40.436363;;2026-08-04 06:18:31.059203;;2026-08-04 06:25:42.590716;;2026-08-04 07:19:37.412954;2026-08-04 07:19:37.412954;;2026-08-04 07:49:48.813079;;2026-10-05 09:51:33.152105;False;;;;;;
173;173;unplanned;high;CLOSED;Стук в подшипниковом узле, вибрация;;2;14;5;1;3;2026-08-04 11:47:23.027054;4.0;2.0;Заменён подшипник, узел набит смазкой, проверена соосность;False;;2026-08-04 06:47:23.027054;2026-08-04 06:47:23.027054;;2026-08-04 06:55:43.647230;;2026-08-04 07:00:16.501802;;2026-08-04 10:25:31.241651;2026-08-04 10:25:31.241651;;2026-08-04 11:38:55.625732;;2026-10-05 09:51:33.152107;True;218.0;;;;;
174;174;unplanned;emergency;CLOSED;Шипит воздух в магистрали;;4;25;11;2;4;2026-08-04 21:25:58.121946;1.0;15.0;Заменены фитинги, утечка устранена;False;;2026-08-04 19:25:58.121946;2026-08-04 19:25:58.121946;;2026-08-04 19:29:18.753953;;2026-08-04 19:30:42.758745;;2026-08-04 20:58:12.339556;2026-08-04 20:58:12.339556;;2026-08-04 21:17:21.676402;;2026-10-05 09:51:33.152109;True;92.0;;;;;
175;175;unplanned;emergency;CLOSED;Порыв ленты на стыке;;3;17;11;2;4;2026-08-05 07:58:21.257847;5.0;3.0;Заменён участок ленты, отцентрирована лента, заменены ролики;False;;2026-08-05 01:43:21.257847;2026-08-05 01:43:21.257847;;2026-08-05 01:44:52.883724;;2026-08-05 01:47:47.018795;;2026-08-05 06:11:10.968744;2026-08-05 06:11:10.968744;;2026-08-05 07:06:55.381840;;2026-10-05 09:51:33.152111;True;267.0;;;;;
176;176;planned;planned;CLOSED;ППР по графику: Насос шламовый ГрАТ-1400;;2;13;12;2;3;2026-08-06 04:05:39.237903;1.0;19.0;Плановое ТО по графику ППР;False;;2026-08-05 04:05:39.237903;2026-08-05 04:05:39.237903;;2026-08-05 04:54:49.083252;;2026-08-05 08:14:00.800539;2026-08-05 05:45:00.800539;2026-08-05 08:54:22.978130;2026-08-05 08:54:22.978130;;2026-08-05 09:58:07.882295;;2026-10-05 09:51:33.152113;False;;;;;;
177;177;unplanned;high;CLOSED;Течь РВД;;1;6;10;2;3;2026-08-05 13:51:13.639696;1.5;13.0;Заменено уплотнение, долито масло, течь устранена;False;;2026-08-05 09:51:13.639696;2026-08-05 09:51:13.639696;;2026-08-05 09:55:41.714783;;2026-08-05 10:06:17.658386;;2026-08-05 12:09:52.102261;2026-08-05 12:09:52.102261;;2026-08-05 12:30:01.320585;;2026-10-05 09:51:33.152115;False;;;;;;
178;178;unplanned;high;CLOSED;Износ футеровки, стук при работе;;2;9;18;3;4;2026-08-06 05:49:53.019068;6.0;1.0;Замена брони, проверена затяжка болтов;False;;2026-08-05 22:19:53.019068;2026-08-05 22:19:53.019068;;2026-08-05 22:26:06.785984;;2026-08-05 22:43:02.915514;;2026-08-06 03:46:43.853785;2026-08-06 03:46:43.853785;;2026-08-06 04:19:46.722447;;2026-10-05 09:51:33.152117;True;326.0;;;;;
179;179;unplanned;emergency;CLOSED;Залипает контактор;;2;8;19;3;4;2026-08-06 01:52:09.778040;2.0;8.0;Заменён контактор, проверена схема управления;False;;2026-08-05 23:22:09.778040;2026-08-05 23:22:09.778040;;2026-08-05 23:23:10.933695;;2026-08-05 23:25:01.453303;;2026-08-06 01:24:29.827469;2026-08-06 01:24:29.827469;;2026-08-06 02:29:47.078237;;2026-10-05 09:51:33.152118;True;122.0;;;;;
180;180;unplanned;normal;CLOSED;Сход ленты, задевает раму;;3;20;7;1;4;2026-08-06 07:28:20.708764;5.0;3.0;Выполнена стыковка ленты, отрегулирован ход;False;;2026-08-05 23:28:20.708764;2026-08-05 23:28:20.708764;2026-08-05 23:36:05.663261;2026-08-06 01:41:17.256546;;2026-08-06 01:46:44.492165;;2026-08-06 05:44:40.039847;2026-08-06 05:44:40.039847;;2026-08-06 07:17:21.911244;;2026-10-05 09:51:33.152120;False;;;;;;
181;181;planned;planned;CLOSED;ППР по графику: Дробилка ККД-1500;;1;2;5;1;3;2026-08-07 05:07:20.964453;1.0;19.0;ППР: ревизия узлов, замена смазки, проверка зазоров;False;;2026-08-06 05:07:20.964453;2026-08-06 05:07:20.964453;;2026-08-06 05:20:41.889306;;2026-08-06 05:26:29.843133;;2026-08-06 06:41:35.922328;2026-08-06 06:41:35.922328;;2026-08-06 07:29:20.233505;;2026-10-05 09:51:33.152122;False;;;;;;
182;182;unplanned;high;CLOSED;Двигатель греется, срабатывает тепловая защита;;1;6;15;3;3;2026-08-06 11:59:10.368492;5.0;7.0;Заменены подшипники двигателя, проверена изоляция;False;;2026-08-06 05:44:10.368492;2026-08-06 05:44:10.368492;;2026-08-06 05:46:44.713418;;2026-08-06 05:55:09.224991;;2026-08-06 10:29:09.888972;2026-08-06 10:29:09.888972;;2026-08-06 11:54:38.709282;;2026-10-05 09:51:33.152124;False;;;;;;
183;183;unplanned;high;CLOSED;Плановая замена масла;;4;25;5;2;3;2026-08-06 13:57:48.156139;2.0;20.0;Масло слито, редуктор промыт, залито новое;False;;2026-08-06 09:57:48.156139;2026-08-06 10:12:20.102254;;2026-08-06 10:24:01.860800;2026-08-06 10:03:37.862512;2026-08-06 10:39:16.538874;;2026-08-06 12:53:25.908654;2026-08-06 12:53:25.908654;;2026-08-06 13:24:53.416558;;2026-10-05 09:51:33.152126;False;;;;;;
184;184;unplanned;normal;CLOSED;Подшипник греется, запах гари;;3;20;6;1;3;2026-08-06 18:20:26.182621;4.0;2.0;Заменён подшипник, узел набит смазкой, проверена соосность;False;;2026-08-06 10:20:26.182621;2026-08-06 10:20:26.182621;;2026-08-06 10:24:17.610732;;2026-08-06 10:35:15.369793;;2026-08-06 14:01:00.920612;2026-08-06 14:01:00.920612;;2026-08-06 14:46:55.825859;;2026-10-05 09:51:33.152127;False;;;;;;
185;185;unplanned;normal;CLOSED;Износ брони, снижение производительности;;1;5;10;2;3;2026-08-06 18:58:51.648140;6.0;1.0;Замена брони, проверена затяжка болтов;False;;2026-08-06 10:58:51.648140;2026-08-06 10:58:51.648140;;2026-08-06 11:26:05.615772;;2026-08-06 11:30:18.561731;;2026-08-06 15:37:30.705767;2026-08-06 15:37:30.705767;;2026-08-06 16:35:34.656636;;2026-10-05 09:51:33.152129;False;;;;;;
186;186;unplanned;normal;CLOSED;Двигатель не запускается;;1;5;13;2;3;2026-08-06 19:44:39.305290;5.0;7.0;Двигатель заменён на резервный, подключён, проверен под нагрузкой;False;;2026-08-06 11:44:39.305290;2026-08-06 11:44:39.305290;2026-08-06 11:48:43.033731;2026-08-06 13:25:42.197533;;2026-08-06 13:31:05.406415;;2026-08-06 21:44:14.765734;2026-08-06 21:44:14.765734;;2026-08-06 23:00:25.442149;;2026-10-05 09:51:33.152131;False;;;;;;
187;187;unplanned;normal;CLOSED;Шум в редукторе, металлическая стружка в масле;;3;20;6;1;3;2026-08-06 22:43:20.356712;8.0;4.0;Редуктор вскрыт, заменены подшипники, масло заменено;False;;2026-08-06 12:43:20.356712;2026-08-06 12:43:20.356712;;2026-08-06 12:50:14.771986;;2026-08-06 13:09:13.093087;;2026-08-07 00:12:47.528395;2026-08-07 00:12:47.528395;;2026-08-07 01:40:30.575363;;2026-10-05 09:51:33.152133;False;;;;;;
188;188;unplanned;emergency;CLOSED;Повышенная вибрация привода;;2;10;18;3;4;2026-08-06 21:03:29.856679;1.5;6.0;Протянут крепёж, заменены сорванные болты;False;;2026-08-06 19:03:29.856679;2026-08-06 19:03:29.856679;;2026-08-06 19:06:36.601965;;2026-08-06 19:09:29.614553;;2026-08-06 21:16:46.383625;2026-08-06 21:16:46.383625;;2026-08-06 21:59:40.455355;;2026-10-05 09:51:33.152135;True;133.0;;;;;
189;189;unplanned;high;CLOSED;Масло потемнело, фильтр забит;;1;6;11;2;4;2026-08-07 04:57:50.942584;3.0;14.0;Масло заменено, фильтры заменены, система промыта;False;;2026-08-07 00:57:50.942584;2026-08-07 00:57:50.942584;;2026-08-07 01:03:13.388673;;2026-08-07 01:17:25.519254;;2026-08-07 03:58:32.529678;2026-08-07 03:58:32.529678;;2026-08-07 04:26:32.913167;;2026-10-05 09:51:33.152137;False;;;;;;
190;190;planned;planned;CLOSED;ППР по графику: Насос гидравлический Н-7;;2;14;10;2;3;2026-08-08 04:01:22.663358;1.0;19.0;ППР: ревизия узлов, замена смазки, проверка зазоров;False;;2026-08-07 04:01:22.663358;2026-08-07 04:01:22.663358;;2026-08-07 05:23:09.310175;;2026-08-07 05:28:55.857827;;2026-08-07 06:40:53.433476;2026-08-07 06:40:53.433476;;2026-08-07 07:09:23.704738;;2026-10-05 09:51:33.152139;False;;;;;;
191;191;planned;planned;CLOSED;ППР по графику: Перегрузочный узел ПУ-1;;3;21;5;1;3;2026-08-08 05:10:35.822773;1.0;19.0;Плановое ТО по графику ППР;False;;2026-08-07 05:10:35.822773;2026-08-07 05:10:35.822773;;2026-08-07 05:34:58.060594;;2026-08-07 07:05:36.515655;2026-08-07 05:57:36.515655;2026-08-07 07:50:29.125491;2026-08-07 07:50:29.125491;;2026-08-07 09:35:37.437701;;2026-10-05 09:51:33.152153;False;;;;;;
192;192;planned;planned;CLOSED;ППР по графику: Станок фрезерный 6Р82;;4;23;12;2;3;2026-08-08 05:43:09.374882;1.0;19.0;Плановое ТО по графику ППР;False;;2026-08-07 05:43:09.374882;2026-08-07 05:43:09.374882;;2026-08-07 06:22:32.525551;;2026-08-07 06:26:42.125967;;2026-08-07 07:07:13.456089;2026-08-07 07:07:13.456089;;2026-08-07 08:39:12.827435;;2026-10-05 09:51:33.152155;False;;;;;;
193;193;planned;planned;CLOSED;Плановая ревизия электрооборудования: Насос шламовый ГрАТ-1400;;2;13;15;3;3;2026-08-08 07:47:15.595026;2.0;8.0;Плановая ревизия электрооборудования: протянуты контакты, замерена изоляция;True;;2026-08-07 07:47:15.595026;2026-08-07 07:47:15.595026;;2026-08-07 08:53:28.732551;;2026-08-07 09:00:50.964966;;2026-08-07 10:32:45.012359;2026-08-07 10:32:45.012359;;2026-08-07 12:12:09.940745;;2026-10-05 09:51:33.152157;False;;;;;;
194;194;unplanned;high;CLOSED;Короткое замыкание в цепи управления;;2;13;13;2;3;2026-08-07 12:06:56.580200;2.5;10.0;Устранена неисправность в цепи, защита настроена;False;;2026-08-07 08:06:56.580200;2026-08-07 08:06:56.580200;;2026-08-07 08:14:19.969271;;2026-08-07 08:31:04.303085;;2026-08-07 11:52:39.994895;2026-08-07 11:52:39.994895;;2026-08-07 13:05:55.529690;;2026-10-05 09:51:33.152159;True;225.0;;;;;
195;195;unplanned;high;CLOSED;Ослаб крепёж опоры;;2;15;6;1;3;2026-08-07 16:09:09.468830;1.5;6.0;Подтянуты фундаментные болты;False;;2026-08-07 12:09:09.468830;2026-08-07 12:09:09.468830;;2026-08-07 12:20:57.425891;;2026-08-07 12:32:04.066067;;2026-08-07 13:50:00.513404;2026-08-07 13:50:00.513404;;2026-08-07 15:16:28.183267;;2026-10-05 09:51:33.152161;True;100.0;;;;;
196;196;unplanned;normal;CLOSED;Двигатель греется, срабатывает тепловая защита;;3;18;17;3;3;2026-08-07 20:37:19.249206;5.0;7.0;Заменены подшипники двигателя, проверена изоляция;False;;2026-08-07 12:37:19.249206;2026-08-07 12:37:19.249206;;2026-08-07 12:58:12.688741;;2026-08-07 13:01:01.003138;;2026-08-07 19:14:04.462022;2026-08-07 19:14:04.462022;;2026-08-07 21:07:59.749214;;2026-10-05 09:51:33.152162;False;;;;;;
197;197;unplanned;normal;CLOSED;Течь масла на насосе;;1;1;11;2;4;2026-08-08 01:08:13.153385;1.5;13.0;Заменено уплотнение, долито масло, течь устранена;False;;2026-08-07 17:08:13.153385;2026-08-07 17:08:13.153385;2026-08-07 17:14:53.120214;2026-08-07 18:09:54.437777;;2026-08-07 18:23:18.207206;;2026-08-07 20:18:16.488507;2026-08-07 20:18:16.488507;;2026-08-07 21:26:44.191599;;2026-10-05 09:51:33.152164;False;;;;;;
198;198;unplanned;normal;CLOSED;Распределитель травит воздух;;4;25;11;2;4;2026-08-08 06:34:58.854102;1.5;17.0;Заменён распределитель;False;;2026-08-07 22:34:58.854102;2026-08-07 22:34:58.854102;;2026-08-07 22:46:59.152207;;2026-08-08 00:51:36.125430;2026-08-07 23:33:36.125430;2026-08-08 02:19:56.064760;2026-08-08 02:19:56.064760;;2026-08-08 03:32:52.308054;;2026-10-05 09:51:33.152166;False;;;;;;
199;199;unplanned;high;CLOSED;Порыв ленты на стыке;;3;18;9;1;3;2026-08-08 10:17:16.655402;5.0;3.0;Выполнена стыковка ленты, отрегулирован ход;False;;2026-08-08 04:02:16.655402;2026-08-08 04:02:16.655402;;2026-08-08 04:13:44.561585;;2026-08-08 04:22:45.289982;;2026-08-08 08:07:48.072511;2026-08-08 08:07:48.072511;;2026-08-08 09:38:41.860185;;2026-10-05 09:51:33.152168;False;;;;;;
200;200;planned;planned;CLOSED;ППР по графику: Мельница шаровая МШЦ-3600×5500;;2;8;10;2;3;2026-08-09 05:24:13.106257;1.0;19.0;Плановое ТО по графику ППР;False;;2026-08-08 05:24:13.106257;2026-08-08 05:24:13.106257;;2026-08-08 06:03:49.829608;;2026-08-08 06:19:49.560022;;2026-08-08 07:29:20.258804;2026-08-08 07:29:20.258804;;2026-08-08 09:13:42.540535;;2026-10-05 09:51:33.152169;False;;;;;;
201;201;unplanned;normal;CLOSED;Ослаб крепёж опоры;;1;3;9;1;3;2026-08-08 17:37:17.984556;1.5;6.0;Протянут крепёж, заменены сорванные болты;False;;2026-08-08 09:37:17.984556;2026-08-08 09:37:17.984556;;2026-08-08 09:42:22.227560;;2026-08-08 12:19:33.428541;2026-08-08 10:06:33.428541;2026-08-08 13:02:10.190811;2026-08-08 13:02:10.190811;;2026-08-08 14:52:22.041088;;2026-10-05 09:51:33.152171;False;;;;;;
202;202;unplanned;high;CLOSED;Двигатель греется, срабатывает тепловая защита;;2;8;19;3;4;2026-08-08 23:02:08.358587;5.0;7.0;Двигатель заменён на резервный, подключён, проверен под нагрузкой;False;;2026-08-08 16:47:08.358587;2026-08-08 16:47:08.358587;;2026-08-08 16:51:34.894335;;2026-08-08 17:06:52.996139;;2026-08-09 00:28:42.984447;2026-08-09 00:28:42.984447;;2026-08-09 01:20:25.009902;;2026-10-05 09:51:33.152173;True;461.0;;;;;
203;203;unplanned;high;CLOSED;Короткое замыкание в цепи управления;;2;9;16;3;4;2026-08-08 21:06:52.888643;2.5;10.0;Найдено и устранено КЗ, заменены предохранители;False;;2026-08-08 17:06:52.888643;2026-08-08 17:06:52.888643;;2026-08-08 17:14:16.360416;;2026-08-08 17:30:04.087440;;2026-08-08 19:25:30.258467;2026-08-08 19:25:30.258467;;2026-08-08 21:08:49.380217;;2026-10-05 09:51:33.152175;False;;;;;;
204;204;unplanned;emergency;CANCELLED;Ложные срабатывания датчика уровня;;2;10;14;2;4;2026-08-09 02:53:39.269041;1.5;;;False;;2026-08-09 00:53:39.269041;2026-08-09 00:53:39.269041;;;;;;;;;;2026-08-09 01:14:46.012181;2026-10-05 09:51:33.288603;True;;;;;;
205;205;unplanned;normal;CLOSED;Короткое замыкание в цепи управления;;1;7;15;3;3;2026-08-09 15:39:03.107419;2.5;10.0;Устранена неисправность в цепи, защита настроена;False;;2026-08-09 07:39:03.107419;2026-08-09 07:39:03.107419;;2026-08-09 07:52:54.457723;;2026-08-09 07:55:04.030555;;2026-08-09 10:18:58.859703;2026-08-09 10:18:58.859703;;2026-08-09 11:09:04.531309;;2026-10-05 09:51:33.293280;False;;;;;;
206;206;unplanned;high;CLOSED;Стук в подшипниковом узле, вибрация;;3;19;6;1;3;2026-08-09 17:24:41.975895;4.0;2.0;Заменён подшипник, узел набит смазкой, проверена соосность;False;;2026-08-09 12:24:41.975895;2026-08-09 12:24:41.975895;;2026-08-09 12:35:05.590372;;2026-08-09 12:40:00.371417;;2026-08-09 16:11:59.517707;2026-08-09 16:11:59.517707;;2026-08-09 18:10:06.847145;;2026-10-05 09:51:33.293286;False;;;;;;
207;207;unplanned;normal;CLOSED;Стук в подшипниковом узле, вибрация;;2;8;7;1;4;2026-08-10 09:53:31.189048;4.0;2.0;Демонтирован разрушенный подшипник, установлен новый, вибрация в норме;False;;2026-08-10 01:53:31.189048;2026-08-10 01:53:31.189048;;2026-08-10 01:59:57.632108;;2026-08-10 07:58:44.546955;;2026-08-10 09:16:49.857148;2026-08-10 09:16:49.857148;2026-08-10 07:46:08.427444;2026-08-10 09:58:40.336900;;2026-10-05 09:51:33.293287;False;;;;;;
208;208;planned;planned;CLOSED;ППР по графику: Конвейер К-2;;3;17;6;1;3;2026-08-11 05:45:26.797520;1.0;19.0;Плановый осмотр, протяжка крепежа, смазка узлов;False;;2026-08-10 05:45:26.797520;2026-08-10 05:45:26.797520;;2026-08-10 06:44:51.340689;;2026-08-10 06:59:58.929147;;2026-08-10 07:48:39.245024;2026-08-10 07:48:39.245024;;2026-08-10 08:19:24.460398;;2026-10-05 09:51:33.293288;False;;;;;;
209;209;planned;planned;CLOSED;ППР по графику: Питатель пластинчатый ПП-2-12;;1;4;5;1;3;2026-08-11 05:56:46.433501;1.0;19.0;Плановое ТО по графику ППР;False;;2026-08-10 05:56:46.433501;2026-08-10 05:56:46.433501;2026-08-10 05:58:07.151374;2026-08-10 08:26:52.261982;;2026-08-10 10:34:39.112945;2026-08-10 08:57:39.112945;2026-08-10 11:03:14.524775;2026-08-10 11:03:14.524775;;2026-08-10 11:42:51.548964;;2026-10-05 09:51:33.293288;False;;;;;;
210;210;unplanned;emergency;CLOSED;Двигатель греется, срабатывает тепловая защита;;4;25;15;3;3;2026-08-10 13:30:33.626440;5.0;7.0;Заменены подшипники двигателя, проверена изоляция;False;;2026-08-10 07:15:33.626440;2026-08-10 07:15:33.626440;;2026-08-10 07:17:18.080795;;2026-08-10 07:22:46.612665;;2026-08-10 12:58:52.107389;2026-08-10 12:58:52.107389;;2026-08-10 14:37:58.340015;;2026-10-05 09:51:33.293289;True;343.0;;;;;
211;211;unplanned;emergency;CLOSED;Течь масла из-под уплотнения;;2;14;10;2;3;2026-08-10 09:31:07.514371;1.5;13.0;Заменён РВД, протянуты соединения;False;;2026-08-10 07:31:07.514371;2026-08-10 07:31:07.514371;;2026-08-10 07:32:45.320365;;2026-08-10 07:35:40.535172;;2026-08-10 09:18:25.414639;2026-08-10 09:18:25.414639;;2026-08-10 09:45:19.652167;;2026-10-05 09:51:33.293290;True;107.0;;;;;
212;212;unplanned;high;CLOSED;Ослаб крепёж опоры;;3;18;8;1;4;2026-08-10 23:44:06.901459;1.5;6.0;Протянут крепёж, заменены сорванные болты;False;;2026-08-10 19:44:06.901459;2026-08-10 19:44:06.901459;;2026-08-10 19:54:34.554281;;2026-08-10 20:06:39.728017;;2026-08-10 21:26:49.906145;2026-08-10 21:26:49.906145;;2026-08-10 21:51:00.872106;;2026-10-05 09:51:33.293290;True;102.0;;;;;
213;213;unplanned;normal;CLOSED;Подшипник греется, запах гари;;1;3;7;1;4;2026-08-11 07:53:00.708637;4.0;2.0;Заменён подшипник, узел набит смазкой, проверена соосность;False;;2026-08-10 23:53:00.708637;2026-08-10 23:53:00.708637;2026-08-11 00:01:20.556730;2026-08-11 01:25:41.758755;;2026-08-11 01:37:16.826196;;2026-08-11 06:03:08.158706;2026-08-11 06:03:08.158706;;2026-08-11 07:30:59.335247;;2026-10-05 09:51:33.293291;False;;;;;;
214;214;unplanned;high;CLOSED;Двигатель не запускается;;2;14;19;3;4;2026-08-11 07:25:58.512528;5.0;7.0;Заменены подшипники двигателя, проверена изоляция;False;;2026-08-11 01:10:58.512528;2026-08-11 01:10:58.512528;;2026-08-11 01:14:09.974565;;2026-08-11 01:20:11.818371;;2026-08-11 06:27:06.341891;2026-08-11 06:27:06.341891;;2026-08-11 07:46:42.048894;;2026-10-05 09:51:33.293292;True;316.0;;;;;
215;215;unplanned;high;CLOSED;Течь РВД;;1;6;8;1;4;2026-08-11 05:33:27.392111;1.5;13.0;Заменён РВД, протянуты соединения;False;;2026-08-11 01:33:27.392111;2026-08-11 01:33:27.392111;;2026-08-11 01:36:47.559071;;2026-08-11 01:54:57.761691;;2026-08-11 03:04:31.613294;2026-08-11 03:04:31.613294;;2026-08-11 04:03:10.033565;;2026-10-05 09:51:33.293292;True;91.0;;;;;
216;216;unplanned;normal;CLOSED;Нагрев узла из-за недостатка смазки;;1;4;10;2;3;2026-08-11 11:14:18.861887;1.0;19.0;Узел смазан, проверен нагрев;False;;2026-08-11 03:14:18.861887;2026-08-11 03:14:18.861887;;2026-08-11 03:27:59.512608;;2026-08-11 03:38:01.252986;;2026-08-11 04:50:56.378968;2026-08-11 04:50:56.378968;;2026-08-11 06:38:19.049054;;2026-10-05 09:51:33.293293;False;;;;;;
217;217;unplanned;normal;CLOSED;Порыв ленты на стыке;;3;19;10;2;3;2026-08-11 11:54:28.739061;5.0;3.0;Выполнена стыковка ленты, отрегулирован ход;False;;2026-08-11 03:54:28.739061;2026-08-11 03:54:28.739061;2026-08-11 04:03:39.669831;2026-08-11 06:29:48.676458;;2026-08-11 06:33:36.928961;;2026-08-11 11:48:04.572019;2026-08-11 11:48:04.572019;;2026-08-11 13:07:05.308904;;2026-10-05 09:51:33.293293;False;;;;;;
218;218;unplanned;normal;CLOSED;Двигатель не запускается;;3;20;13;2;3;2026-08-11 21:20:43.073935;5.0;7.0;Заменены подшипники двигателя, проверена изоляция;False;;2026-08-11 13:20:43.073935;2026-08-11 13:20:43.073935;;2026-08-11 13:32:51.265601;;2026-08-11 13:47:35.317816;;2026-08-11 17:35:24.823560;2026-08-11 17:35:24.823560;;2026-08-11 17:56:41.759751;;2026-10-05 09:51:33.293294;False;;;;;;
219;219;unplanned;normal;CLOSED;Двигатель не запускается;;2;13;17;3;3;2026-08-11 22:08:59.049753;5.0;7.0;Заменены подшипники двигателя, проверена изоляция;False;;2026-08-11 14:08:59.049753;2026-08-11 14:18:47.909191;2026-08-11 14:28:05.622287;2026-08-11 16:17:04.078585;2026-08-11 14:12:19.802341;2026-08-11 16:31:25.786176;;2026-08-11 19:47:26.772099;2026-08-11 19:47:26.772099;;2026-08-11 20:34:16.742926;;2026-10-05 09:51:33.293295;False;;;;;;
220;220;unplanned;normal;CLOSED;Нагрев узла из-за недостатка смазки;;1;1;7;1;4;2026-08-11 23:56:34.112987;1.0;19.0;Выполнена смазка узлов, заменены пресс-маслёнки;False;;2026-08-11 15:56:34.112987;2026-08-11 15:56:34.112987;;2026-08-11 16:21:38.564310;;2026-08-11 19:01:08.778878;2026-08-11 16:52:08.778878;2026-08-11 20:14:27.292030;2026-08-11 20:14:27.292030;;2026-08-11 20:59:59.444550;;2026-10-05 09:51:33.293295;False;;;;;;
221;221;planned;planned;CLOSED;ППР по графику: Станок токарный 1М63;;4;22;10;2;3;2026-08-13 05:24:56.454815;1.0;19.0;ППР: ревизия узлов, замена смазки, проверка зазоров;False;;2026-08-12 05:24:56.454815;2026-08-12 05:24:56.454815;;2026-08-12 06:00:29.170559;;2026-08-12 06:10:06.909195;;2026-08-12 07:20:25.356096;2026-08-12 07:20:25.356096;;2026-08-12 08:28:59.687350;;2026-10-05 09:51:33.293296;False;;;;;;
222;222;unplanned;emergency;CLOSED;Пробой кабеля, искрение;;1;7;13;2;3;2026-08-12 17:19:38.467722;3.0;9.0;Проложен новый кабель, замерено сопротивление изоляции;False;;2026-08-12 13:34:38.467722;2026-08-12 13:34:38.467722;;2026-08-12 13:37:47.153512;;2026-08-12 13:41:25.237296;;2026-08-12 19:45:22.120904;2026-08-12 19:45:22.120904;;2026-08-12 21:30:42.819460;;2026-10-05 09:51:33.293297;True;370.0;;;;;
223;223;unplanned;high;CLOSED;Шум в редукторе, металлическая стружка в масле;;2;9;6;1;3;2026-08-12 23:54:41.294112;8.0;4.0;Редуктор вскрыт, заменены подшипники, масло заменено;False;;2026-08-12 13:54:41.294112;2026-08-12 13:54:41.294112;;2026-08-12 14:06:00.099172;;2026-08-12 14:15:34.862300;;2026-08-12 20:56:50.123774;2026-08-12 20:56:50.123774;;2026-08-12 22:42:35.271824;;2026-10-05 09:51:33.293297;True;422.0;;;;;
224;224;unplanned;normal;CLOSED;Повышенный шум и нагрев подшипника;;3;18;7;1;4;2026-08-13 01:02:26.838728;4.0;2.0;Заменён подшипник, узел набит смазкой, проверена соосность;False;;2026-08-12 17:02:26.838728;2026-08-12 17:02:26.838728;2026-08-12 17:08:34.197632;2026-08-12 19:14:21.145451;;2026-08-12 19:19:02.840054;;2026-08-12 21:44:40.829499;2026-08-12 21:44:40.829499;;2026-08-12 21:55:52.555502;;2026-10-05 09:51:33.293298;False;;;;;;
225;225;unplanned;normal;CLOSED;Залипает контактор;;1;3;15;3;3;2026-08-13 11:47:34.808892;2.0;8.0;Заменён контактор, проверена схема управления;False;;2026-08-13 03:47:34.808892;2026-08-13 03:47:34.808892;;2026-08-13 04:04:07.842241;;2026-08-13 04:18:53.943282;;2026-08-13 06:13:47.575008;2026-08-13 06:13:47.575008;;2026-08-13 06:32:17.155994;;2026-10-05 09:51:33.293298;False;;;;;;
226;226;planned;planned;CLOSED;ППР по графику: Дробилка КМД-1750;;1;1;12;2;3;2026-08-14 04:29:23.221347;1.0;19.0;ППР: ревизия узлов, замена смазки, проверка зазоров;False;;2026-08-13 04:29:23.221347;2026-08-13 04:29:23.221347;;2026-08-13 05:11:47.700747;;2026-08-13 05:20:38.608413;;2026-08-13 06:03:20.105024;2026-08-13 06:03:20.105024;;2026-08-13 06:31:14.323686;;2026-10-05 09:51:33.293299;False;;;;;;
227;227;planned;planned;CLOSED;ППР по графику: Мельница шаровая МШЦ-4500×6000;;2;9;10;2;3;2026-08-14 04:38:54.835688;1.0;19.0;ППР: ревизия узлов, замена смазки, проверка зазоров;False;;2026-08-13 04:38:54.835688;2026-08-13 04:38:54.835688;;2026-08-13 05:49:26.138602;;2026-08-13 07:58:46.315056;2026-08-13 06:16:46.315056;2026-08-13 08:49:50.185193;2026-08-13 08:49:50.185193;;2026-08-13 09:34:25.703314;;2026-10-05 09:51:33.293300;False;;;;;;
228;228;unplanned;normal;CLOSED;Течь РВД;;2;13;12;2;3;2026-08-13 13:06:59.577796;1.5;13.0;Заменено уплотнение, долито масло, течь устранена;False;;2026-08-13 05:06:59.577796;2026-08-13 05:06:59.577796;;2026-08-13 05:18:56.313260;;2026-08-13 08:05:16.677511;;2026-08-13 08:41:29.271843;2026-08-13 08:41:29.271843;2026-08-13 07:07:38.222627;2026-08-13 09:09:12.182218;;2026-10-05 09:51:33.293301;False;;;;;;
229;229;planned;planned;CLOSED;ППР по графику: Конвейер К-4;;3;19;6;1;3;2026-08-14 05:22:47.046951;1.0;19.0;Плановый осмотр, протяжка крепежа, смазка узлов;False;;2026-08-13 05:22:47.046951;2026-08-13 05:22:47.046951;2026-08-13 05:26:24.101409;2026-08-13 07:07:27.173394;;2026-08-13 07:26:22.525822;;2026-08-13 08:33:43.078425;2026-08-13 08:33:43.078425;;2026-08-13 09:17:46.057670;;2026-10-05 09:51:33.293301;False;;;;;;
230;230;planned;planned;CLOSED;Плановая ревизия электрооборудования: Дробилка ККД-1500;;1;2;15;3;3;2026-08-14 06:01:10.186605;2.0;8.0;Плановая ревизия электрооборудования: протянуты контакты, замерена изоляция;True;;2026-08-13 06:01:10.186605;2026-08-13 06:01:10.186605;;2026-08-13 06:24:44.831273;;2026-08-13 06:32:04.088106;;2026-08-13 07:45:35.798186;2026-08-13 07:45:35.798186;;2026-08-13 08:47:39.320481;;2026-10-05 09:51:33.293302;False;;;;;;
231;231;planned;planned;CLOSED;Плановая ревизия электрооборудования: Конвейер К-3;;3;18;17;3;3;2026-08-14 07:49:11.214309;2.0;8.0;Плановая ревизия электрооборудования: протянуты контакты, замерена изоляция;True;;2026-08-13 07:49:11.214309;2026-08-13 07:49:11.214309;;2026-08-13 09:13:07.186015;;2026-08-13 09:32:02.201842;;2026-08-13 12:38:52.423190;2026-08-13 12:38:52.423190;;2026-08-13 14:29:45.547958;;2026-10-05 09:51:33.293303;False;;;;;;
232;232;unplanned;emergency;CLOSED;Износ брони, снижение производительности;;1;3;6;1;3;2026-08-13 19:57:24.500009;6.0;1.0;Заменены изношенные плиты футеровки, крепёж протянут;False;;2026-08-13 12:27:24.500009;2026-08-13 12:27:24.500009;;2026-08-13 12:30:56.570425;;2026-08-13 12:36:42.183913;;2026-08-13 17:34:07.972148;2026-08-13 17:34:07.972148;;2026-08-13 18:16:06.332109;;2026-10-05 09:51:33.293303;True;306.0;;;;;
233;233;unplanned;normal;CLOSED;Ослаб крепёж опоры;;3;18;6;1;3;2026-08-13 21:32:53.079706;1.5;6.0;Подтянуты фундаментные болты;False;;2026-08-13 13:32:53.079706;2026-08-13 13:32:53.079706;;2026-08-13 13:53:57.103616;;2026-08-13 14:02:13.956615;;2026-08-13 15:29:20.966994;2026-08-13 15:29:20.966994;;2026-08-13 16:17:00.962380;;2026-10-05 09:51:33.293304;False;;;;;;
234;234;unplanned;normal;CLOSED;Ложные срабатывания датчика уровня;;2;12;19;3;4;2026-08-14 00:30:34.872380;1.5;11.0;Заменён датчик, выставлен зазор;False;;2026-08-13 16:30:34.872380;2026-08-13 16:30:34.872380;2026-08-13 16:35:40.344849;2026-08-13 18:06:31.978378;;2026-08-13 18:25:36.394752;;2026-08-13 19:38:05.229459;2026-08-13 19:38:05.229459;;2026-08-13 19:50:36.651519;;2026-10-05 09:51:33.293305;False;;;;;;
235;235;planned;planned;CLOSED;ППР по графику: Дробилка КСД-2200;;1;3;6;1;3;2026-08-15 04:25:50.259087;1.0;19.0;Плановый осмотр, протяжка крепежа, смазка узлов;False;;2026-08-14 04:25:50.259087;2026-08-14 04:25:50.259087;;2026-08-14 04:42:31.497247;;2026-08-14 04:45:46.297021;;2026-08-14 05:41:59.778176;2026-08-14 05:41:59.778176;;2026-08-14 07:14:50.740110;;2026-10-05 09:51:33.293305;False;;;;;;
236;236;planned;planned;CLOSED;ППР по графику: Компрессор ВВ-0,8/8;;4;25;10;2;3;2026-08-15 04:29:09.580145;1.0;19.0;Плановое ТО по графику ППР;False;;2026-08-14 04:29:09.580145;2026-08-14 04:29:09.580145;;2026-08-14 05:17:41.381369;;2026-08-14 05:29:19.728163;;2026-08-14 06:11:43.147090;2026-08-14 06:11:43.147090;;2026-08-14 08:10:13.175540;;2026-10-05 09:51:33.293306;False;;;;;;
237;237;planned;planned;CLOSED;ППР по графику: Сепаратор магнитный ПБМ-120/300;;2;10;12;2;3;2026-08-15 04:37:45.680742;1.0;19.0;Плановый осмотр, протяжка крепежа, смазка узлов;False;;2026-08-14 04:37:45.680742;2026-08-14 04:37:45.680742;;2026-08-14 06:02:28.013859;;2026-08-14 06:13:27.415181;;2026-08-14 06:52:43.304705;2026-08-14 06:52:43.304705;;2026-08-14 08:06:20.593015;;2026-10-05 09:51:33.293307;False;;;;;;
238;238;unplanned;normal;CLOSED;Узел работает всухую, скрип;;1;3;5;1;3;2026-08-14 16:00:29.167803;1.0;19.0;Узел смазан, проверен нагрев;False;;2026-08-14 08:00:29.167803;2026-08-14 08:00:29.167803;;2026-08-14 08:24:23.670524;;2026-08-14 08:37:12.689352;;2026-08-14 09:27:42.157517;2026-08-14 09:27:42.157517;;2026-08-14 10:27:51.740918;;2026-10-05 09:51:33.293307;False;;;;;;
239;239;unplanned;normal;CLOSED;Износ брони, снижение производительности;;2;13;10;2;3;2026-08-14 18:41:04.123496;6.0;1.0;Заменены изношенные плиты футеровки, крепёж протянут;False;;2026-08-14 10:41:04.123496;2026-08-14 10:41:04.123496;;2026-08-14 11:04:43.554943;;2026-08-14 11:08:46.005342;;2026-08-14 15:42:55.078753;2026-08-14 15:42:55.078753;;2026-08-14 16:04:20.238214;;2026-10-05 09:51:33.293308;False;;;;;;
240;240;unplanned;normal;CLOSED;Не включается пускатель;;2;8;19;3;4;2026-08-15 03:33:56.318359;2.0;8.0;Заменён контактор, проверена схема управления;False;;2026-08-14 19:33:56.318359;2026-08-14 19:33:56.318359;;2026-08-14 19:57:14.115708;;2026-08-14 20:15:55.522930;;2026-08-14 21:40:50.144541;2026-08-14 21:40:50.144541;;2026-08-14 22:29:24.194850;;2026-10-05 09:51:33.293308;False;;;;;;
241;241;unplanned;normal;CLOSED;Нагрев узла из-за недостатка смазки;;3;16;8;1;4;2026-08-15 03:56:16.693899;1.0;19.0;Выполнена смазка узлов, заменены пресс-маслёнки;False;;2026-08-14 19:56:16.693899;2026-08-14 19:56:16.693899;;2026-08-14 20:09:57.903758;;2026-08-14 21:59:46.489690;;2026-08-14 22:21:36.726322;2026-08-14 22:21:36.726322;2026-08-14 21:48:08.465858;2026-08-14 23:37:36.367772;;2026-10-05 09:51:33.293309;False;;;;;;
242;242;unplanned;normal;CLOSED;Порыв ленты на стыке;;3;20;11;2;4;2026-08-15 05:44:02.626782;5.0;3.0;Заменён участок ленты, отцентрирована лента, заменены ролики;False;;2026-08-14 21:44:02.626782;2026-08-14 21:44:02.626782;2026-08-14 21:53:48.311556;2026-08-14 22:38:51.062702;;2026-08-14 22:52:27.051809;;2026-08-15 04:05:36.601781;2026-08-15 04:05:36.601781;;2026-08-15 04:33:06.352695;;2026-10-05 09:51:33.293310;False;;;;;;
243;243;unplanned;emergency;CLOSED;Повышенный шум и нагрев подшипника;;2;13;11;2;4;2026-08-15 03:15:11.048224;4.0;2.0;Заменён подшипник, узел набит смазкой, проверена соосность;False;;2026-08-14 22:15:11.048224;2026-08-14 22:15:11.048224;;2026-08-14 22:16:15.663465;;2026-08-14 22:17:19.124902;;2026-08-15 02:57:02.297649;2026-08-15 02:57:02.297649;;2026-08-15 03:31:25.882125;;2026-10-05 09:51:33.293311;True;281.0;;;;;
244;244;unplanned;high;CLOSED;Узел работает всухую, скрип;;3;18;7;1;4;2026-08-15 05:49:55.621038;1.0;19.0;Узел смазан, проверен нагрев;False;;2026-08-15 01:49:55.621038;2026-08-15 01:49:55.621038;;2026-08-15 01:55:42.485212;;2026-08-15 02:02:23.803313;;2026-08-15 02:55:49.873394;2026-08-15 02:55:49.873394;;2026-08-15 04:51:20.706736;;2026-10-05 09:51:33.293312;False;;;;;;
245;245;unplanned;high;CLOSED;Стук в подшипниковом узле, вибрация;;3;17;10;2;3;2026-08-15 09:38:14.262287;4.0;2.0;Демонтирован разрушенный подшипник, установлен новый, вибрация в норме;False;;2026-08-15 04:38:14.262287;2026-08-15 04:38:14.262287;;2026-08-15 04:41:50.924474;;2026-08-15 04:49:13.579855;;2026-08-15 11:53:28.886032;2026-08-15 11:53:28.886032;;2026-08-15 12:06:43.950634;;2026-10-05 09:51:33.293312;True;435.0;;;;;
246;246;unplanned;high;CLOSED;Повышенный шум и нагрев подшипника;;1;1;5;1;3;2026-08-15 10:14:13.342994;4.0;2.0;Заменён подшипник, узел набит смазкой, проверена соосность;False;;2026-08-15 05:14:13.342994;2026-08-15 05:14:13.342994;;2026-08-15 05:25:12.486417;;2026-08-15 05:27:44.343845;;2026-08-15 09:54:24.554622;2026-08-15 09:54:24.554622;;2026-08-15 11:19:59.133836;;2026-10-05 09:51:33.293313;False;;;;;;
247;247;unplanned;normal;CLOSED;Течь масла на насосе;;1;3;10;2;3;2026-08-15 20:29:45.412375;1.5;13.0;Заменено уплотнение, долито масло, течь устранена;False;;2026-08-15 12:29:45.412375;2026-08-15 12:29:45.412375;;2026-08-15 12:37:13.770422;;2026-08-15 12:42:56.068769;;2026-08-15 14:31:34.797511;2026-08-15 14:31:34.797511;;2026-08-15 14:45:17.613583;;2026-10-05 09:51:33.293313;False;;;;;;
248;248;planned;planned;CLOSED;ППР по графику: Сепаратор магнитный ПБМ-150/200;;2;11;12;2;3;2026-08-17 04:31:47.137199;1.0;19.0;Плановый осмотр, протяжка крепежа, смазка узлов;False;;2026-08-16 04:31:47.137199;2026-08-16 04:31:47.137199;2026-08-16 04:40:13.547865;2026-08-16 06:24:05.312036;;2026-08-16 06:43:27.668905;;2026-08-16 07:39:13.695836;2026-08-16 07:39:13.695836;;2026-08-16 08:30:08.660113;;2026-10-05 09:51:33.293314;False;;;;;;
249;249;planned;planned;CLOSED;ППР по графику: Конвейер К-3;;3;18;6;1;3;2026-08-17 05:31:54.007891;1.0;19.0;ППР: ревизия узлов, замена смазки, проверка зазоров;False;;2026-08-16 05:31:54.007891;2026-08-16 05:31:54.007891;;2026-08-16 05:42:46.332808;;2026-08-16 05:50:41.511748;;2026-08-16 06:46:00.668919;2026-08-16 06:46:00.668919;;2026-08-16 08:07:06.051674;;2026-10-05 09:51:33.293315;False;;;;;;
250;250;planned;planned;CLOSED;ППР по графику: Грохот ГИТ-71;;1;5;6;1;3;2026-08-17 05:43:24.289682;1.0;19.0;ППР: ревизия узлов, замена смазки, проверка зазоров;False;;2026-08-16 05:43:24.289682;2026-08-16 05:43:24.289682;;2026-08-16 06:09:10.481293;;2026-08-16 06:25:37.424500;;2026-08-16 07:21:45.715738;2026-08-16 07:21:45.715738;;2026-08-16 09:05:55.995980;;2026-10-05 09:51:33.293315;False;;;;;;
251;251;planned;planned;CLOSED;ППР по графику: Конвейер наклонный К-5;;3;20;5;1;3;2026-08-17 05:47:57.221409;1.0;19.0;ППР: ревизия узлов, замена смазки, проверка зазоров;False;;2026-08-16 05:47:57.221409;2026-08-16 05:47:57.221409;2026-08-16 05:56:31.708555;2026-08-16 07:08:53.632716;;2026-08-16 09:05:42.289409;2026-08-16 08:00:42.289409;2026-08-16 09:39:46.224128;2026-08-16 09:39:46.224128;;2026-08-16 11:00:17.465223;;2026-10-05 09:51:33.293316;False;;;;;;
252;252;planned;planned;CLOSED;Плановая ревизия электрооборудования: Дробилка КСД-2200;;1;3;15;3;3;2026-08-17 07:48:40.241139;2.0;8.0;Плановая ревизия электрооборудования: протянуты контакты, замерена изоляция;True;;2026-08-16 07:48:40.241139;2026-08-16 07:48:40.241139;;2026-08-16 08:06:53.410472;;2026-08-16 08:12:55.345978;;2026-08-16 10:36:48.377120;2026-08-16 10:36:48.377120;;2026-08-16 10:56:29.287472;;2026-10-05 09:51:33.293317;False;;;;;;
253;253;unplanned;emergency;CLOSED;Шум в редукторе, металлическая стружка в масле;;1;1;11;2;4;2026-08-17 06:49:18.257185;8.0;4.0;Редуктор вскрыт, заменены подшипники, масло заменено;False;;2026-08-16 20:49:18.257185;2026-08-16 20:49:18.257185;;2026-08-16 20:52:54.499862;;2026-08-16 20:55:12.406169;;2026-08-17 06:15:04.925325;2026-08-17 06:15:04.925325;;2026-08-17 07:47:54.955183;;2026-10-05 09:51:33.293317;True;565.0;;;;;
254;254;unplanned;normal;CLOSED;Течь РВД;;2;12;8;1;4;2026-08-17 07:50:35.443391;1.5;13.0;Заменено уплотнение, долито масло, течь устранена;False;;2026-08-16 23:50:35.443391;2026-08-16 23:50:35.443391;;2026-08-17 00:09:11.616641;;2026-08-17 00:23:05.787135;;2026-08-17 02:29:13.097709;2026-08-17 02:29:13.097709;;2026-08-17 03:33:37.495661;;2026-10-05 09:51:33.293318;False;;;;;;
255;255;unplanned;normal;CLOSED;Масло потемнело, фильтр забит;;2;14;7;1;4;2026-08-17 08:10:24.180571;3.0;14.0;Масло заменено, фильтры заменены, система промыта;False;;2026-08-17 00:10:24.180571;2026-08-17 00:10:24.180571;;2026-08-17 00:26:34.166402;;2026-08-17 00:34:41.852553;;2026-08-17 06:47:27.509874;2026-08-17 06:47:27.509874;;2026-08-17 07:39:52.309816;;2026-10-05 09:51:33.293318;False;;;;;;
256;256;unplanned;normal;CLOSED;Износ брони, снижение производительности;;2;12;8;1;4;2026-08-17 09:15:01.211256;6.0;1.0;Заменены изношенные плиты футеровки, крепёж протянут;False;;2026-08-17 01:15:01.211256;2026-08-17 01:15:01.211256;2026-08-17 01:18:47.070517;2026-08-17 03:31:51.755282;;2026-08-17 03:45:32.008882;;2026-08-17 10:45:52.918447;2026-08-17 10:45:52.918447;;2026-08-17 11:51:45.235487;;2026-10-05 09:51:33.293319;False;;;;;;
257;257;planned;planned;CLOSED;ППР по графику: Фильтр дисковый ДУ-100;;2;15;10;2;3;2026-08-18 04:31:36.401165;1.0;19.0;Плановый осмотр, протяжка крепежа, смазка узлов;False;;2026-08-17 04:31:36.401165;2026-08-17 04:31:36.401165;;2026-08-17 04:45:32.246289;;2026-08-17 04:54:25.370620;;2026-08-17 06:11:51.326395;2026-08-17 06:11:51.326395;;2026-08-17 06:46:00.552841;;2026-10-05 09:51:33.293319;False;;;;;;
258;258;planned;planned;CLOSED;ППР по графику: Железоотделитель ЭП-120;;1;7;5;1;3;2026-08-18 05:16:16.927999;1.0;19.0;Плановый осмотр, протяжка крепежа, смазка узлов;False;;2026-08-17 05:16:16.927999;2026-08-17 05:16:16.927999;;2026-08-17 05:45:23.010236;;2026-08-17 05:56:57.712499;;2026-08-17 07:07:26.360660;2026-08-17 07:07:26.360660;;2026-08-17 08:35:04.992753;;2026-10-05 09:51:33.293320;False;;;;;;
259;259;unplanned;high;CLOSED;Узел работает всухую, скрип;;3;18;10;2;3;2026-08-17 16:05:16.953353;1.0;19.0;Выполнена смазка узлов, заменены пресс-маслёнки;False;;2026-08-17 12:05:16.953353;2026-08-17 12:05:16.953353;;2026-08-17 12:13:30.224363;;2026-08-17 12:28:48.442373;;2026-08-17 14:12:02.692344;2026-08-17 14:12:02.692344;;2026-08-17 15:58:58.992023;;2026-10-05 09:51:33.293321;False;;;;;;
260;260;unplanned;normal;CLOSED;Двигатель не запускается;;1;2;14;2;4;2026-08-18 04:55:39.713210;5.0;7.0;Двигатель заменён на резервный, подключён, проверен под нагрузкой;False;;2026-08-17 20:55:39.713210;2026-08-17 20:55:39.713210;;2026-08-17 21:11:50.771102;;2026-08-17 21:18:18.082366;;2026-08-18 04:19:30.124183;2026-08-18 04:19:30.124183;;2026-08-18 04:30:59.627138;;2026-10-05 09:51:33.293321;False;;;;;;
261;261;unplanned;emergency;CLOSED;Ошибка станции централизованной смазки;;1;6;8;1;4;2026-08-18 02:08:54.304326;3.0;18.0;Промыты магистрали, станция смазки запущена;False;;2026-08-17 22:23:54.304326;2026-08-17 22:23:54.304326;;2026-08-17 22:27:34.751361;;2026-08-17 22:32:27.109250;;2026-08-18 01:42:01.692445;2026-08-18 01:42:01.692445;;2026-08-18 03:13:32.374479;;2026-10-05 09:51:33.293322;True;198.0;;;;;
262;262;unplanned;high;CLOSED;Шум в редукторе, металлическая стружка в масле;;1;2;18;3;4;2026-08-18 11:56:52.786026;8.0;4.0;Ревизия редуктора, замена прокладок и масла;False;;2026-08-18 01:56:52.786026;2026-08-18 01:56:52.786026;;2026-08-18 02:05:16.026278;;2026-08-18 02:24:38.715583;;2026-08-18 16:28:20.851983;2026-08-18 16:28:20.851983;;2026-08-18 17:42:05.663074;;2026-10-05 09:51:33.293323;True;871.0;;;;;
263;263;planned;planned;CLOSED;ППР по графику: Конвейер К-1;;3;16;6;1;3;2026-08-19 05:13:04.585522;1.0;19.0;Плановый осмотр, протяжка крепежа, смазка узлов;False;;2026-08-18 05:13:04.585522;2026-08-18 05:13:04.585522;2026-08-18 05:21:14.065290;2026-08-18 06:54:54.032248;;2026-08-18 09:11:42.245125;2026-08-18 07:42:42.245125;2026-08-18 09:48:50.883257;2026-08-18 09:48:50.883257;;2026-08-18 10:22:45.230251;;2026-10-05 09:51:33.293324;False;;;;;;
264;264;planned;planned;CLOSED;ППР по графику: Маслостанция дробилки НМШ-5;;1;6;5;1;3;2026-08-19 05:58:13.594949;1.0;19.0;Плановое ТО по графику ППР;False;;2026-08-18 05:58:13.594949;2026-08-18 05:58:13.594949;;2026-08-18 06:42:39.144526;;2026-08-18 06:56:32.218106;;2026-08-18 07:50:48.388269;2026-08-18 07:50:48.388269;;2026-08-18 09:41:48.903195;;2026-10-05 09:51:33.293324;False;;;;;;
265;265;unplanned;normal;CLOSED;Двигатель не запускается;;1;6;15;3;3;2026-08-18 16:38:17.130562;5.0;7.0;Двигатель заменён на резервный, подключён, проверен под нагрузкой;False;;2026-08-18 08:38:17.130562;2026-08-18 08:38:17.130562;2026-08-18 08:45:23.520712;2026-08-18 09:55:36.199230;;2026-08-18 10:04:47.241921;;2026-08-18 18:19:50.654676;2026-08-18 18:19:50.654676;;2026-08-18 20:11:49.637758;;2026-10-05 09:51:33.293325;False;;;;;;
266;266;unplanned;normal;CLOSED;Узел работает всухую, скрип;;3;17;12;2;3;2026-08-18 19:36:03.035112;1.0;19.0;Выполнена смазка узлов, заменены пресс-маслёнки;False;;2026-08-18 11:36:03.035112;2026-08-18 11:36:03.035112;;2026-08-18 11:42:47.583110;;2026-08-18 11:52:44.836548;;2026-08-18 13:05:27.260380;2026-08-18 13:05:27.260380;;2026-08-18 14:23:07.636814;;2026-10-05 09:51:33.293326;False;;;;;;
267;267;unplanned;normal;CLOSED;Шум в редукторе, металлическая стружка в масле;;2;8;11;2;4;2026-08-19 02:50:36.930638;8.0;4.0;Ревизия редуктора, замена прокладок и масла;False;;2026-08-18 16:50:36.930638;2026-08-18 16:50:36.930638;;2026-08-18 17:17:54.788748;;2026-08-18 17:35:42.818402;;2026-08-18 22:14:08.637222;2026-08-18 22:14:08.637222;;2026-08-18 23:59:13.110443;;2026-10-05 09:51:33.293326;False;;;;;;
268;268;unplanned;normal;CLOSED;Повышенная вибрация привода;;1;3;7;1;4;2026-08-19 04:20:38.930517;1.5;6.0;Протянут крепёж, заменены сорванные болты;False;;2026-08-18 20:20:38.930517;2026-08-18 20:20:38.930517;;2026-08-18 20:49:45.921625;;2026-08-18 20:54:13.236595;;2026-08-18 23:41:50.969092;2026-08-18 23:41:50.969092;;2026-08-19 01:28:38.302909;;2026-10-05 09:51:33.293327;False;;;;;;
269;269;unplanned;high;CLOSED;Двигатель не запускается;;2;14;19;3;4;2026-08-19 04:51:47.733479;5.0;7.0;Заменены подшипники двигателя, проверена изоляция;False;;2026-08-18 22:36:47.733479;2026-08-18 22:36:47.733479;;2026-08-18 22:43:51.216182;;2026-08-18 22:52:53.187187;;2026-08-19 05:34:44.866644;2026-08-19 05:34:44.866644;;2026-08-19 07:14:47.297307;;2026-10-05 09:51:33.293328;True;417.0;;;;;
270;270;planned;planned;CLOSED;ППР по графику: Насос шламовый ГрАТ-1400;;2;13;10;2;3;2026-08-20 04:13:09.473739;1.0;19.0;ППР: ревизия узлов, замена смазки, проверка зазоров;False;;2026-08-19 04:13:09.473739;2026-08-19 04:13:09.473739;;2026-08-19 05:06:53.542662;;2026-08-19 05:17:27.793733;;2026-08-19 06:01:45.799601;2026-08-19 06:01:45.799601;;2026-08-19 06:42:56.386254;;2026-10-05 09:51:33.293328;False;;;;;;
271;271;unplanned;normal;CLOSED;Двигатель греется, срабатывает тепловая защита;;3;18;17;2;3;2026-08-19 13:00:11.990578;5.0;7.0;Заменены подшипники двигателя, проверена изоляция;False;;2026-08-19 05:00:11.990578;2026-08-19 05:07:24.005913;;2026-08-19 05:23:02.015427;2026-08-19 05:04:00.984743;2026-08-19 05:38:02.925916;;2026-08-19 08:44:48.169106;2026-08-19 08:44:48.169106;;2026-08-19 10:07:13.899142;;2026-10-05 09:51:33.293329;False;;;;;;
272;272;unplanned;high;CLOSED;Ослаб крепёж опоры;;2;15;10;2;3;2026-08-19 12:04:32.576401;1.5;6.0;Протянут крепёж, заменены сорванные болты;False;;2026-08-19 08:04:32.576401;2026-08-19 08:04:32.576401;;2026-08-19 08:13:07.959487;;2026-08-19 08:25:30.081558;;2026-08-19 09:56:46.395834;2026-08-19 09:56:46.395834;;2026-08-19 10:18:27.450707;;2026-10-05 09:51:33.293330;True;112.0;;;;;
273;273;unplanned;high;CLOSED;Двигатель не запускается;;1;4;17;3;3;2026-08-19 14:39:18.430351;5.0;7.0;Заменены подшипники двигателя, проверена изоляция;False;;2026-08-19 08:24:18.430351;2026-08-19 08:24:18.430351;;2026-08-19 08:33:38.018582;;2026-08-19 08:39:53.565143;;2026-08-19 14:58:24.931099;2026-08-19 14:58:24.931099;;2026-08-19 16:25:16.520891;;2026-10-05 09:51:33.293331;True;394.0;;;;;
274;274;unplanned;emergency;CLOSED;Повышенный шум и нагрев подшипника;;3;18;18;3;4;2026-08-19 22:55:27.592867;4.0;2.0;Заменён подшипник, узел набит смазкой, проверена соосность;False;;2026-08-19 17:55:27.592867;2026-08-19 17:55:27.592867;;2026-08-19 17:58:10.873206;;2026-08-19 18:00:10.793535;;2026-08-19 21:14:27.308927;2026-08-19 21:14:27.308927;;2026-08-19 23:02:43.029603;;2026-10-05 09:51:33.293331;True;198.0;;;;;
275;275;unplanned;normal;CLOSED;Износ брони, снижение производительности;;1;2;11;2;4;2026-08-20 04:27:50.644651;6.0;1.0;Замена брони, проверена затяжка болтов;False;;2026-08-19 20:27:50.644651;2026-08-19 20:27:50.644651;;2026-08-19 20:49:16.069805;;2026-08-19 21:08:30.432908;;2026-08-20 04:42:41.435787;2026-08-20 04:42:41.435787;;2026-08-20 05:06:40.905521;;2026-10-05 09:51:33.293332;False;;;;;;
276;276;planned;planned;CLOSED;ППР по графику: Дробилка ККД-1500;;1;2;6;1;3;2026-08-21 05:25:55.341213;1.0;19.0;Плановый осмотр, протяжка крепежа, смазка узлов;False;;2026-08-20 05:25:55.341213;2026-08-20 05:25:55.341213;;2026-08-20 05:40:02.440455;;2026-08-20 05:51:46.221520;;2026-08-20 06:25:07.260606;2026-08-20 06:25:07.260606;;2026-08-20 07:30:07.570859;;2026-10-05 09:51:33.293333;False;;;;;;
277;277;unplanned;normal;CLOSED;Подшипник греется, запах гари;;2;8;10;2;3;2026-08-20 21:10:23.672632;4.0;2.0;Заменён подшипник, узел набит смазкой, проверена соосность;False;;2026-08-20 13:10:23.672632;2026-08-20 13:10:23.672632;2026-08-20 13:15:38.001134;2026-08-20 15:34:53.653565;;2026-08-20 15:41:37.750883;;2026-08-20 18:32:16.265443;2026-08-20 18:32:16.265443;;2026-08-20 20:26:33.049580;;2026-10-05 09:51:33.293333;False;;;;;;
278;278;unplanned;high;CLOSED;Выбивает защиту при пуске;;2;13;19;3;4;2026-08-20 19:18:11.507413;2.5;10.0;Найдено и устранено КЗ, заменены предохранители;False;;2026-08-20 15:18:11.507413;2026-08-20 15:18:11.507413;;2026-08-20 15:24:21.251518;;2026-08-20 15:39:39.684062;;2026-08-20 18:07:54.877041;2026-08-20 18:07:54.877041;;2026-08-20 18:20:48.812250;;2026-10-05 09:51:33.293334;False;;;;;;
279;279;unplanned;high;CLOSED;Залипает контактор;;2;8;14;2;4;2026-08-21 00:55:50.670192;2.0;8.0;Заменён контактор, проверена схема управления;False;;2026-08-20 20:55:50.670192;2026-08-20 20:55:50.670192;;2026-08-20 21:03:22.167768;;2026-08-20 21:06:18.479419;;2026-08-21 00:08:45.977350;2026-08-21 00:08:45.977350;;2026-08-21 00:25:08.265894;;2026-10-05 09:51:33.293335;False;;;;;;
280;280;unplanned;high;CLOSED;Повышенный шум и нагрев подшипника;;1;1;6;1;3;2026-08-21 09:31:23.702013;4.0;2.0;Заменён подшипник, узел набит смазкой, проверена соосность;False;;2026-08-21 04:31:23.702013;2026-08-21 04:31:23.702013;;2026-08-21 04:42:16.703216;;2026-08-21 07:11:05.553171;2026-08-21 06:04:05.553171;2026-08-21 08:38:13.818284;2026-08-21 08:38:13.818284;;2026-08-21 10:31:47.236403;;2026-10-05 09:51:33.293336;True;246.0;;;;;
281;281;planned;planned;CLOSED;ППР по графику: Насос гидравлический Н-7;;2;14;12;2;3;2026-08-22 05:26:29.197099;1.0;19.0;Плановый осмотр, протяжка крепежа, смазка узлов;False;;2026-08-21 05:26:29.197099;2026-08-21 05:26:29.197099;2026-08-21 05:35:31.405476;2026-08-21 06:36:58.505279;;2026-08-21 06:48:43.237988;;2026-08-21 07:33:34.677576;2026-08-21 07:33:34.677576;;2026-08-21 09:05:11.274723;;2026-10-05 09:51:33.293337;False;;;;;;
282;282;unplanned;emergency;CLOSED;Нет сигнала с датчика;;2;12;13;2;3;2026-08-21 08:07:57.957303;1.5;11.0;Датчик заменён, сигнал проверен;False;;2026-08-21 06:07:57.957303;2026-08-21 06:07:57.957303;;2026-08-21 06:11:24.905651;;2026-08-21 06:13:07.494021;;2026-08-21 07:55:48.404317;2026-08-21 07:55:48.404317;;2026-08-21 09:40:42.704865;;2026-10-05 09:51:33.293338;True;107.0;;;;;
283;283;unplanned;high;CLOSED;Не включается пускатель;;4;24;15;3;3;2026-08-21 12:19:21.922770;2.0;8.0;Заменён контактор, проверена схема управления;False;;2026-08-21 08:19:21.922770;2026-08-21 08:19:21.922770;;2026-08-21 08:25:40.573749;;2026-08-21 08:28:37.014172;;2026-08-21 10:06:27.412004;2026-08-21 10:06:27.412004;;2026-08-21 11:47:40.392407;;2026-10-05 09:51:33.293339;True;107.0;;;;;
284;284;unplanned;normal;CLOSED;Подшипник греется, запах гари;;3;19;10;2;3;2026-08-21 18:12:47.165186;4.0;2.0;Заменён подшипник, узел набит смазкой, проверена соосность;False;;2026-08-21 10:12:47.165186;2026-08-21 10:12:47.165186;;2026-08-21 10:30:43.501729;;2026-08-21 10:49:52.173210;;2026-08-21 16:11:06.152626;2026-08-21 16:11:06.152626;;2026-08-21 16:51:58.773489;;2026-10-05 09:51:33.293339;False;;;;;;
285;285;unplanned;high;CLOSED;Повышенный шум и нагрев подшипника;;3;18;9;1;3;2026-08-21 17:21:58.405389;4.0;2.0;Заменён подшипник, узел набит смазкой, проверена соосность;False;;2026-08-21 12:21:58.405389;2026-08-21 12:21:58.405389;;2026-08-21 12:29:41.054968;;2026-08-21 12:32:22.749673;;2026-08-21 15:59:18.300974;2026-08-21 15:59:18.300974;;2026-08-21 17:55:33.145227;;2026-10-05 09:51:33.293340;True;217.0;;;;;
286;286;unplanned;high;CLOSED;Масло потемнело, фильтр забит;;2;14;12;2;3;2026-08-21 17:04:58.088019;3.0;14.0;Масло заменено, фильтры заменены, система промыта;False;;2026-08-21 13:04:58.088019;2026-08-21 13:04:58.088019;;2026-08-21 13:07:45.816155;;2026-08-21 13:25:54.623981;;2026-08-21 18:31:26.723409;2026-08-21 18:31:26.723409;;2026-08-21 19:53:36.179206;;2026-10-05 09:51:33.293342;False;;;;;;
287;287;unplanned;emergency;CLOSED;Течь масла из-под уплотнения;;1;1;6;1;3;2026-08-21 16:27:18.392941;1.5;13.0;Заменено уплотнение, долито масло, течь устранена;False;;2026-08-21 14:27:18.392941;2026-08-21 14:27:18.392941;;2026-08-21 14:28:51.558930;;2026-08-21 14:32:23.574686;;2026-08-21 15:58:41.467385;2026-08-21 15:58:41.467385;;2026-08-21 16:17:12.829727;;2026-10-05 09:51:33.293342;True;91.0;;;;;
288;288;unplanned;normal;CLOSED;Порыв ленты на стыке;;3;19;18;3;4;2026-08-21 23:54:04.456817;5.0;3.0;Выполнена стыковка ленты, отрегулирован ход;False;;2026-08-21 15:54:04.456817;2026-08-21 15:54:04.456817;;2026-08-21 16:07:06.058983;;2026-08-21 16:23:54.567362;;2026-08-21 20:51:55.903154;2026-08-21 20:51:55.903154;;2026-08-21 21:33:55.662531;;2026-10-05 09:51:33.293343;False;;;;;;
289;289;unplanned;high;CLOSED;Повышенная вибрация привода;;3;16;8;1;4;2026-08-22 01:58:46.772404;1.5;6.0;Протянут крепёж, заменены сорванные болты;False;;2026-08-21 21:58:46.772404;2026-08-21 21:58:46.772404;;2026-08-21 22:03:54.635863;;2026-08-21 22:18:47.665271;;2026-08-22 00:52:45.784714;2026-08-22 00:52:45.784714;;2026-08-22 02:51:55.092897;;2026-10-05 09:51:33.293344;False;;;;;;
290;290;unplanned;normal;CLOSED;Подшипник греется, запах гари;;2;11;12;2;3;2026-08-22 12:01:43.673829;4.0;2.0;Заменён подшипник, узел набит смазкой, проверена соосность;False;;2026-08-22 04:01:43.673829;2026-08-22 04:01:43.673829;;2026-08-22 04:19:16.800991;;2026-08-22 04:23:27.742754;;2026-08-22 09:02:34.161176;2026-08-22 09:02:34.161176;;2026-08-22 10:59:31.980396;;2026-10-05 09:51:33.293344;False;;;;;;
291;291;planned;planned;CLOSED;ППР по графику: Мельница шаровая МШЦ-3600×5500;;2;8;10;2;3;2026-08-23 05:22:01.543192;1.0;19.0;Плановый осмотр, протяжка крепежа, смазка узлов;False;;2026-08-22 05:22:01.543192;2026-08-22 05:22:01.543192;;2026-08-22 06:04:49.187098;;2026-08-22 06:08:15.252375;;2026-08-22 07:10:10.249866;2026-08-22 07:10:10.249866;;2026-08-22 09:00:11.403732;;2026-10-05 09:51:33.293345;False;;;;;;
292;292;planned;planned;CLOSED;Плановая ревизия электрооборудования: Мельница шаровая МШЦ-3600×5500;;2;8;15;3;3;2026-08-23 06:29:24.746933;2.0;8.0;Плановая ревизия электрооборудования: протянуты контакты, замерена изоляция;True;;2026-08-22 06:29:24.746933;2026-08-22 06:29:24.746933;;2026-08-22 07:06:44.291586;;2026-08-22 07:10:51.692730;;2026-08-22 09:00:39.941170;2026-08-22 09:00:39.941170;;2026-08-22 10:47:04.218770;;2026-10-05 09:51:33.293346;False;;;;;;
293;293;planned;planned;CLOSED;Плановая ревизия электрооборудования: Дробилка КМД-1750;;1;1;15;3;3;2026-08-23 07:15:56.755653;2.0;8.0;Плановая ревизия электрооборудования: протянуты контакты, замерена изоляция;True;;2026-08-22 07:15:56.755653;2026-08-22 07:15:56.755653;;2026-08-22 08:27:11.201528;;2026-08-22 08:41:59.493952;;2026-08-22 10:40:04.473919;2026-08-22 10:40:04.473919;;2026-08-22 12:38:58.034912;;2026-10-05 09:51:33.293346;False;;;;;;
294;294;unplanned;high;CLOSED;Нагрев узла из-за недостатка смазки;;4;23;7;1;4;2026-08-23 01:14:43.518420;1.0;19.0;Выполнена смазка узлов, заменены пресс-маслёнки;False;;2026-08-22 21:14:43.518420;2026-08-22 21:14:43.518420;;2026-08-22 21:20:44.908924;;2026-08-22 21:32:46.404967;;2026-08-22 22:46:51.617667;2026-08-22 22:46:51.617667;;2026-08-23 00:06:15.108850;;2026-10-05 09:51:33.293347;False;;;;;;
295;295;unplanned;normal;CLOSED;Ослаб крепёж опоры;;3;19;10;2;3;2026-08-23 11:08:31.861209;1.5;6.0;Протянут крепёж, заменены сорванные болты;False;;2026-08-23 03:08:31.861209;2026-08-23 03:08:31.861209;;2026-08-23 03:31:04.267303;;2026-08-23 06:08:40.352088;;2026-08-23 07:03:12.184648;2026-08-23 07:03:12.184648;2026-08-23 05:47:03.561453;2026-08-23 08:16:59.050811;;2026-10-05 09:51:33.293348;False;;;;;;
296;296;unplanned;normal;CLOSED;Пробой кабеля, искрение;;3;19;15;3;3;2026-08-23 17:20:55.043531;3.0;9.0;Заменён участок кабеля, выполнены соединения;False;;2026-08-23 09:20:55.043531;2026-08-23 09:20:55.043531;2026-08-23 09:23:12.369674;2026-08-23 11:29:01.469679;;2026-08-23 11:44:14.865487;;2026-08-23 14:48:11.057652;2026-08-23 14:48:11.057652;;2026-08-23 15:13:41.678278;;2026-10-05 09:51:33.293348;False;;;;;;
297;297;unplanned;normal;CLOSED;Узел работает всухую, скрип;;4;22;8;1;4;2026-08-24 09:45:21.762826;1.0;19.0;Выполнена смазка узлов, заменены пресс-маслёнки;False;;2026-08-24 01:45:21.762826;2026-08-24 01:55:50.276853;2026-08-24 01:58:39.972960;2026-08-24 04:21:06.059435;2026-08-24 01:52:46.677695;2026-08-24 04:33:22.917811;;2026-08-24 05:49:06.086675;2026-08-24 05:49:06.086675;;2026-08-24 07:48:20.396528;;2026-10-05 09:51:33.293349;False;;;;;;
298;298;planned;planned;CLOSED;ППР по графику: Кран мостовой 10 т;;4;24;10;2;3;2026-08-25 05:04:42.484306;1.0;19.0;Плановый осмотр, протяжка крепежа, смазка узлов;False;;2026-08-24 05:04:42.484306;2026-08-24 05:04:42.484306;;2026-08-24 06:14:15.016476;;2026-08-24 06:20:15.253594;;2026-08-24 07:12:10.201665;2026-08-24 07:12:10.201665;;2026-08-24 08:54:43.646534;;2026-10-05 09:51:33.293350;False;;;;;;
299;299;planned;planned;CLOSED;ППР по графику: Конвейер К-2;;3;17;5;1;3;2026-08-25 05:39:47.991811;1.0;19.0;Плановое ТО по графику ППР;False;;2026-08-24 05:39:47.991811;2026-08-24 05:39:47.991811;;2026-08-24 06:09:28.377715;;2026-08-24 06:22:01.628558;;2026-08-24 07:37:29.061398;2026-08-24 07:37:29.061398;;2026-08-24 09:21:46.296253;;2026-10-05 09:51:33.293350;False;;;;;;
300;300;unplanned;emergency;CANCELLED;Не включается пускатель;;1;3;17;3;3;2026-08-24 08:40:37.519036;2.0;;;False;;2026-08-24 06:10:37.519036;2026-08-24 06:10:37.519036;;;;;;;;;;2026-08-24 06:17:58.767698;2026-10-05 09:51:33.346483;True;;;;;;
301;301;unplanned;normal;CLOSED;Двигатель не запускается;;4;25;19;3;4;2026-08-24 23:03:46.435402;5.0;7.0;Двигатель заменён на резервный, подключён, проверен под нагрузкой;False;;2026-08-24 15:03:46.435402;2026-08-24 15:03:46.435402;;2026-08-24 15:23:20.108122;;2026-08-24 15:36:41.616617;;2026-08-24 19:43:22.957897;2026-08-24 19:43:22.957897;;2026-08-24 20:05:44.582876;;2026-10-05 09:51:33.351173;False;;;;;;
302;302;unplanned;normal;CLOSED;Двигатель греется, срабатывает тепловая защита;;4;23;16;3;4;2026-08-25 01:30:43.634831;5.0;7.0;Заменены подшипники двигателя, проверена изоляция;False;;2026-08-24 17:30:43.634831;2026-08-24 17:30:43.634831;;2026-08-24 17:36:51.261902;;2026-08-24 17:47:13.176709;;2026-08-24 22:19:10.745894;2026-08-24 22:19:10.745894;;2026-08-24 23:54:04.617035;;2026-10-05 09:51:33.351183;False;;;;;;
303;303;unplanned;normal;CLOSED;Износ брони, снижение производительности;;3;21;9;1;3;2026-08-25 11:40:27.960781;6.0;1.0;Замена брони, проверена затяжка болтов;False;;2026-08-25 03:40:27.960781;2026-08-25 03:40:27.960781;;2026-08-25 03:50:30.293782;;2026-08-25 03:53:29.297817;;2026-08-25 09:50:17.606741;2026-08-25 09:50:17.606741;;2026-08-25 10:02:29.078191;;2026-10-05 09:51:33.351185;False;;;;;;
304;304;unplanned;normal;CLOSED;Повреждён питающий кабель;;2;11;15;3;3;2026-08-25 13:02:09.316895;3.0;9.0;Заменён участок кабеля, выполнены соединения;False;;2026-08-25 05:02:09.316895;2026-08-25 05:02:09.316895;;2026-08-25 05:25:50.257859;;2026-08-25 05:28:58.799822;;2026-08-25 09:24:28.200939;2026-08-25 09:24:28.200939;;2026-08-25 10:27:48.540582;;2026-10-05 09:51:33.351187;False;;;;;;
305;305;planned;planned;CLOSED;ППР по графику: Гидроциклон ГЦ-710;;2;12;10;2;3;2026-08-26 05:10:01.437060;1.0;19.0;Плановое ТО по графику ППР;False;;2026-08-25 05:10:01.437060;2026-08-25 05:10:01.437060;2026-08-25 05:16:42.477032;2026-08-25 07:06:09.423273;;2026-08-25 07:08:45.903528;;2026-08-25 09:02:46.523793;2026-08-25 09:02:46.523793;;2026-08-25 09:23:17.197844;;2026-10-05 09:51:33.351189;False;;;;;;
306;306;planned;planned;CLOSED;Плановая ревизия электрооборудования: Насос гидравлический Н-7;;2;14;17;3;3;2026-08-26 06:52:49.801389;2.0;8.0;Плановая ревизия электрооборудования: протянуты контакты, замерена изоляция;True;;2026-08-25 06:52:49.801389;2026-08-25 06:52:49.801389;;2026-08-25 07:27:48.311969;;2026-08-25 07:35:37.936839;;2026-08-25 09:36:21.827393;2026-08-25 09:36:21.827393;;2026-08-25 10:49:44.755192;;2026-10-05 09:51:33.351191;False;;;;;;
307;307;unplanned;high;CLOSED;Выбивает защиту при пуске;;1;7;15;3;3;2026-08-25 14:25:21.339213;2.5;10.0;Найдено и устранено КЗ, заменены предохранители;False;;2026-08-25 10:25:21.339213;2026-08-25 10:25:21.339213;;2026-08-25 10:30:08.473953;;2026-08-25 10:37:15.650777;;2026-08-25 13:40:00.937608;2026-08-25 13:40:00.937608;;2026-08-25 14:39:11.700499;;2026-10-05 09:51:33.351193;True;194.0;;;;;
308;308;unplanned;normal;CLOSED;Узел работает всухую, скрип;;1;3;12;2;3;2026-08-25 19:43:08.016654;1.0;19.0;Узел смазан, проверен нагрев;False;;2026-08-25 11:43:08.016654;2026-08-25 11:43:08.016654;;2026-08-25 12:12:28.840887;;2026-08-25 12:16:11.861045;;2026-08-25 13:15:48.447087;2026-08-25 13:15:48.447087;;2026-08-25 13:53:31.804490;;2026-10-05 09:51:33.351195;False;;;;;;
309;309;unplanned;high;CLOSED;Не включается пускатель;;4;24;15;3;3;2026-08-25 18:11:48.248402;2.0;8.0;Заменён контактор, проверена схема управления;False;;2026-08-25 14:11:48.248402;2026-08-25 14:11:48.248402;;2026-08-25 14:19:47.486456;;2026-08-25 14:37:28.628605;;2026-08-25 16:21:42.766333;2026-08-25 16:21:42.766333;;2026-08-25 16:40:14.295663;;2026-10-05 09:51:33.351197;False;;;;;;
310;310;unplanned;normal;CLOSED;Выбивает защиту при пуске;;2;11;14;2;4;2026-08-26 09:06:17.806425;2.5;10.0;Устранена неисправность в цепи, защита настроена;False;;2026-08-26 01:06:17.806425;2026-08-26 01:06:17.806425;2026-08-26 01:11:14.111105;2026-08-26 03:37:35.058043;;2026-08-26 03:40:17.244947;;2026-08-26 06:03:50.550617;2026-08-26 06:03:50.550617;;2026-08-26 07:21:30.213833;;2026-10-05 09:51:33.351199;False;;;;;;
311;311;unplanned;high;CLOSED;Шум в редукторе, металлическая стружка в масле;;4;22;9;1;3;2026-08-26 14:28:35.005777;8.0;4.0;Редуктор вскрыт, заменены подшипники, масло заменено;False;;2026-08-26 04:28:35.005777;2026-08-26 04:28:35.005777;;2026-08-26 04:32:37.682882;;2026-08-26 04:45:40.802689;;2026-08-26 14:40:25.737721;2026-08-26 14:40:25.737721;;2026-08-26 15:06:58.041627;;2026-10-05 09:51:33.351201;False;;;;;;
312;312;unplanned;high;CLOSED;Масло потемнело, фильтр забит;;2;14;5;1;3;2026-08-26 16:05:35.845966;3.0;14.0;Слито загрязнённое масло, залито новое;False;;2026-08-26 12:05:35.845966;2026-08-26 12:05:35.845966;;2026-08-26 12:14:32.273069;;2026-08-26 12:26:13.023083;;2026-08-26 15:11:18.638534;2026-08-26 15:11:18.638534;;2026-08-26 16:56:48.053380;;2026-10-05 09:51:33.351203;False;;;;;;
313;313;unplanned;high;CLOSED;Редуктор гудит, люфт вала;;4;23;11;2;4;2026-08-27 04:58:44.701840;8.0;4.0;Ревизия редуктора, замена прокладок и масла;False;;2026-08-26 18:58:44.701840;2026-08-26 18:58:44.701840;;2026-08-26 19:07:09.661453;;2026-08-26 19:12:48.456614;;2026-08-27 03:37:13.179395;2026-08-27 03:37:13.179395;;2026-08-27 03:47:30.806580;;2026-10-05 09:51:33.351205;True;518.0;;;;;
314;314;unplanned;normal;CLOSED;Трещина на раме;;1;5;18;3;4;2026-08-27 09:52:12.755286;3.0;5.0;Шов переварен, усилен косынками;False;;2026-08-27 01:52:12.755286;2026-08-27 01:52:12.755286;2026-08-27 01:54:41.757215;2026-08-27 04:08:23.747115;;2026-08-27 04:16:12.952021;;2026-08-27 07:18:01.873224;2026-08-27 07:18:01.873224;;2026-08-27 08:25:26.978874;;2026-10-05 09:51:33.351207;False;;;;;;
315;315;unplanned;normal;CLOSED;Порыв ленты на стыке;;3;20;7;1;4;2026-08-27 10:21:09.732214;5.0;3.0;Заменён участок ленты, отцентрирована лента, заменены ролики;False;;2026-08-27 02:21:09.732214;2026-08-27 02:21:09.732214;;2026-08-27 02:43:22.115452;;2026-08-27 03:00:29.181644;;2026-08-27 08:49:50.138375;2026-08-27 08:49:50.138375;;2026-08-27 10:36:13.684295;;2026-10-05 09:51:33.351210;False;;;;;;
316;316;planned;planned;CLOSED;ППР по графику: Дробилка КМД-1750;;1;1;5;1;3;2026-08-28 04:16:44.673085;1.0;19.0;Плановый осмотр, протяжка крепежа, смазка узлов;False;;2026-08-27 04:16:44.673085;2026-08-27 04:16:44.673085;2026-08-27 04:24:28.392472;2026-08-27 04:45:51.637361;;2026-08-27 04:55:49.084374;;2026-08-27 05:56:34.588482;2026-08-27 05:56:34.588482;;2026-08-27 06:50:23.328896;;2026-10-05 09:51:33.351213;False;;;;;;
317;317;planned;planned;CLOSED;ППР по графику: Мельница шаровая МШЦ-4500×6000;;2;9;12;2;3;2026-08-28 05:32:11.857759;1.0;19.0;Плановое ТО по графику ППР;False;;2026-08-27 05:32:11.857759;2026-08-27 05:32:11.857759;2026-08-27 05:38:20.835455;2026-08-27 06:02:18.162106;;2026-08-27 06:17:13.633980;;2026-08-27 07:15:07.282798;2026-08-27 07:15:07.282798;;2026-08-27 07:28:17.606801;;2026-10-05 09:51:33.351215;False;;;;;;
318;318;unplanned;normal;CLOSED;Повышенная вибрация привода;;2;15;6;1;3;2026-08-27 13:43:29.566692;1.5;6.0;Подтянуты фундаментные болты;False;;2026-08-27 05:43:29.566692;2026-08-27 05:43:29.566692;;2026-08-27 06:09:19.767771;;2026-08-27 09:58:58.213304;2026-08-27 06:52:40.074165;2026-08-27 11:05:29.093720;2026-08-27 11:05:29.093720;2026-08-27 09:48:15.699667;2026-08-27 12:46:14.407506;;2026-10-05 09:51:33.351217;False;;;;;;
319;319;unplanned;normal;CLOSED;Двигатель не запускается;;1;6;17;3;3;2026-08-27 15:56:50.252089;5.0;7.0;Двигатель заменён на резервный, подключён, проверен под нагрузкой;False;;2026-08-27 07:56:50.252089;2026-08-27 07:56:50.252089;;2026-08-27 08:07:16.603326;;2026-08-27 08:12:51.181399;;2026-08-27 13:13:48.415099;2026-08-27 13:13:48.415099;;2026-08-27 13:33:46.122445;;2026-10-05 09:51:33.351219;False;;;;;;
320;320;unplanned;high;CLOSED;Двигатель греется, срабатывает тепловая защита;;3;20;19;3;4;2026-08-27 22:10:45.594731;5.0;7.0;Заменены подшипники двигателя, проверена изоляция;False;;2026-08-27 15:55:45.594731;2026-08-27 15:55:45.594731;;2026-08-27 16:05:25.628272;;2026-08-27 19:28:53.222746;2026-08-27 18:19:53.222746;2026-08-27 22:26:22.037765;2026-08-27 22:26:22.037765;;2026-08-28 00:08:14.854507;;2026-10-05 09:51:33.351222;True;390.0;;;;;
321;321;unplanned;emergency;CLOSED;Не подаётся смазка к узлам;;2;9;8;1;4;2026-08-27 20:18:39.156494;3.0;18.0;Промыты магистрали, станция смазки запущена;False;;2026-08-27 16:33:39.156494;2026-08-27 16:33:39.156494;;2026-08-27 16:35:32.244316;;2026-08-27 19:22:15.972286;;2026-08-27 20:22:04.559766;2026-08-27 20:22:04.559766;2026-08-27 19:04:28.859606;2026-08-27 21:47:05.876962;;2026-10-05 09:51:33.351224;True;228.0;;;;;
322;322;unplanned;normal;CLOSED;Не включается пускатель;;2;10;16;3;4;2026-08-28 07:47:50.849806;2.0;8.0;Заменён автомат, протянуты клеммы;False;;2026-08-27 23:47:50.849806;2026-08-27 23:47:50.849806;;2026-08-28 00:10:54.723298;;2026-08-28 00:17:45.189420;;2026-08-28 02:18:43.582950;2026-08-28 02:18:43.582950;;2026-08-28 03:41:08.394679;;2026-10-05 09:51:33.351226;False;;;;;;
323;323;unplanned;high;CLOSED;Повышенная вибрация привода;;1;5;5;1;3;2026-08-28 09:17:27.583763;1.5;6.0;Подтянуты фундаментные болты;False;;2026-08-28 05:17:27.583763;2026-08-28 05:17:27.583763;;2026-08-28 05:19:32.322744;;2026-08-28 05:29:07.443128;;2026-08-28 06:40:57.364242;2026-08-28 06:40:57.364242;;2026-08-28 07:43:02.939931;;2026-10-05 09:51:33.351228;True;83.0;;;;;
324;324;planned;planned;CLOSED;ППР по графику: Дробилка КСД-2200;;1;3;5;1;3;2026-08-29 05:31:37.157729;1.0;19.0;ППР: ревизия узлов, замена смазки, проверка зазоров;False;;2026-08-28 05:31:37.157729;2026-08-28 05:31:37.157729;;2026-08-28 06:08:38.973380;;2026-08-28 06:22:51.813689;;2026-08-28 07:51:31.852368;2026-08-28 07:51:31.852368;;2026-08-28 09:48:29.875534;;2026-10-05 09:51:33.351230;False;;;;;;
325;325;unplanned;normal;CLOSED;Износ футеровки, стук при работе;;2;13;6;1;3;2026-08-28 13:46:16.109658;6.0;1.0;Заменены изношенные плиты футеровки, крепёж протянут;False;;2026-08-28 05:46:16.109658;2026-08-28 05:46:16.109658;2026-08-28 05:48:04.924929;2026-08-28 07:51:09.259775;;2026-08-28 07:55:42.037597;;2026-08-28 13:14:13.786202;2026-08-28 13:14:13.786202;;2026-08-28 14:05:23.887751;;2026-10-05 09:51:33.351232;False;;;;;;
326;326;unplanned;emergency;CLOSED;Повышенная вибрация привода;;3;17;18;3;4;2026-08-28 20:07:38.973094;1.5;6.0;Подтянуты фундаментные болты;False;;2026-08-28 18:07:38.973094;2026-08-28 18:07:38.973094;;2026-08-28 18:10:03.717219;;2026-08-28 18:14:29.753151;;2026-08-28 20:39:54.217574;2026-08-28 20:39:54.217574;;2026-08-28 21:48:39.377719;;2026-10-05 09:51:33.351234;True;152.0;;;;;
327;327;unplanned;normal;CLOSED;Стук в подшипниковом узле, вибрация;;3;20;11;2;4;2026-08-29 02:08:44.053495;4.0;2.0;Демонтирован разрушенный подшипник, установлен новый, вибрация в норме;False;;2026-08-28 18:08:44.053495;2026-08-28 18:08:44.053495;2026-08-28 18:17:42.271085;2026-08-28 19:00:51.919338;;2026-08-28 23:06:30.354035;2026-08-28 20:39:30.354035;2026-08-29 00:37:04.347148;2026-08-29 00:37:04.347148;;2026-08-29 01:39:56.650723;;2026-10-05 09:51:33.351236;False;;;;;;
328;328;unplanned;normal;CLOSED;Сход ленты, задевает раму;;3;18;11;2;4;2026-08-29 02:39:34.180151;5.0;3.0;Заменён участок ленты, отцентрирована лента, заменены ролики;False;;2026-08-28 18:39:34.180151;2026-08-28 18:39:34.180151;;2026-08-28 18:45:26.597652;;2026-08-28 19:01:57.324903;;2026-08-28 22:49:33.257021;2026-08-28 22:49:33.257021;;2026-08-28 23:32:52.756807;;2026-10-05 09:51:33.351238;False;;;;;;
329;329;unplanned;normal;CLOSED;Не включается пускатель;;4;22;16;3;4;2026-08-29 06:00:12.338913;2.0;8.0;Заменён автомат, протянуты клеммы;False;;2026-08-28 22:00:12.338913;2026-08-28 22:00:12.338913;;2026-08-28 22:13:16.315924;;2026-08-28 22:23:47.746992;;2026-08-29 00:04:59.769766;2026-08-29 00:04:59.769766;;2026-08-29 01:44:24.481488;;2026-10-05 09:51:33.351240;False;;;;;;
330;330;unplanned;normal;CLOSED;Износ брони, снижение производительности;;1;2;10;2;3;2026-08-29 13:31:00.023064;6.0;1.0;Заменены изношенные плиты футеровки, крепёж протянут;False;;2026-08-29 05:31:00.023064;2026-08-29 05:31:00.023064;2026-08-29 05:36:24.418626;2026-08-29 06:44:07.830769;;2026-08-29 07:02:08.129979;;2026-08-29 13:47:55.877287;2026-08-29 13:47:55.877287;;2026-08-29 14:56:22.249619;;2026-10-05 09:51:33.351242;False;;;;;;
331;331;planned;planned;CLOSED;Плановая ревизия электрооборудования: Конвейер К-1;;3;16;17;3;3;2026-08-30 08:45:19.729739;2.0;8.0;Плановая ревизия электрооборудования: протянуты контакты, замерена изоляция;True;;2026-08-29 08:45:19.729739;2026-08-29 08:45:19.729739;2026-08-29 08:47:10.798929;2026-08-29 10:41:39.740683;;2026-08-29 10:55:03.294308;;2026-08-29 12:49:42.140300;2026-08-29 12:49:42.140300;;2026-08-29 14:39:05.771455;;2026-10-05 09:51:33.351244;False;;;;;;
332;332;unplanned;high;CLOSED;Повышенный шум и нагрев подшипника;;3;19;12;2;3;2026-08-30 09:09:41.004333;4.0;2.0;Демонтирован разрушенный подшипник, установлен новый, вибрация в норме;False;;2026-08-30 04:09:41.004333;2026-08-30 04:09:41.004333;;2026-08-30 04:13:09.054601;;2026-08-30 04:32:44.045400;;2026-08-30 11:33:23.567382;2026-08-30 11:33:23.567382;;2026-08-30 12:31:04.240252;;2026-10-05 09:51:33.351247;False;;;;;;
333;333;planned;planned;CLOSED;ППР по графику: Конвейер К-3;;3;18;5;1;3;2026-08-31 04:15:24.418544;1.0;19.0;Плановое ТО по графику ППР;False;;2026-08-30 04:15:24.418544;2026-08-30 04:15:24.418544;;2026-08-30 05:45:00.026904;;2026-08-30 05:58:04.854893;;2026-08-30 07:03:48.551943;2026-08-30 07:03:48.551943;;2026-08-30 08:27:40.053571;;2026-10-05 09:51:33.351249;False;;;;;;
334;334;planned;planned;CLOSED;Плановая ревизия электрооборудования: Мельница шаровая МШЦ-4500×6000;;2;9;17;3;3;2026-08-31 06:48:11.601461;2.0;8.0;Плановая ревизия электрооборудования: протянуты контакты, замерена изоляция;True;;2026-08-30 06:48:11.601461;2026-08-30 06:48:11.601461;;2026-08-30 07:20:00.462598;;2026-08-30 07:29:20.220013;;2026-08-30 08:50:12.036657;2026-08-30 08:50:12.036657;;2026-08-30 09:24:55.880148;;2026-10-05 09:51:33.351251;False;;;;;;
335;335;unplanned;emergency;CLOSED;Повышенный шум и нагрев подшипника;;3;18;9;1;3;2026-08-30 14:38:01.745516;4.0;2.0;Демонтирован разрушенный подшипник, установлен новый, вибрация в норме;False;;2026-08-30 09:38:01.745516;2026-08-30 09:38:01.745516;;2026-08-30 09:39:53.555152;;2026-08-30 09:44:27.165233;;2026-08-30 15:35:48.046437;2026-08-30 15:35:48.046437;;2026-08-30 16:04:30.134946;;2026-10-05 09:51:33.351253;True;357.0;;;;;
336;336;unplanned;normal;CLOSED;Редуктор гудит, люфт вала;;2;9;10;2;3;2026-08-30 21:09:34.976154;8.0;4.0;Редуктор вскрыт, заменены подшипники, масло заменено;False;;2026-08-30 11:09:34.976154;2026-08-30 11:09:34.976154;;2026-08-30 11:14:42.321952;;2026-08-30 11:25:27.783552;;2026-08-30 21:43:48.142594;2026-08-30 21:43:48.142594;;2026-08-30 22:47:47.137980;;2026-10-05 09:51:33.351255;False;;;;;;
337;337;unplanned;high;CLOSED;Течь РВД;;1;6;6;1;3;2026-08-30 17:12:46.968310;1.5;13.0;Заменён РВД, протянуты соединения;False;;2026-08-30 13:12:46.968310;2026-08-30 13:12:46.968310;;2026-08-30 13:23:16.769224;;2026-08-30 13:27:01.507432;;2026-08-30 15:00:49.603287;2026-08-30 15:00:49.603287;;2026-08-30 16:26:22.772890;;2026-10-05 09:51:33.351257;True;108.0;;;;;
338;338;unplanned;normal;CLOSED;Залипает контактор;;2;11;17;3;3;2026-08-30 22:12:44.235981;2.0;8.0;Заменён контактор, проверена схема управления;False;;2026-08-30 14:12:44.235981;2026-08-30 14:12:44.235981;2026-08-30 14:17:22.377604;2026-08-30 16:15:45.637446;;2026-08-30 19:41:59.206884;2026-08-30 17:48:59.206884;2026-08-30 20:57:51.585651;2026-08-30 20:57:51.585651;;2026-08-30 22:03:13.769933;;2026-10-05 09:51:33.351259;False;;;;;;
339;339;unplanned;high;CLOSED;Нагрев узла из-за недостатка смазки;;4;23;7;1;4;2026-08-31 01:12:45.824756;1.0;19.0;Узел смазан, проверен нагрев;False;;2026-08-30 21:12:45.824756;2026-08-30 21:12:45.824756;;2026-08-30 21:17:15.789209;;2026-08-30 21:29:30.639848;;2026-08-30 22:34:32.302158;2026-08-30 22:34:32.302158;;2026-08-31 00:20:44.993458;;2026-10-05 09:51:33.351262;False;;;;;;
340;340;unplanned;high;CLOSED;Шипит воздух в магистрали;;4;25;7;1;4;2026-08-31 02:29:35.243700;1.0;15.0;Устранена утечка, протянуты соединения;False;;2026-08-30 22:29:35.243700;2026-08-30 22:29:35.243700;;2026-08-30 22:40:31.911095;;2026-08-30 22:46:15.478948;;2026-08-30 23:50:38.865252;2026-08-30 23:50:38.865252;;2026-08-31 01:20:04.370589;;2026-10-05 09:51:33.351264;True;81.0;;;;;
341;341;unplanned;high;CLOSED;Износ футеровки, стук при работе;;3;21;7;1;4;2026-08-31 08:00:20.414188;6.0;1.0;Заменены изношенные плиты футеровки, крепёж протянут;False;;2026-08-31 00:30:20.414188;2026-08-31 00:30:20.414188;;2026-08-31 00:37:32.274697;;2026-08-31 00:48:00.100660;;2026-08-31 05:55:12.130317;2026-08-31 05:55:12.130317;;2026-08-31 07:36:18.961395;;2026-10-05 09:51:33.351266;True;324.0;;;;;
342;342;unplanned;normal;CLOSED;Ослаб крепёж опоры;;3;16;5;1;3;2026-08-31 12:31:04.091262;1.5;6.0;Подтянуты фундаментные болты;False;;2026-08-31 04:31:04.091262;2026-08-31 04:31:04.091262;;2026-08-31 04:45:56.965469;;2026-08-31 05:02:07.382881;;2026-08-31 07:02:59.327035;2026-08-31 07:02:59.327035;;2026-08-31 08:29:17.853012;;2026-10-05 09:51:33.351268;False;;;;;;
343;343;planned;planned;CLOSED;ППР по графику: Питатель пластинчатый ПП-2-12;;1;4;6;1;3;2026-09-01 04:45:25.447516;1.0;19.0;ППР: ревизия узлов, замена смазки, проверка зазоров;False;;2026-08-31 04:45:25.447516;2026-08-31 04:45:25.447516;;2026-08-31 05:15:00.144048;;2026-08-31 05:21:40.943566;;2026-08-31 06:11:56.744665;2026-08-31 06:11:56.744665;;2026-08-31 07:02:44.362048;;2026-10-05 09:51:33.351271;False;;;;;;
344;344;unplanned;normal;CLOSED;Короткое замыкание в цепи управления;;2;13;15;3;3;2026-08-31 18:18:44.237048;2.5;10.0;Устранена неисправность в цепи, защита настроена;False;;2026-08-31 10:18:44.237048;2026-08-31 10:18:44.237048;;2026-08-31 10:29:57.918057;;2026-08-31 10:44:48.043201;;2026-08-31 13:30:19.044605;2026-08-31 13:30:19.044605;;2026-08-31 14:08:51.224343;;2026-10-05 09:51:33.351273;False;;;;;;
345;345;unplanned;high;CLOSED;Плановая замена масла;;4;25;12;2;3;2026-08-31 18:24:20.465111;2.0;20.0;Масло слито, редуктор промыт, залито новое;False;;2026-08-31 14:24:20.465111;2026-08-31 14:24:20.465111;;2026-08-31 14:32:12.746366;;2026-08-31 14:43:13.929279;;2026-08-31 16:45:24.864109;2026-08-31 16:45:24.864109;;2026-08-31 17:18:07.297223;;2026-10-05 09:51:33.351276;True;141.0;;;;;
346;346;unplanned;high;CLOSED;Нет сигнала с датчика;;2;11;14;2;4;2026-08-31 19:57:26.599738;1.5;11.0;Заменён датчик, выставлен зазор;False;;2026-08-31 15:57:26.599738;2026-08-31 15:57:26.599738;;2026-08-31 16:04:02.192765;;2026-08-31 16:22:27.911471;;2026-08-31 17:53:49.598442;2026-08-31 17:53:49.598442;;2026-08-31 19:01:21.060495;;2026-10-05 09:51:33.351278;True;116.0;;;;;
347;347;unplanned;normal;CLOSED;Ошибка станции централизованной смазки;;1;6;7;1;4;2026-09-01 03:54:28.029859;3.0;18.0;Восстановлена подача смазки, заменён питатель;False;;2026-08-31 19:54:28.029859;2026-08-31 19:54:28.029859;;2026-08-31 20:20:37.216485;;2026-08-31 20:26:43.823610;;2026-09-01 00:11:31.788253;2026-09-01 00:11:31.788253;;2026-09-01 00:44:22.819756;;2026-10-05 09:51:33.351281;False;;;;;;
348;348;unplanned;normal;CLOSED;Течь масла на насосе;;2;14;11;2;4;2026-09-01 06:02:44.865156;1.5;13.0;Заменён РВД, протянуты соединения;False;;2026-08-31 22:02:44.865156;2026-08-31 22:02:44.865156;;2026-08-31 22:14:21.415665;;2026-09-01 00:35:03.239640;2026-08-31 22:49:03.239640;2026-09-01 01:20:26.941815;2026-09-01 01:20:26.941815;;2026-09-01 02:15:14.256355;;2026-10-05 09:51:33.351285;False;;;;;;
349;349;unplanned;normal;CLOSED;Износ брони, снижение производительности;;2;12;11;2;4;2026-09-01 06:35:32.184192;6.0;1.0;Замена брони, проверена затяжка болтов;False;;2026-08-31 22:35:32.184192;2026-08-31 22:35:32.184192;;2026-08-31 22:46:11.868433;;2026-08-31 22:59:48.770445;;2026-09-01 03:42:23.952732;2026-09-01 03:42:23.952732;;2026-09-01 03:59:36.645266;;2026-10-05 09:51:33.351286;False;;;;;;
350;350;planned;planned;CLOSED;ППР по графику: Конвейер К-1;;3;16;6;1;3;2026-09-02 04:18:20.442734;1.0;19.0;Плановое ТО по графику ППР;False;;2026-09-01 04:18:20.442734;2026-09-01 04:18:20.442734;2026-09-01 04:27:05.938875;2026-09-01 05:31:36.906302;;2026-09-01 05:45:58.821944;;2026-09-01 06:58:41.431951;2026-09-01 06:58:41.431951;;2026-09-01 07:31:49.358665;;2026-10-05 09:51:33.351288;False;;;;;;
351;351;unplanned;high;CLOSED;Повышенный шум и нагрев подшипника;;3;18;6;1;3;2026-09-01 16:17:11.197642;4.0;2.0;Демонтирован разрушенный подшипник, установлен новый, вибрация в норме;False;;2026-09-01 11:17:11.197642;2026-09-01 11:17:11.197642;;2026-09-01 11:27:42.612013;;2026-09-01 11:40:41.545101;;2026-09-01 19:11:12.430356;2026-09-01 19:11:12.430356;;2026-09-01 20:04:29.808916;;2026-10-05 09:51:33.351289;True;474.0;;;;;
352;352;unplanned;normal;CLOSED;Повреждён питающий кабель;;1;7;15;3;3;2026-09-01 19:44:18.913994;3.0;9.0;Проложен новый кабель, замерено сопротивление изоляции;False;;2026-09-01 11:44:18.913994;2026-09-01 11:44:18.913994;;2026-09-01 11:56:51.765367;;2026-09-01 12:13:21.565784;;2026-09-01 14:03:11.394705;2026-09-01 14:03:11.394705;;2026-09-01 14:30:50.153153;;2026-10-05 09:51:33.351290;False;;;;;;
353;353;unplanned;emergency;CLOSED;Течь масла на насосе;;2;12;11;2;4;2026-09-01 18:09:37.123922;1.5;13.0;Заменено уплотнение, долито масло, течь устранена;False;;2026-09-01 16:09:37.123922;2026-09-01 16:09:37.123922;;2026-09-01 16:12:23.853170;;2026-09-01 16:18:09.466780;;2026-09-01 18:00:52.815887;2026-09-01 18:00:52.815887;;2026-09-01 19:31:26.979423;;2026-10-05 09:51:33.351291;True;111.0;;;;;
354;354;planned;planned;CLOSED;ППР по графику: Насос шламовый ГрАТ-1400;;2;13;10;2;3;2026-09-03 05:15:17.611500;1.0;19.0;Плановый осмотр, протяжка крепежа, смазка узлов;False;;2026-09-02 05:15:17.611500;2026-09-02 05:15:17.611500;;2026-09-02 06:11:13.234478;;2026-09-02 06:23:20.017774;;2026-09-02 07:20:44.636129;2026-09-02 07:20:44.636129;;2026-09-02 08:10:28.751573;;2026-10-05 09:51:33.351292;False;;;;;;
355;355;planned;planned;CLOSED;Плановая ревизия электрооборудования: Конвейер К-2;;3;17;17;3;3;2026-09-03 06:14:10.576122;2.0;8.0;Плановая ревизия электрооборудования: протянуты контакты, замерена изоляция;True;;2026-09-02 06:14:10.576122;2026-09-02 06:14:10.576122;2026-09-02 06:18:04.060373;2026-09-02 07:07:39.982165;;2026-09-02 07:16:11.162263;;2026-09-02 08:45:47.793407;2026-09-02 08:45:47.793407;;2026-09-02 10:24:27.821156;;2026-10-05 09:51:33.351294;False;;;;;;
356;356;unplanned;high;CLOSED;Выбивает защиту при пуске;;1;7;13;2;3;2026-09-02 14:12:46.800646;2.5;10.0;Найдено и устранено КЗ, заменены предохранители;False;;2026-09-02 10:12:46.800646;2026-09-02 10:12:46.800646;;2026-09-02 10:14:56.521408;;2026-09-02 10:24:48.704878;;2026-09-02 12:00:08.203855;2026-09-02 12:00:08.203855;;2026-09-02 13:06:37.306241;;2026-10-05 09:51:33.351295;False;;;;;;
357;357;unplanned;normal;CLOSED;Редуктор гудит, люфт вала;;1;2;5;1;3;2026-09-02 20:40:37.718129;8.0;4.0;Ревизия редуктора, замена прокладок и масла;False;;2026-09-02 10:40:37.718129;2026-09-02 10:40:37.718129;;2026-09-02 11:04:20.444891;;2026-09-02 11:14:05.867358;;2026-09-02 17:48:55.572475;2026-09-02 17:48:55.572475;;2026-09-02 18:31:14.743472;;2026-10-05 09:51:33.351296;False;;;;;;
358;358;unplanned;normal;CLOSED;Залипает контактор;;2;8;14;3;4;2026-09-02 23:19:42.851531;2.0;8.0;Заменён контактор, проверена схема управления;False;;2026-09-02 15:19:42.851531;2026-09-02 15:28:23.714901;;2026-09-02 15:40:12.838133;2026-09-02 15:23:03.934308;2026-09-02 15:50:27.211719;;2026-09-02 18:39:56.876779;2026-09-02 18:39:56.876779;;2026-09-02 20:15:41.334015;;2026-10-05 09:51:33.351297;False;;;;;;
359;359;unplanned;normal;CLOSED;Двигатель греется, срабатывает тепловая защита;;1;5;19;3;4;2026-09-03 05:30:29.461302;5.0;7.0;Двигатель заменён на резервный, подключён, проверен под нагрузкой;False;;2026-09-02 21:30:29.461302;2026-09-02 21:30:29.461302;;2026-09-02 21:39:42.229548;;2026-09-02 21:45:27.741382;;2026-09-03 01:59:58.600702;2026-09-03 01:59:58.600702;;2026-09-03 02:59:07.562457;;2026-10-05 09:51:33.351299;False;;;;;;
360;360;planned;planned;CLOSED;ППР по графику: Дробилка ККД-1500;;1;2;6;1;3;2026-09-04 05:24:09.539810;1.0;19.0;ППР: ревизия узлов, замена смазки, проверка зазоров;False;;2026-09-03 05:24:09.539810;2026-09-03 05:24:09.539810;;2026-09-03 06:21:22.582342;;2026-09-03 06:25:37.203604;;2026-09-03 08:00:22.368401;2026-09-03 08:00:22.368401;;2026-09-03 08:33:30.529645;;2026-10-05 09:51:33.351300;False;;;;;;
361;361;planned;planned;CLOSED;ППР по графику: Конвейер К-4;;3;19;5;1;3;2026-09-04 05:25:33.232604;1.0;19.0;ППР: ревизия узлов, замена смазки, проверка зазоров;False;;2026-09-03 05:25:33.232604;2026-09-03 05:25:33.232604;;2026-09-03 05:55:58.598380;;2026-09-03 05:59:59.550127;;2026-09-03 06:58:45.343753;2026-09-03 06:58:45.343753;;2026-09-03 08:25:53.355718;;2026-10-05 09:51:33.351301;False;;;;;;
362;362;unplanned;normal;CLOSED;Шум насоса, падение давления;;1;6;11;2;4;2026-09-04 00:06:37.767508;6.0;12.0;Насос заменён, система прокачана, давление в норме;False;;2026-09-03 16:06:37.767508;2026-09-03 16:06:37.767508;;2026-09-03 16:29:19.766669;;2026-09-03 16:47:28.884360;;2026-09-03 22:51:14.781271;2026-09-03 22:51:14.781271;;2026-09-04 00:22:51.761298;;2026-10-05 09:51:33.351302;False;;;;;;
363;363;unplanned;high;CLOSED;Двигатель не запускается;;2;14;14;2;4;2026-09-04 00:05:42.215900;5.0;7.0;Заменены подшипники двигателя, проверена изоляция;False;;2026-09-03 17:50:42.215900;2026-09-03 17:50:42.215900;;2026-09-03 17:54:44.662038;;2026-09-03 18:04:00.608679;;2026-09-03 21:28:19.202353;2026-09-03 21:28:19.202353;;2026-09-03 22:16:40.400635;;2026-10-05 09:51:33.351304;True;217.0;;;;;
364;364;unplanned;high;CLOSED;Износ футеровки, стук при работе;;1;1;10;2;3;2026-09-04 12:17:15.543465;6.0;1.0;Заменены изношенные плиты футеровки, крепёж протянут;False;;2026-09-04 04:47:15.543465;2026-09-04 04:47:15.543465;;2026-09-04 04:53:24.589571;;2026-09-04 10:41:12.047606;;2026-09-04 11:59:22.622893;2026-09-04 11:59:22.622893;2026-09-04 10:06:33.642479;2026-09-04 12:23:39.353134;;2026-10-05 09:51:33.351305;False;;;;;;
365;365;planned;planned;CLOSED;ППР по графику: Компрессор ВВ-0,8/8;;4;25;10;2;3;2026-09-05 04:56:45.405189;1.0;19.0;Плановое ТО по графику ППР;False;;2026-09-04 04:56:45.405189;2026-09-04 04:56:45.405189;2026-09-04 04:58:36.591352;2026-09-04 06:11:06.531904;;2026-09-04 06:29:04.403261;;2026-09-04 07:16:01.948479;2026-09-04 07:16:01.948479;;2026-09-04 07:40:31.215320;;2026-10-05 09:51:33.351306;False;;;;;;
366;366;planned;planned;CLOSED;ППР по графику: Сепаратор магнитный ПБМ-120/300;;2;10;12;2;3;2026-09-05 05:18:39.158390;1.0;19.0;Плановый осмотр, протяжка крепежа, смазка узлов;False;;2026-09-04 05:18:39.158390;2026-09-04 05:18:39.158390;2026-09-04 05:26:16.819966;2026-09-04 07:36:52.657642;;2026-09-04 07:52:20.428460;;2026-09-04 09:21:03.742150;2026-09-04 09:21:03.742150;;2026-09-04 09:32:21.044720;;2026-10-05 09:51:33.351307;False;;;;;;
367;367;planned;planned;CLOSED;ППР по графику: Насос гидравлический Н-7;;2;14;12;2;3;2026-09-05 05:21:48.314657;1.0;19.0;ППР: ревизия узлов, замена смазки, проверка зазоров;False;;2026-09-04 05:21:48.314657;2026-09-04 05:21:48.314657;;2026-09-04 06:22:06.136680;;2026-09-04 06:38:48.485328;;2026-09-04 07:43:00.581399;2026-09-04 07:43:00.581399;;2026-09-04 08:30:06.461701;;2026-10-05 09:51:33.351309;False;;;;;;
368;368;unplanned;high;CLOSED;Ошибка станции централизованной смазки;;1;6;6;1;3;2026-09-04 09:27:54.125801;3.0;18.0;Восстановлена подача смазки, заменён питатель;False;;2026-09-04 05:27:54.125801;2026-09-04 05:27:54.125801;;2026-09-04 05:30:52.027848;;2026-09-04 05:48:16.739383;;2026-09-04 09:21:57.976848;2026-09-04 09:21:57.976848;;2026-09-04 09:45:51.551922;;2026-10-05 09:51:33.351310;True;234.0;;;;;
369;369;unplanned;normal;CLOSED;Двигатель греется, срабатывает тепловая защита;;1;6;15;3;3;2026-09-04 15:43:27.477403;5.0;7.0;Заменены подшипники двигателя, проверена изоляция;False;;2026-09-04 07:43:27.477403;2026-09-04 07:43:27.477403;;2026-09-04 08:12:32.871337;;2026-09-04 08:32:02.285484;;2026-09-04 15:50:09.929942;2026-09-04 15:50:09.929942;;2026-09-04 16:25:30.725339;;2026-10-05 09:51:33.351311;False;;;;;;
370;370;unplanned;normal;CLOSED;Двигатель не запускается;;1;2;17;3;3;2026-09-04 17:18:01.898755;5.0;7.0;Двигатель заменён на резервный, подключён, проверен под нагрузкой;False;;2026-09-04 09:18:01.898755;2026-09-04 09:18:01.898755;2026-09-04 09:24:44.427570;2026-09-04 11:05:06.264819;;2026-09-04 11:22:16.962715;;2026-09-04 17:08:08.446453;2026-09-04 17:08:08.446453;;2026-09-04 18:37:30.660929;;2026-10-05 09:51:33.351312;False;;;;;;
371;371;unplanned;normal;CLOSED;Повышенный шум и нагрев подшипника;;2;13;11;2;4;2026-09-05 03:21:41.530521;4.0;2.0;Демонтирован разрушенный подшипник, установлен новый, вибрация в норме;False;;2026-09-04 19:21:41.530521;2026-09-04 19:21:41.530521;;2026-09-04 19:30:19.713296;;2026-09-04 19:45:31.850626;;2026-09-04 23:57:25.617061;2026-09-04 23:57:25.617061;;2026-09-05 00:34:46.200854;;2026-10-05 09:51:33.351314;False;;;;;;
372;372;unplanned;high;CLOSED;Стук в подшипниковом узле, вибрация;;3;16;9;1;3;2026-09-05 08:09:31.047825;4.0;2.0;Демонтирован разрушенный подшипник, установлен новый, вибрация в норме;False;;2026-09-05 03:09:31.047825;2026-09-05 03:09:31.047825;;2026-09-05 03:18:46.635202;;2026-09-05 03:31:19.439309;;2026-09-05 07:57:41.281103;2026-09-05 07:57:41.281103;;2026-09-05 09:07:13.593675;;2026-10-05 09:51:33.351315;True;288.0;;;;;
373;373;planned;planned;CLOSED;ППР по графику: Мельница шаровая МШЦ-3600×5500;;2;8;12;2;3;2026-09-06 04:08:34.098069;1.0;19.0;ППР: ревизия узлов, замена смазки, проверка зазоров;False;;2026-09-05 04:08:34.098069;2026-09-05 04:08:34.098069;;2026-09-05 05:18:54.499305;;2026-09-05 05:33:52.106669;;2026-09-05 06:17:39.762916;2026-09-05 06:17:39.762916;;2026-09-05 06:38:59.894009;;2026-10-05 09:51:33.351316;False;;;;;;
374;374;unplanned;normal;CLOSED;Редуктор гудит, люфт вала;;4;23;12;2;3;2026-09-05 14:55:30.145101;8.0;4.0;Ревизия редуктора, замена прокладок и масла;False;;2026-09-05 04:55:30.145101;2026-09-05 04:55:30.145101;;2026-09-05 05:17:26.735556;;2026-09-05 05:27:13.811055;;2026-09-05 14:17:55.025615;2026-09-05 14:17:55.025615;;2026-09-05 15:53:49.110335;;2026-10-05 09:51:33.351318;False;;;;;;
375;375;unplanned;normal;CLOSED;Нагрев узла из-за недостатка смазки;;4;22;12;2;3;2026-09-05 14:36:35.906917;1.0;19.0;Узел смазан, проверен нагрев;False;;2026-09-05 06:36:35.906917;2026-09-05 06:36:35.906917;;2026-09-05 06:40:44.110912;;2026-09-05 08:23:10.328246;2026-09-05 07:07:10.328246;2026-09-05 09:22:55.457760;2026-09-05 09:22:55.457760;;2026-09-05 10:21:21.075310;;2026-10-05 09:51:33.351319;False;;;;;;
376;376;unplanned;high;CLOSED;Масло потемнело, фильтр забит;;1;6;12;2;3;2026-09-05 13:54:16.977777;3.0;14.0;Слито загрязнённое масло, залито новое;False;;2026-09-05 09:54:16.977777;2026-09-05 09:54:16.977777;;2026-09-05 10:02:33.848787;;2026-09-05 14:02:23.201198;;2026-09-05 15:10:11.850331;2026-09-05 15:10:11.850331;2026-09-05 13:34:27.434400;2026-09-05 16:46:24.335025;;2026-10-05 09:51:33.351320;False;;;;;;
377;377;unplanned;emergency;CLOSED;Стук в подшипниковом узле, вибрация;;3;18;11;2;4;2026-09-05 23:37:38.259907;4.0;2.0;Заменён подшипник, узел набит смазкой, проверена соосность;False;;2026-09-05 18:37:38.259907;2026-09-05 18:37:38.259907;;2026-09-05 18:40:32.525226;;2026-09-05 18:45:23.108568;;2026-09-05 21:31:17.106442;2026-09-05 21:31:17.106442;;2026-09-05 21:52:25.674349;;2026-10-05 09:51:33.351321;True;173.0;;;;;
378;378;planned;planned;CLOSED;ППР по графику: Станок фрезерный 6Р82;;4;23;10;2;3;2026-09-07 04:08:30.172919;1.0;19.0;ППР: ревизия узлов, замена смазки, проверка зазоров;False;;2026-09-06 04:08:30.172919;2026-09-06 04:08:30.172919;;2026-09-06 04:58:16.697846;;2026-09-06 05:03:37.785363;;2026-09-06 05:59:12.226932;2026-09-06 05:59:12.226932;;2026-09-06 07:13:12.416047;;2026-10-05 09:51:33.351322;False;;;;;;
379;379;planned;planned;CLOSED;ППР по графику: Перегрузочный узел ПУ-1;;3;21;6;1;3;2026-09-07 04:27:36.826075;1.0;19.0;ППР: ревизия узлов, замена смазки, проверка зазоров;False;;2026-09-06 04:27:36.826075;2026-09-06 04:27:36.826075;;2026-09-06 05:09:27.087990;;2026-09-06 05:23:58.374964;;2026-09-06 06:15:08.609472;2026-09-06 06:15:08.609472;;2026-09-06 06:36:32.541247;;2026-10-05 09:51:33.351324;False;;;;;;
380;380;planned;planned;CLOSED;ППР по графику: Сепаратор магнитный ПБМ-150/200;;2;11;12;2;3;2026-09-07 04:29:35.718055;1.0;19.0;Плановое ТО по графику ППР;False;;2026-09-06 04:29:35.718055;2026-09-06 04:29:35.718055;;2026-09-06 05:05:30.132280;;2026-09-06 05:11:32.943125;;2026-09-06 06:25:24.168671;2026-09-06 06:25:24.168671;;2026-09-06 07:00:14.664173;;2026-10-05 09:51:33.351325;False;;;;;;
381;381;planned;planned;CLOSED;ППР по графику: Конвейер наклонный К-5;;3;20;5;1;3;2026-09-07 04:54:10.700218;1.0;19.0;ППР: ревизия узлов, замена смазки, проверка зазоров;False;;2026-09-06 04:54:10.700218;2026-09-06 04:54:10.700218;2026-09-06 05:03:51.579079;2026-09-06 07:15:20.323558;;2026-09-06 07:26:02.258710;;2026-09-06 08:22:12.006578;2026-09-06 08:22:12.006578;;2026-09-06 10:20:12.653445;;2026-10-05 09:51:33.351326;False;;;;;;
382;382;planned;planned;CLOSED;ППР по графику: Грохот ГИТ-71;;1;5;6;1;3;2026-09-07 05:09:16.935446;1.0;19.0;Плановый осмотр, протяжка крепежа, смазка узлов;False;;2026-09-06 05:09:16.935446;2026-09-06 05:09:16.935446;;2026-09-06 06:33:19.363437;;2026-09-06 06:39:32.845710;;2026-09-06 07:40:49.281193;2026-09-06 07:40:49.281193;;2026-09-06 08:49:42.656625;;2026-10-05 09:51:33.351327;False;;;;;;
383;383;planned;planned;CLOSED;Плановая ревизия электрооборудования: Насос шламовый ГрАТ-1400;;2;13;15;3;3;2026-09-07 07:24:14.938788;2.0;8.0;Плановая ревизия электрооборудования: протянуты контакты, замерена изоляция;True;;2026-09-06 07:24:14.938788;2026-09-06 07:24:14.938788;;2026-09-06 08:31:51.448772;;2026-09-06 08:46:46.418471;;2026-09-06 11:07:03.277669;2026-09-06 11:07:03.277669;;2026-09-06 12:05:13.225960;;2026-10-05 09:51:33.351328;False;;;;;;
384;384;unplanned;normal;CLOSED;Узел работает всухую, скрип;;3;16;12;2;3;2026-09-06 18:13:42.826817;1.0;19.0;Узел смазан, проверен нагрев;False;;2026-09-06 10:13:42.826817;2026-09-06 10:13:42.826817;;2026-09-06 10:31:48.400404;;2026-09-06 10:34:50.549831;;2026-09-06 11:09:21.759142;2026-09-06 11:09:21.759142;;2026-09-06 12:43:26.569434;;2026-10-05 09:51:33.351330;False;;;;;;
385;385;unplanned;normal;CLOSED;Стук в подшипниковом узле, вибрация;;3;20;6;1;3;2026-09-06 19:24:09.285515;4.0;2.0;Заменён подшипник, узел набит смазкой, проверена соосность;False;;2026-09-06 11:24:09.285515;2026-09-06 11:24:09.285515;;2026-09-06 11:45:22.247062;;2026-09-06 11:53:19.222967;;2026-09-06 17:07:52.961190;2026-09-06 17:07:52.961190;;2026-09-06 18:16:09.456253;;2026-10-05 09:51:33.351331;False;;;;;;
386;386;unplanned;emergency;CLOSED;Повышенная вибрация привода;;3;17;6;1;3;2026-09-06 14:48:12.762486;1.5;6.0;Подтянуты фундаментные болты;False;;2026-09-06 12:48:12.762486;2026-09-06 12:48:12.762486;;2026-09-06 12:51:01.037070;;2026-09-06 12:55:48.683371;;2026-09-06 14:10:22.652570;2026-09-06 14:10:22.652570;;2026-09-06 15:12:33.742480;;2026-10-05 09:51:33.351332;True;82.0;;;;;
387;387;unplanned;emergency;CLOSED;Трещина на раме;;3;21;18;3;4;2026-09-06 23:28:47.168519;3.0;5.0;Шов переварен, усилен косынками;False;;2026-09-06 19:43:47.168519;2026-09-06 19:43:47.168519;;2026-09-06 19:45:51.096770;;2026-09-06 19:50:23.275655;;2026-09-07 00:09:24.251726;2026-09-07 00:09:24.251726;;2026-09-07 00:26:06.197595;;2026-10-05 09:51:33.351333;True;265.0;;;;;
388;388;unplanned;high;CANCELLED;Двигатель греется, срабатывает тепловая защита;;2;14;19;3;4;2026-09-07 06:26:45.464165;5.0;;;False;;2026-09-07 00:11:45.464165;2026-09-07 00:11:45.464165;;;;;;;;;;2026-09-07 00:51:14.234476;2026-10-05 09:51:33.408364;True;;;;;;
389;389;planned;planned;CANCELLED;ППР по графику: Конвейер К-2;;3;17;5;1;3;2026-09-08 04:36:54.101703;1.0;;;False;;2026-09-07 04:36:54.101703;2026-09-07 04:36:54.101703;;;;;;;;;;2026-09-07 04:55:22.084095;2026-10-05 09:51:33.408372;False;;;;;;
390;390;planned;planned;CLOSED;ППР по графику: Фильтр дисковый ДУ-100;;2;15;10;2;3;2026-09-08 05:00:04.220014;1.0;19.0;ППР: ревизия узлов, замена смазки, проверка зазоров;False;;2026-09-07 05:00:04.220014;2026-09-07 05:00:04.220014;;2026-09-07 05:40:03.432906;;2026-09-07 05:43:18.373276;;2026-09-07 06:22:13.435670;2026-09-07 06:22:13.435670;;2026-09-07 07:49:55.461606;;2026-10-05 09:51:33.421626;False;;;;;;
391;391;unplanned;high;CLOSED;Ослаб крепёж опоры;;3;18;6;1;3;2026-09-07 10:02:59.795039;1.5;6.0;Подтянуты фундаментные болты;False;;2026-09-07 06:02:59.795039;2026-09-07 06:02:59.795039;;2026-09-07 06:10:22.348947;;2026-09-07 06:29:37.022826;;2026-09-07 07:48:49.778306;2026-09-07 07:48:49.778306;;2026-09-07 08:59:06.449170;;2026-10-05 09:51:33.421632;False;;;;;;
392;392;unplanned;emergency;CLOSED;Нагрев узла из-за недостатка смазки;;3;18;12;2;3;2026-09-07 13:47:19.710403;1.0;19.0;Выполнена смазка узлов, заменены пресс-маслёнки;False;;2026-09-07 11:47:19.710403;2026-09-07 11:47:19.710403;;2026-09-07 11:50:20.077317;;2026-09-07 11:51:39.716392;;2026-09-07 12:43:43.233779;2026-09-07 12:43:43.233779;;2026-09-07 13:03:43.526709;;2026-10-05 09:51:33.421634;True;56.0;;;;;
393;393;unplanned;normal;CLOSED;Двигатель греется, срабатывает тепловая защита;;4;25;19;3;4;2026-09-08 00:35:16.036664;5.0;7.0;Двигатель заменён на резервный, подключён, проверен под нагрузкой;False;;2026-09-07 16:35:16.036664;2026-09-07 16:35:16.036664;;2026-09-07 16:52:21.146629;;2026-09-07 17:07:58.623978;;2026-09-07 22:38:09.829173;2026-09-07 22:38:09.829173;;2026-09-08 00:37:18.925739;;2026-10-05 09:51:33.421635;False;;;;;;
394;394;unplanned;normal;CLOSED;Подшипник греется, запах гари;;3;18;11;2;4;2026-09-08 08:03:02.628252;4.0;2.0;Демонтирован разрушенный подшипник, установлен новый, вибрация в норме;False;;2026-09-08 00:03:02.628252;2026-09-08 00:03:02.628252;2026-09-08 00:12:33.889374;2026-09-08 01:12:29.424053;;2026-09-08 01:25:03.891501;;2026-09-08 07:30:31.760536;2026-09-08 07:30:31.760536;;2026-09-08 08:00:08.475312;;2026-10-05 09:51:33.421636;False;;;;;;
395;395;planned;planned;CLOSED;ППР по графику: Маслостанция дробилки НМШ-5;;1;6;6;1;3;2026-09-09 05:42:38.287591;1.0;19.0;Плановое ТО по графику ППР;False;;2026-09-08 05:42:38.287591;2026-09-08 05:42:38.287591;2026-09-08 05:45:34.113899;2026-09-08 07:05:00.537199;;2026-09-08 07:10:21.099023;;2026-09-08 07:59:38.056169;2026-09-08 07:59:38.056169;;2026-09-08 08:10:09.332147;;2026-10-05 09:51:33.421637;False;;;;;;
396;396;unplanned;emergency;CLOSED;Ослаб крепёж опоры;;1;1;6;1;3;2026-09-08 14:43:48.693730;1.5;6.0;Подтянуты фундаментные болты;False;;2026-09-08 12:43:48.693730;2026-09-08 12:43:48.693730;;2026-09-08 12:47:46.369119;;2026-09-08 14:57:42.483254;2026-09-08 13:08:42.483254;2026-09-08 15:38:47.937848;2026-09-08 15:38:47.937848;;2026-09-08 16:34:32.794486;;2026-10-05 09:51:33.421638;True;174.0;;;;;
397;397;unplanned;normal;CLOSED;Залипает контактор;;2;10;16;3;4;2026-09-08 23:55:14.680148;2.0;8.0;Заменён автомат, протянуты клеммы;False;;2026-09-08 15:55:14.680148;2026-09-08 15:55:14.680148;;2026-09-08 16:11:25.590864;;2026-09-08 16:24:13.730861;;2026-09-08 18:36:55.288688;2026-09-08 18:36:55.288688;;2026-09-08 19:22:55.987216;;2026-10-05 09:51:33.421639;False;;;;;;
398;398;unplanned;emergency;CLOSED;Короткое замыкание в цепи управления;;2;9;19;3;4;2026-09-08 21:51:53.334510;2.5;10.0;Устранена неисправность в цепи, защита настроена;False;;2026-09-08 18:44:23.334510;2026-09-08 18:44:23.334510;;2026-09-08 18:47:32.038718;;2026-09-08 18:52:00.544488;;2026-09-08 21:01:46.822800;2026-09-08 21:01:46.822800;;2026-09-08 23:01:17.508658;;2026-10-05 09:51:33.421641;True;137.0;;;;;
399;399;unplanned;high;CLOSED;Не подаётся смазка к узлам;;2;9;8;1;4;2026-09-09 01:22:16.487503;3.0;18.0;Восстановлена подача смазки, заменён питатель;False;;2026-09-08 21:22:16.487503;2026-09-08 21:22:16.487503;;2026-09-08 21:26:07.174500;;2026-09-08 21:41:50.719224;;2026-09-09 01:20:24.390902;2026-09-09 01:20:24.390902;;2026-09-09 01:35:13.193025;;2026-10-05 09:51:33.421642;True;238.0;;;;;
400;400;unplanned;high;CLOSED;Пробой кабеля, искрение;;4;24;13;2;3;2026-09-09 08:42:33.405521;3.0;9.0;Проложен новый кабель, замерено сопротивление изоляции;False;;2026-09-09 04:42:33.405521;2026-09-09 04:42:33.405521;;2026-09-09 04:46:18.722924;;2026-09-09 04:56:37.721185;;2026-09-09 07:57:15.247169;2026-09-09 07:57:15.247169;;2026-09-09 08:14:25.114059;;2026-10-05 09:51:33.421642;False;;;;;;
401;401;unplanned;normal;CLOSED;Нет сигнала с датчика;;2;12;19;3;4;2026-09-10 00:11:04.585602;1.5;11.0;Заменён датчик, выставлен зазор;False;;2026-09-09 16:11:04.585602;2026-09-09 16:11:04.585602;;2026-09-09 16:24:04.588480;;2026-09-09 16:28:39.553875;;2026-09-09 17:38:52.037826;2026-09-09 17:38:52.037826;;2026-09-09 19:29:03.393446;;2026-10-05 09:51:33.421644;False;;;;;;
402;402;unplanned;high;CLOSED;Шум насоса, падение давления;;1;6;11;2;4;2026-09-10 07:35:32.880667;6.0;12.0;Ревизия насоса, замена уплотнений и фильтра;False;;2026-09-10 00:05:32.880667;2026-09-10 00:05:32.880667;;2026-09-10 00:16:39.025315;;2026-09-10 00:22:55.707887;;2026-09-10 06:20:45.533607;2026-09-10 06:20:45.533607;;2026-09-10 07:11:14.849039;;2026-10-05 09:51:33.421644;False;;;;;;
403;403;planned;planned;CLOSED;ППР по графику: Мельница шаровая МШЦ-4500×6000;;2;9;10;2;3;2026-09-11 04:06:42.753222;1.0;19.0;ППР: ревизия узлов, замена смазки, проверка зазоров;False;;2026-09-10 04:06:42.753222;2026-09-10 04:06:42.753222;2026-09-10 04:08:05.732862;2026-09-10 05:21:26.630175;;2026-09-10 05:39:16.819602;;2026-09-10 06:16:19.443046;2026-09-10 06:16:19.443046;;2026-09-10 07:39:30.907652;;2026-10-05 09:51:33.421645;False;;;;;;
404;404;planned;planned;CLOSED;ППР по графику: Дробилка КМД-1750;;1;1;10;2;3;2026-09-11 04:12:17.965268;1.0;19.0;Плановый осмотр, протяжка крепежа, смазка узлов;False;;2026-09-10 04:12:17.965268;2026-09-10 04:12:17.965268;2026-09-10 04:15:15.123296;2026-09-10 05:00:04.650885;;2026-09-10 05:05:34.820978;;2026-09-10 06:47:11.325945;2026-09-10 06:47:11.325945;;2026-09-10 07:09:08.417145;;2026-10-05 09:51:33.421646;False;;;;;;
405;405;unplanned;high;CLOSED;Износ брони, снижение производительности;;2;13;10;2;3;2026-09-10 21:04:12.901719;6.0;1.0;Замена брони, проверена затяжка болтов;False;;2026-09-10 13:34:12.901719;2026-09-10 13:34:12.901719;;2026-09-10 13:41:43.917563;;2026-09-10 13:46:33.174458;;2026-09-10 19:07:22.956554;2026-09-10 19:07:22.956554;;2026-09-10 19:52:11.795114;;2026-10-05 09:51:33.421647;True;333.0;;;;;
406;406;unplanned;emergency;CLOSED;Повышенная вибрация привода;;4;24;8;1;4;2026-09-10 22:45:46.499295;1.5;6.0;Подтянуты фундаментные болты;False;;2026-09-10 20:45:46.499295;2026-09-10 20:45:46.499295;;2026-09-10 20:48:14.102593;;2026-09-10 20:52:17.210006;;2026-09-10 22:50:07.686219;2026-09-10 22:50:07.686219;;2026-09-11 00:39:19.591015;;2026-10-05 09:51:33.421648;True;124.0;;;;;
407;407;planned;planned;CLOSED;ППР по графику: Станок токарный 1М63;;4;22;10;2;3;2026-09-12 04:07:03.891122;1.0;19.0;Плановый осмотр, протяжка крепежа, смазка узлов;False;;2026-09-11 04:07:03.891122;2026-09-11 04:07:03.891122;;2026-09-11 04:22:20.801926;;2026-09-11 04:35:33.892147;;2026-09-11 05:33:16.987349;2026-09-11 05:33:16.987349;;2026-09-11 06:28:20.874629;;2026-10-05 09:51:33.421649;False;;;;;;
408;408;planned;planned;CLOSED;ППР по графику: Дробилка КСД-2200;;1;3;6;1;3;2026-09-12 04:12:15.913991;1.0;19.0;Плановое ТО по графику ППР;False;;2026-09-11 04:12:15.913991;2026-09-11 04:12:15.913991;2026-09-11 04:20:53.831133;2026-09-11 05:13:19.071552;;2026-09-11 05:17:21.500827;;2026-09-11 06:42:12.036549;2026-09-11 06:42:12.036549;;2026-09-11 06:54:23.090563;;2026-10-05 09:51:33.421650;False;;;;;;
409;409;unplanned;high;CLOSED;Подшипник греется, запах гари;;3;18;10;2;3;2026-09-11 10:22:40.635378;4.0;2.0;Заменён подшипник, узел набит смазкой, проверена соосность;False;;2026-09-11 05:22:40.635378;2026-09-11 05:22:40.635378;;2026-09-11 05:25:31.641686;;2026-09-11 05:34:11.207300;;2026-09-11 08:13:05.125127;2026-09-11 08:13:05.125127;;2026-09-11 09:51:00.621743;;2026-10-05 09:51:33.421651;False;;;;;;
410;410;unplanned;emergency;CLOSED;Течь РВД;;1;1;5;1;3;2026-09-11 16:00:07.767073;1.5;13.0;Заменён РВД, протянуты соединения;False;;2026-09-11 14:00:07.767073;2026-09-11 14:00:07.767073;;2026-09-11 14:02:22.960032;;2026-09-11 14:04:13.678080;;2026-09-11 15:55:07.697961;2026-09-11 15:55:07.697961;;2026-09-11 17:27:37.682274;;2026-10-05 09:51:33.421652;True;114.0;;;;;
411;411;unplanned;normal;CLOSED;Масло в редукторе загрязнено;;4;25;11;2;4;2026-09-12 02:53:31.326837;2.0;20.0;Замена масла, замена прокладки;False;;2026-09-11 18:53:31.326837;2026-09-11 18:53:31.326837;2026-09-11 19:02:22.228451;2026-09-11 21:22:49.280662;;2026-09-11 21:25:00.812772;;2026-09-11 23:31:15.550456;2026-09-11 23:31:15.550456;;2026-09-11 23:55:48.995332;;2026-10-05 09:51:33.421653;False;;;;;;
412;412;unplanned;emergency;CLOSED;Короткое замыкание в цепи управления;;2;13;16;3;4;2026-09-12 03:46:04.636046;2.5;10.0;Найдено и устранено КЗ, заменены предохранители;False;;2026-09-12 00:38:34.636046;2026-09-12 00:38:34.636046;;2026-09-12 00:41:02.625522;;2026-09-12 00:43:22.627281;;2026-09-12 02:48:59.814495;2026-09-12 02:48:59.814495;;2026-09-12 03:00:03.473105;;2026-10-05 09:51:33.421654;True;130.0;;;;;
413;413;unplanned;emergency;CLOSED;Подшипник греется, запах гари;;3;18;5;1;3;2026-09-12 09:28:29.382336;4.0;2.0;Заменён подшипник, узел набит смазкой, проверена соосность;False;;2026-09-12 04:28:29.382336;2026-09-12 04:28:29.382336;;2026-09-12 04:32:06.011063;;2026-09-12 04:36:11.249264;;2026-09-12 07:10:30.053192;2026-09-12 07:10:30.053192;;2026-09-12 09:05:09.239871;;2026-10-05 09:51:33.421655;True;162.0;;;;;
414;414;planned;planned;CLOSED;Плановая ревизия электрооборудования: Дробилка ККД-1500;;1;2;15;3;3;2026-09-13 08:25:02.847920;2.0;8.0;Плановая ревизия электрооборудования: протянуты контакты, замерена изоляция;True;;2026-09-12 08:25:02.847920;2026-09-12 08:25:02.847920;;2026-09-12 08:51:51.899316;;2026-09-12 09:06:46.236827;;2026-09-12 10:50:34.108343;2026-09-12 10:50:34.108343;;2026-09-12 11:21:02.136552;;2026-10-05 09:51:33.421657;False;;;;;;
415;415;planned;planned;CLOSED;Плановая ревизия электрооборудования: Конвейер К-3;;3;18;17;3;3;2026-09-13 08:53:35.119385;2.0;8.0;Плановая ревизия электрооборудования: протянуты контакты, замерена изоляция;True;;2026-09-12 08:53:35.119385;2026-09-12 08:53:35.119385;;2026-09-12 10:12:27.434236;;2026-09-12 10:22:25.351871;;2026-09-12 12:22:53.906241;2026-09-12 12:22:53.906241;;2026-09-12 12:53:43.587125;;2026-10-05 09:51:33.421658;False;;;;;;
416;416;unplanned;normal;CLOSED;Течь РВД;;2;13;5;1;3;2026-09-12 19:39:03.335052;1.5;13.0;Заменён РВД, протянуты соединения;False;;2026-09-12 11:39:03.335052;2026-09-12 11:39:03.335052;;2026-09-12 12:02:28.518763;;2026-09-12 12:08:34.451552;;2026-09-12 13:14:40.660455;2026-09-12 13:14:40.660455;;2026-09-12 13:31:47.372482;;2026-10-05 09:51:33.421659;False;;;;;;
417;417;unplanned;emergency;CLOSED;Стук в подшипниковом узле, вибрация;;3;18;5;1;3;2026-09-12 19:25:59.798581;4.0;2.0;Демонтирован разрушенный подшипник, установлен новый, вибрация в норме;False;;2026-09-12 14:25:59.798581;2026-09-12 14:25:59.798581;;2026-09-12 14:29:11.723133;;2026-09-12 18:50:08.867800;2026-09-12 17:40:08.867800;2026-09-12 22:48:38.418099;2026-09-12 22:48:38.418099;;2026-09-13 00:22:36.940462;;2026-10-05 09:51:33.421659;True;502.0;;;;;
418;418;unplanned;high;CLOSED;Порыв ленты на стыке;;3;19;11;2;4;2026-09-13 02:42:54.033114;5.0;3.0;Выполнена стыковка ленты, отрегулирован ход;False;;2026-09-12 20:27:54.033114;2026-09-12 20:27:54.033114;;2026-09-12 20:36:48.551885;;2026-09-12 20:46:11.062874;;2026-09-13 03:19:13.888023;2026-09-13 03:19:13.888023;;2026-09-13 05:04:57.541359;;2026-10-05 09:51:33.421660;False;;;;;;
419;419;unplanned;emergency;CLOSED;Стук в подшипниковом узле, вибрация;;2;13;8;1;4;2026-09-13 05:46:47.702644;4.0;2.0;Демонтирован разрушенный подшипник, установлен новый, вибрация в норме;False;;2026-09-13 00:46:47.702644;2026-09-13 00:46:47.702644;;2026-09-13 00:49:05.891272;;2026-09-13 04:09:54.107162;2026-09-13 02:56:54.107162;2026-09-13 06:41:04.539309;2026-09-13 06:41:04.539309;;2026-09-13 08:04:18.748044;;2026-10-05 09:51:33.421661;True;354.0;;;;;
420;420;planned;planned;CLOSED;ППР по графику: Конвейер К-3;;3;18;6;1;3;2026-09-14 04:57:02.033122;1.0;19.0;Плановое ТО по графику ППР;False;;2026-09-13 04:57:02.033122;2026-09-13 04:57:02.033122;2026-09-13 05:00:56.605672;2026-09-13 06:22:54.867629;;2026-09-13 08:08:01.160861;2026-09-13 06:55:01.160861;2026-09-13 08:58:15.515255;2026-09-13 08:58:15.515255;;2026-09-13 10:43:18.558996;;2026-10-05 09:51:33.421662;False;;;;;;
421;421;unplanned;high;CLOSED;Износ брони, снижение производительности;;2;12;9;1;3;2026-09-13 16:29:39.793647;6.0;1.0;Заменены изношенные плиты футеровки, крепёж протянут;False;;2026-09-13 08:59:39.793647;2026-09-13 08:59:39.793647;;2026-09-13 09:05:49.993994;;2026-09-13 09:11:36.206462;;2026-09-13 14:34:27.379423;2026-09-13 14:34:27.379423;;2026-09-13 15:47:24.394161;;2026-10-05 09:51:33.421663;False;;;;;;
422;422;unplanned;high;CLOSED;Повышенная вибрация привода;;4;24;8;1;4;2026-09-14 03:11:46.740589;1.5;6.0;Подтянуты фундаментные болты;False;;2026-09-13 23:11:46.740589;2026-09-13 23:11:46.740589;;2026-09-13 23:19:24.719401;;2026-09-13 23:37:26.521016;;2026-09-14 00:19:54.090772;2026-09-14 00:19:54.090772;;2026-09-14 01:55:25.150011;;2026-10-05 09:51:33.421664;False;;;;;;
423;423;unplanned;emergency;CLOSED;Течь РВД;;2;14;8;1;4;2026-09-14 04:03:35.533639;1.5;13.0;Заменено уплотнение, долито масло, течь устранена;False;;2026-09-14 02:03:35.533639;2026-09-14 02:03:35.533639;;2026-09-14 02:07:08.132740;;2026-09-14 02:08:25.839116;;2026-09-14 03:13:01.261057;2026-09-14 03:13:01.261057;;2026-09-14 03:29:40.976536;;2026-10-05 09:51:33.421665;True;69.0;;;;;
424;424;unplanned;normal;CLOSED;Трещина сварного шва короба;;4;24;9;1;3;2026-09-14 13:03:36.610614;3.0;5.0;Шов переварен, усилен косынками;False;;2026-09-14 05:03:36.610614;2026-09-14 05:03:36.610614;;2026-09-14 05:29:37.986248;;2026-09-14 07:24:18.810000;2026-09-14 06:44:18.810000;2026-09-14 08:44:50.694597;2026-09-14 08:44:50.694597;;2026-09-14 09:44:59.919957;;2026-10-05 09:51:33.421666;False;;;;;;
425;425;planned;planned;CLOSED;ППР по графику: Кран мостовой 10 т;;4;24;10;2;3;2026-09-15 05:26:48.138474;1.0;19.0;ППР: ревизия узлов, замена смазки, проверка зазоров;False;;2026-09-14 05:26:48.138474;2026-09-14 05:26:48.138474;;2026-09-14 05:49:50.063720;;2026-09-14 05:54:08.882258;;2026-09-14 07:23:11.580498;2026-09-14 07:23:11.580498;;2026-09-14 09:05:09.664425;;2026-10-05 09:51:33.421667;False;;;;;;
426;426;unplanned;emergency;CLOSED;Нагрев узла из-за недостатка смазки;;4;22;5;1;3;2026-09-14 08:42:26.589853;1.0;19.0;Узел смазан, проверен нагрев;False;;2026-09-14 06:42:26.589853;2026-09-14 06:42:26.589853;;2026-09-14 06:45:42.758300;;2026-09-14 06:46:54.572742;;2026-09-14 07:48:08.352593;2026-09-14 07:48:08.352593;;2026-09-14 08:35:20.195718;;2026-10-05 09:51:33.421668;True;65.0;;;;;
427;427;unplanned;high;CLOSED;Не включается пускатель;;4;24;15;3;3;2026-09-14 12:33:37.041411;2.0;8.0;Заменён контактор, проверена схема управления;False;;2026-09-14 08:33:37.041411;2026-09-14 08:33:37.041411;;2026-09-14 08:40:51.849017;;2026-09-14 08:54:25.013222;;2026-09-14 10:47:31.659031;2026-09-14 10:47:31.659031;;2026-09-14 12:14:13.758312;;2026-10-05 09:51:33.421669;True;133.0;;;;;
428;428;unplanned;normal;CLOSED;Трещина на раме;;3;21;9;1;3;2026-09-14 18:54:53.204039;3.0;5.0;Трещина разделана и заварена, установлена накладка;False;;2026-09-14 10:54:53.204039;2026-09-14 10:54:53.204039;;2026-09-14 11:23:39.366092;;2026-09-14 11:28:08.053055;;2026-09-14 14:04:22.172142;2026-09-14 14:04:22.172142;;2026-09-14 14:18:19.809022;;2026-10-05 09:51:33.421670;False;;;;;;
429;429;unplanned;emergency;CLOSED;Течь РВД;;1;1;6;1;3;2026-09-14 13:51:16.641779;1.5;13.0;Заменено уплотнение, долито масло, течь устранена;False;;2026-09-14 11:51:16.641779;2026-09-14 11:51:16.641779;;2026-09-14 11:53:19.530455;;2026-09-14 11:54:43.718686;;2026-09-14 14:05:28.740400;2026-09-14 14:05:28.740400;;2026-09-14 14:51:27.323751;;2026-10-05 09:51:33.421671;True;134.0;;;;;
430;430;unplanned;high;CLOSED;Подшипник греется, запах гари;;3;20;11;2;4;2026-09-15 02:46:10.966490;4.0;2.0;Заменён подшипник, узел набит смазкой, проверена соосность;False;;2026-09-14 21:46:10.966490;2026-09-14 21:46:10.966490;;2026-09-14 21:54:12.987204;;2026-09-14 22:07:56.508511;;2026-09-15 02:10:14.562622;2026-09-15 02:10:14.562622;;2026-09-15 02:26:13.388482;;2026-10-05 09:51:33.421672;True;264.0;;;;;
431;431;unplanned;high;CLOSED;Повышенная вибрация привода;;2;15;11;2;4;2026-09-15 03:37:33.897251;1.5;6.0;Протянут крепёж, заменены сорванные болты;False;;2026-09-14 23:37:33.897251;2026-09-14 23:37:33.897251;;2026-09-14 23:41:22.448739;;2026-09-14 23:49:23.095314;;2026-09-15 01:19:19.324371;2026-09-15 01:19:19.324371;;2026-09-15 03:06:36.445919;;2026-10-05 09:51:33.421673;True;101.0;;;;;
432;432;unplanned;normal;CLOSED;Масло потемнело, фильтр забит;;2;14;7;1;4;2026-09-15 08:01:08.777898;3.0;14.0;Масло заменено, фильтры заменены, система промыта;False;;2026-09-15 00:01:08.777898;2026-09-15 00:01:08.777898;;2026-09-15 00:12:20.361308;;2026-09-15 02:44:06.363053;2026-09-15 01:20:06.363053;2026-09-15 05:07:32.162147;2026-09-15 05:07:32.162147;;2026-09-15 07:00:04.983378;;2026-10-05 09:51:33.421674;False;;;;;;
433;433;planned;planned;CLOSED;ППР по графику: Гидроциклон ГЦ-710;;2;12;10;2;3;2026-09-16 04:43:26.374395;1.0;19.0;Плановое ТО по графику ППР;False;;2026-09-15 04:43:26.374395;2026-09-15 04:43:26.374395;;2026-09-15 06:09:38.014363;;2026-09-15 06:25:54.197891;;2026-09-15 07:16:12.782353;2026-09-15 07:16:12.782353;;2026-09-15 08:42:18.672381;;2026-10-05 09:51:33.421674;False;;;;;;
434;434;planned;planned;CLOSED;ППР по графику: Конвейер К-1;;3;16;5;1;3;2026-09-16 05:31:30.077761;1.0;19.0;ППР: ревизия узлов, замена смазки, проверка зазоров;False;;2026-09-15 05:31:30.077761;2026-09-15 05:31:30.077761;;2026-09-15 05:43:53.588712;;2026-09-15 05:54:50.806023;;2026-09-15 07:13:27.368771;2026-09-15 07:13:27.368771;;2026-09-15 07:52:51.446063;;2026-10-05 09:51:33.421675;False;;;;;;
435;435;unplanned;normal;CLOSED;Повышенный шум и нагрев подшипника;;3;17;9;1;3;2026-09-15 13:59:30.905219;4.0;2.0;Демонтирован разрушенный подшипник, установлен новый, вибрация в норме;False;;2026-09-15 05:59:30.905219;2026-09-15 05:59:30.905219;2026-09-15 06:06:22.003617;2026-09-15 08:19:55.466521;;2026-09-15 08:36:57.690401;;2026-09-15 10:42:22.645672;2026-09-15 10:42:22.645672;;2026-09-15 11:27:39.339844;;2026-10-05 09:51:33.421676;False;;;;;;
436;436;unplanned;high;CLOSED;Подшипник греется, запах гари;;3;18;9;1;3;2026-09-15 12:49:10.447862;4.0;2.0;Заменён подшипник, узел набит смазкой, проверена соосность;False;;2026-09-15 07:49:10.447862;2026-09-15 07:49:10.447862;;2026-09-15 07:54:38.910134;;2026-09-15 08:01:54.755632;;2026-09-15 15:22:38.402333;2026-09-15 15:22:38.402333;;2026-09-15 17:13:39.173641;;2026-10-05 09:51:33.421677;True;453.0;;;;;
437;437;planned;planned;CLOSED;Плановая ревизия электрооборудования: Дробилка КСД-2200;;1;3;15;3;3;2026-09-16 08:25:16.985351;2.0;8.0;Плановая ревизия электрооборудования: протянуты контакты, замерена изоляция;True;;2026-09-15 08:25:16.985351;2026-09-15 08:25:16.985351;;2026-09-15 09:41:50.648188;;2026-09-15 09:46:42.830395;;2026-09-15 12:08:29.454159;2026-09-15 12:08:29.454159;;2026-09-15 13:04:34.696205;;2026-10-05 09:51:33.421678;False;;;;;;
438;438;unplanned;normal;CLOSED;Шипит воздух в магистрали;;4;25;5;1;3;2026-09-15 16:25:27.082528;1.0;15.0;Заменены фитинги, утечка устранена;False;;2026-09-15 08:25:27.082528;2026-09-15 08:25:27.082528;2026-09-15 08:31:24.324753;2026-09-15 10:53:54.185663;;2026-09-15 11:09:13.073828;;2026-09-15 12:40:12.381993;2026-09-15 12:40:12.381993;;2026-09-15 14:05:51.868210;;2026-10-05 09:51:33.421679;False;;;;;;
439;439;unplanned;normal;CLOSED;Износ футеровки, стук при работе;;2;8;5;1;3;2026-09-15 16:44:52.929801;6.0;1.0;Заменены изношенные плиты футеровки, крепёж протянут;False;;2026-09-15 08:44:52.929801;2026-09-15 08:44:52.929801;;2026-09-15 09:12:03.209451;;2026-09-15 09:17:26.607074;;2026-09-15 15:18:19.130906;2026-09-15 15:18:19.130906;;2026-09-15 15:41:38.229436;;2026-10-05 09:51:33.421680;False;;;;;;
440;440;unplanned;normal;CLOSED;Шум в редукторе, металлическая стружка в масле;;3;20;6;1;3;2026-09-15 18:58:59.940267;8.0;4.0;Ревизия редуктора, замена прокладок и масла;False;;2026-09-15 08:58:59.940267;2026-09-15 08:58:59.940267;2026-09-15 09:08:30.172556;2026-09-15 10:54:30.535953;;2026-09-15 10:56:41.949882;;2026-09-15 19:32:11.832414;2026-09-15 19:32:11.832414;;2026-09-15 20:34:17.575837;;2026-10-05 09:51:33.421681;False;;;;;;
441;441;unplanned;emergency;CLOSED;Повышенная вибрация привода;;3;18;10;2;3;2026-09-15 11:34:16.362333;1.5;6.0;Протянут крепёж, заменены сорванные болты;False;;2026-09-15 09:34:16.362333;2026-09-15 09:34:16.362333;;2026-09-15 09:37:02.044782;;2026-09-15 09:42:26.235507;;2026-09-15 11:54:27.905091;2026-09-15 11:54:27.905091;;2026-09-15 12:41:34.630900;;2026-10-05 09:51:33.421682;True;140.0;;;;;
442;442;unplanned;normal;CLOSED;Узел работает всухую, скрип;;4;23;12;2;3;2026-09-16 11:49:45.788421;1.0;19.0;Узел смазан, проверен нагрев;False;;2026-09-16 03:49:45.788421;2026-09-16 03:49:45.788421;;2026-09-16 04:04:56.730784;;2026-09-16 06:19:43.352891;2026-09-16 04:45:43.352891;2026-09-16 06:52:16.404089;2026-09-16 06:52:16.404089;;2026-09-16 08:19:04.633394;;2026-10-05 09:51:33.421683;False;;;;;;
443;443;unplanned;high;CLOSED;Стук в подшипниковом узле, вибрация;;3;18;10;2;3;2026-09-16 08:52:27.593170;4.0;2.0;Заменён подшипник, узел набит смазкой, проверена соосность;False;;2026-09-16 03:52:27.593170;2026-09-16 03:52:27.593170;;2026-09-16 03:57:21.765164;;2026-09-16 04:05:19.694017;;2026-09-16 07:17:34.830739;2026-09-16 07:17:34.830739;;2026-09-16 08:42:42.849433;;2026-10-05 09:51:33.421684;True;205.0;;;;;
444;444;unplanned;emergency;CLOSED;Порыв ленты на стыке;;3;18;10;2;3;2026-09-16 10:38:03.242669;5.0;3.0;Заменён участок ленты, отцентрирована лента, заменены ролики;False;;2026-09-16 04:23:03.242669;2026-09-16 04:23:03.242669;;2026-09-16 04:26:28.758001;;2026-09-16 04:32:13.170343;;2026-09-16 08:32:48.383907;2026-09-16 08:32:48.383907;;2026-09-16 09:34:54.526728;;2026-10-05 09:51:33.421685;True;249.0;;;;;
445;445;planned;planned;CLOSED;ППР по графику: Железоотделитель ЭП-120;;1;7;6;1;3;2026-09-17 04:43:46.791689;1.0;19.0;Плановый осмотр, протяжка крепежа, смазка узлов;False;;2026-09-16 04:43:46.791689;2026-09-16 04:43:46.791689;;2026-09-16 04:59:08.096728;;2026-09-16 05:02:42.319120;;2026-09-16 06:45:47.419854;2026-09-16 06:45:47.419854;;2026-09-16 07:44:51.693829;;2026-10-05 09:51:33.421686;False;;;;;;
446;446;planned;planned;CLOSED;ППР по графику: Насос шламовый ГрАТ-1400;;2;13;12;2;3;2026-09-17 05:35:02.971423;1.0;19.0;Плановый осмотр, протяжка крепежа, смазка узлов;False;;2026-09-16 05:35:02.971423;2026-09-16 05:35:02.971423;;2026-09-16 07:02:43.125222;;2026-09-16 08:21:09.564057;2026-09-16 07:34:09.564057;2026-09-16 09:04:59.483817;2026-09-16 09:04:59.483817;;2026-09-16 09:44:14.341437;;2026-10-05 09:51:33.421687;False;;;;;;
447;447;unplanned;normal;CLOSED;Ошибка станции централизованной смазки;;1;6;5;1;3;2026-09-16 17:24:09.025864;3.0;18.0;Восстановлена подача смазки, заменён питатель;False;;2026-09-16 09:24:09.025864;2026-09-16 09:24:09.025864;;2026-09-16 09:50:23.174675;;2026-09-16 10:06:48.497990;;2026-09-16 12:22:12.500854;2026-09-16 12:22:12.500854;;2026-09-16 13:55:51.919802;;2026-10-05 09:51:33.421688;False;;;;;;
448;448;unplanned;high;CLOSED;Шум в редукторе, металлическая стружка в масле;;1;4;10;2;3;2026-09-16 20:00:07.287017;8.0;4.0;Редуктор вскрыт, заменены подшипники, масло заменено;False;;2026-09-16 10:00:07.287017;2026-09-16 10:00:07.287017;;2026-09-16 10:09:39.335265;;2026-09-16 10:26:46.287888;;2026-09-16 17:47:19.801577;2026-09-16 17:47:19.801577;;2026-09-16 19:41:45.761759;;2026-10-05 09:51:33.421689;False;;;;;;
449;449;unplanned;normal;CLOSED;Залипает контактор;;2;11;19;3;4;2026-09-16 23:44:01.005343;2.0;8.0;Заменён автомат, протянуты клеммы;False;;2026-09-16 15:44:01.005343;2026-09-16 15:44:01.005343;2026-09-16 15:50:24.453923;2026-09-16 16:47:47.949814;;2026-09-16 19:38:52.016614;2026-09-16 17:30:52.016614;2026-09-16 20:55:04.250191;2026-09-16 20:55:04.250191;;2026-09-16 21:56:45.668629;;2026-10-05 09:51:33.421690;False;;;;;;
450;450;unplanned;normal;CLOSED;Плановая замена масла по анализу;;1;6;8;1;4;2026-09-17 02:08:33.394093;3.0;14.0;Слито загрязнённое масло, залито новое;False;;2026-09-16 18:08:33.394093;2026-09-16 18:08:33.394093;;2026-09-16 18:26:40.898138;;2026-09-16 18:40:57.656633;;2026-09-16 22:25:52.923129;2026-09-16 22:25:52.923129;;2026-09-16 23:41:16.186329;;2026-10-05 09:51:33.421691;False;;;;;;
451;451;planned;planned;CLOSED;ППР по графику: Дробилка ККД-1500;;1;2;5;1;3;2026-09-18 04:50:20.542711;1.0;19.0;Плановое ТО по графику ППР;False;;2026-09-17 04:50:20.542711;2026-09-17 04:50:20.542711;;2026-09-17 06:12:55.187340;;2026-09-17 06:25:06.483459;;2026-09-17 07:19:07.965562;2026-09-17 07:19:07.965562;;2026-09-17 08:44:50.957949;;2026-10-05 09:51:33.421692;False;;;;;;
452;452;unplanned;normal;CLOSED;Подшипник греется, запах гари;;2;10;6;1;3;2026-09-17 14:03:12.960091;4.0;2.0;Демонтирован разрушенный подшипник, установлен новый, вибрация в норме;False;;2026-09-17 06:03:12.960091;2026-09-17 06:03:12.960091;;2026-09-17 06:11:44.192559;;2026-09-17 06:22:03.898226;;2026-09-17 10:24:42.354621;2026-09-17 10:24:42.354621;;2026-09-17 12:17:16.748465;;2026-10-05 09:51:33.421693;False;;;;;;
453;453;unplanned;high;CLOSED;Насос не создаёт давление;;1;6;12;2;3;2026-09-17 17:00:45.693323;6.0;12.0;Ревизия насоса, замена уплотнений и фильтра;False;;2026-09-17 09:30:45.693323;2026-09-17 09:30:45.693323;;2026-09-17 09:34:00.350890;;2026-09-17 15:27:26.596098;2026-09-17 12:59:26.596098;2026-09-17 19:11:32.567278;2026-09-17 19:11:32.567278;;2026-09-17 20:04:06.006243;;2026-10-05 09:51:33.421694;False;;;;;;
454;454;unplanned;normal;CLOSED;Износ футеровки, стук при работе;;1;5;7;1;4;2026-09-18 04:04:10.080073;6.0;1.0;Замена брони, проверена затяжка болтов;False;;2026-09-17 20:04:10.080073;2026-09-17 20:04:10.080073;;2026-09-17 20:08:38.373548;;2026-09-17 20:25:53.322237;;2026-09-18 01:38:22.294933;2026-09-18 01:38:22.294933;;2026-09-18 02:13:43.517923;;2026-10-05 09:51:33.421694;False;;;;;;
455;455;unplanned;high;CLOSED;Пробой кабеля, искрение;;3;19;19;3;4;2026-09-18 04:59:32.461039;3.0;9.0;Проложен новый кабель, замерено сопротивление изоляции;False;;2026-09-18 00:59:32.461039;2026-09-18 00:59:32.461039;;2026-09-18 01:03:54.278438;;2026-09-18 01:06:19.068829;;2026-09-18 04:39:40.714951;2026-09-18 04:39:40.714951;;2026-09-18 06:22:40.237925;;2026-10-05 09:51:33.421696;False;;;;;;
456;456;planned;planned;CLOSED;ППР по графику: Насос гидравлический Н-7;;2;14;10;2;3;2026-09-19 05:04:26.186379;1.0;19.0;ППР: ревизия узлов, замена смазки, проверка зазоров;False;;2026-09-18 05:04:26.186379;2026-09-18 05:04:26.186379;;2026-09-18 06:25:47.235231;;2026-09-18 06:44:18.270807;;2026-09-18 07:53:42.372690;2026-09-18 07:53:42.372690;;2026-09-18 09:41:23.954206;;2026-10-05 09:51:33.421696;False;;;;;;
457;457;unplanned;high;CLOSED;Не включается пускатель;;2;10;19;3;4;2026-09-18 22:01:05.523741;2.0;8.0;Заменён автомат, протянуты клеммы;False;;2026-09-18 18:01:05.523741;2026-09-18 18:01:05.523741;;2026-09-18 18:11:54.607523;;2026-09-18 18:22:45.448936;;2026-09-18 21:03:28.853396;2026-09-18 21:03:28.853396;;2026-09-18 21:36:15.917406;;2026-10-05 09:51:33.421697;False;;;;;;
458;458;unplanned;normal;CLOSED;Ослаб крепёж опоры;;3;19;11;2;4;2026-09-19 03:47:34.390927;1.5;6.0;Подтянуты фундаментные болты;False;;2026-09-18 19:47:34.390927;2026-09-18 19:47:34.390927;2026-09-18 19:50:39.074485;2026-09-18 21:28:42.472446;;2026-09-18 21:39:09.762512;;2026-09-18 22:39:06.031034;2026-09-18 22:39:06.031034;;2026-09-18 23:27:24.349369;;2026-10-05 09:51:33.421698;False;;;;;;
459;459;unplanned;high;CLOSED;Стук в подшипниковом узле, вибрация;;3;18;11;2;4;2026-09-19 03:45:07.866702;4.0;2.0;Заменён подшипник, узел набит смазкой, проверена соосность;False;;2026-09-18 22:45:07.866702;2026-09-18 22:45:07.866702;;2026-09-18 22:55:40.054870;;2026-09-18 23:09:16.664534;;2026-09-19 04:17:40.319711;2026-09-19 04:17:40.319711;;2026-09-19 05:17:30.785198;;2026-10-05 09:51:33.421699;True;332.0;;;;;
460;460;planned;planned;CLOSED;ППР по графику: Мельница шаровая МШЦ-3600×5500;;2;8;12;2;3;2026-09-20 05:16:11.843675;1.0;19.0;Плановый осмотр, протяжка крепежа, смазка узлов;False;;2026-09-19 05:16:11.843675;2026-09-19 05:16:11.843675;;2026-09-19 06:35:52.685511;;2026-09-19 08:55:28.552760;2026-09-19 07:12:28.552760;2026-09-19 09:33:10.060458;2026-09-19 09:33:10.060458;;2026-09-19 11:26:47.366754;;2026-10-05 09:51:33.421701;False;;;;;;
461;461;unplanned;high;CLOSED;Повышенный шум и нагрев подшипника;;3;18;8;1;4;2026-09-20 02:35:51.702433;4.0;2.0;Демонтирован разрушенный подшипник, установлен новый, вибрация в норме;False;;2026-09-19 21:35:51.702433;2026-09-19 21:35:51.702433;;2026-09-19 21:45:35.404221;;2026-09-19 21:52:25.971881;;2026-09-20 03:13:45.818520;2026-09-20 03:13:45.818520;;2026-09-20 04:18:51.844896;;2026-10-05 09:51:33.421702;True;337.0;;;;;
462;462;unplanned;normal;CLOSED;Сход ленты, задевает раму;;3;20;7;1;4;2026-09-20 09:25:45.421378;5.0;3.0;Заменён участок ленты, отцентрирована лента, заменены ролики;False;;2026-09-20 01:25:45.421378;2026-09-20 01:25:45.421378;2026-09-20 01:27:56.858509;2026-09-20 03:39:58.027176;;2026-09-20 10:20:19.859233;;2026-09-20 11:14:37.676609;2026-09-20 11:14:37.676609;2026-09-20 09:43:53.180077;2026-09-20 12:09:03.406457;;2026-10-05 09:51:33.421703;False;;;;;;
463;463;unplanned;high;CLOSED;Подшипник греется, запах гари;;3;20;12;2;3;2026-09-20 10:18:17.380296;4.0;2.0;Демонтирован разрушенный подшипник, установлен новый, вибрация в норме;False;;2026-09-20 05:18:17.380296;2026-09-20 05:18:17.380296;;2026-09-20 05:24:20.499466;;2026-09-20 12:15:38.839729;2026-09-20 06:37:53.182010;2026-09-20 13:28:10.299244;2026-09-20 13:28:10.299244;2026-09-20 11:26:53.623556;2026-09-20 14:11:23.315360;;2026-10-05 09:51:33.421704;True;489.0;;;;;
464;464;unplanned;high;CLOSED;Повышенная вибрация привода;;1;3;6;1;3;2026-09-20 16:34:30.814242;1.5;6.0;Подтянуты фундаментные болты;False;;2026-09-20 12:34:30.814242;2026-09-20 12:34:30.814242;;2026-09-20 12:40:30.357754;;2026-09-20 12:55:20.279255;;2026-09-20 14:18:37.232633;2026-09-20 14:18:37.232633;;2026-09-20 16:06:11.739720;;2026-10-05 09:51:33.421705;True;104.0;;;;;
465;465;unplanned;normal;CLOSED;Двигатель не запускается;;1;1;16;3;4;2026-09-21 05:21:14.539005;5.0;7.0;Двигатель заменён на резервный, подключён, проверен под нагрузкой;False;;2026-09-20 21:21:14.539005;2026-09-20 21:21:14.539005;;2026-09-20 21:37:07.454125;;2026-09-21 05:39:16.409596;;2026-09-21 06:25:15.728612;2026-09-21 06:25:15.728612;2026-09-21 04:57:44.386073;2026-09-21 07:42:41.040473;;2026-10-05 09:51:33.421706;False;;;;;;
466;466;unplanned;normal;CLOSED;Износ брони, снижение производительности;;1;1;11;2;4;2026-09-21 09:20:17.833634;6.0;1.0;Замена брони, проверена затяжка болтов;False;;2026-09-21 01:20:17.833634;2026-09-21 01:20:17.833634;;2026-09-21 01:26:37.576062;;2026-09-21 05:25:07.381774;2026-09-21 04:36:07.381774;2026-09-21 09:56:29.695890;2026-09-21 09:56:29.695890;;2026-09-21 10:11:06.180778;;2026-10-05 09:51:33.421707;False;;;;;;
467;467;planned;planned;CLOSED;ППР по графику: Конвейер К-2;;3;17;6;1;3;2026-09-22 04:06:57.061199;1.0;19.0;Плановое ТО по графику ППР;False;;2026-09-21 04:06:57.061199;2026-09-21 04:06:57.061199;2026-09-21 04:11:42.984172;2026-09-21 04:56:53.565368;;2026-09-21 05:13:16.994769;;2026-09-21 06:36:00.409961;2026-09-21 06:36:00.409961;;2026-09-21 07:10:06.433339;;2026-10-05 09:51:33.421708;False;;;;;;
468;468;planned;planned;CLOSED;ППР по графику: Питатель пластинчатый ПП-2-12;;1;4;5;1;3;2026-09-22 05:06:14.692545;1.0;19.0;Плановое ТО по графику ППР;False;;2026-09-21 05:06:14.692545;2026-09-21 05:06:14.692545;;2026-09-21 05:22:38.546291;;2026-09-21 05:32:54.921074;;2026-09-21 07:11:54.231909;2026-09-21 07:11:54.231909;;2026-09-21 07:57:49.350159;;2026-10-05 09:51:33.421708;False;;;;;;
469;469;unplanned;high;CLOSED;Подшипник греется, запах гари;;3;18;6;1;3;2026-09-21 10:51:17.865028;4.0;2.0;Демонтирован разрушенный подшипник, установлен новый, вибрация в норме;False;;2026-09-21 05:51:17.865028;2026-09-21 05:51:17.865028;;2026-09-21 06:01:21.578404;;2026-09-21 06:17:22.138205;;2026-09-21 08:21:16.707801;2026-09-21 08:21:16.707801;;2026-09-21 09:32:19.800749;;2026-10-05 09:51:33.421709;False;;;;;;
470;470;planned;planned;CLOSED;Плановая ревизия электрооборудования: Дробилка КМД-1750;;1;1;15;3;3;2026-09-22 06:05:21.809970;2.0;8.0;Плановая ревизия электрооборудования: протянуты контакты, замерена изоляция;True;;2026-09-21 06:05:21.809970;2026-09-21 06:05:21.809970;2026-09-21 06:14:30.604286;2026-09-21 08:34:53.807018;;2026-09-21 08:49:26.979280;;2026-09-21 10:50:01.470655;2026-09-21 10:50:01.470655;;2026-09-21 11:17:53.610792;;2026-10-05 09:51:33.421710;False;;;;;;
471;471;unplanned;normal;CLOSED;Шум в редукторе, металлическая стружка в масле;;1;1;10;2;3;2026-09-21 17:04:02.295473;8.0;4.0;Редуктор вскрыт, заменены подшипники, масло заменено;False;;2026-09-21 07:04:02.295473;2026-09-21 07:04:02.295473;2026-09-21 07:08:41.494814;2026-09-21 08:24:52.402952;;2026-09-21 08:34:19.763684;;2026-09-21 19:52:01.082701;2026-09-21 19:52:01.082701;;2026-09-21 21:07:47.764978;;2026-10-05 09:51:33.421711;False;;;;;;
472;472;planned;planned;CLOSED;Плановая ревизия электрооборудования: Мельница шаровая МШЦ-3600×5500;;2;8;17;3;3;2026-09-22 07:08:18.118771;2.0;8.0;Плановая ревизия электрооборудования: протянуты контакты, замерена изоляция;True;;2026-09-21 07:08:18.118771;2026-09-21 07:08:18.118771;2026-09-21 07:10:02.566310;2026-09-21 09:05:54.521928;;2026-09-21 09:10:36.571876;;2026-09-21 10:36:43.010671;2026-09-21 10:36:43.010671;;2026-09-21 10:46:56.786596;;2026-10-05 09:51:33.421712;False;;;;;;
473;473;unplanned;high;CLOSED;Сход ленты, задевает раму;;3;19;6;1;3;2026-09-21 15:10:32.165688;5.0;3.0;Выполнена стыковка ленты, отрегулирован ход;False;;2026-09-21 08:55:32.165688;2026-09-21 08:55:32.165688;;2026-09-21 09:04:23.562710;;2026-09-21 12:25:40.607919;2026-09-21 11:43:40.607919;2026-09-21 14:11:53.645998;2026-09-21 14:11:53.645998;;2026-09-21 15:29:35.517559;;2026-10-05 09:51:33.421713;True;316.0;;;;;
474;474;unplanned;normal;CLOSED;Нет сигнала с датчика;;2;10;17;3;3;2026-09-21 17:52:19.985832;1.5;11.0;Датчик заменён, сигнал проверен;False;;2026-09-21 09:52:19.985832;2026-09-21 09:52:19.985832;2026-09-21 09:58:47.316408;2026-09-21 10:52:35.177740;;2026-09-21 11:06:10.118889;;2026-09-21 12:46:15.490155;2026-09-21 12:46:15.490155;;2026-09-21 14:08:08.520301;;2026-10-05 09:51:33.421714;False;;;;;;
475;475;unplanned;high;CLOSED;Узел работает всухую, скрип;;1;4;12;2;3;2026-09-21 14:26:55.181116;1.0;19.0;Выполнена смазка узлов, заменены пресс-маслёнки;False;;2026-09-21 10:26:55.181116;2026-09-21 10:26:55.181116;;2026-09-21 10:35:34.934335;;2026-09-21 11:41:58.052368;2026-09-21 10:53:58.052368;2026-09-21 12:06:56.222124;2026-09-21 12:06:56.222124;;2026-09-21 13:04:49.432032;;2026-10-05 09:51:33.421715;True;100.0;;;;;
476;476;unplanned;normal;CLOSED;Двигатель греется, срабатывает тепловая защита;;4;25;13;2;3;2026-09-21 19:11:00.481433;5.0;7.0;Двигатель заменён на резервный, подключён, проверен под нагрузкой;False;;2026-09-21 11:11:00.481433;2026-09-21 11:11:00.481433;;2026-09-21 11:14:55.295962;;2026-09-21 11:19:44.349395;;2026-09-21 15:38:53.892650;2026-09-21 15:38:53.892650;;2026-09-21 17:33:52.203827;;2026-10-05 09:51:33.421716;False;;;;;;
477;477;unplanned;normal;CLOSED;Узел работает всухую, скрип;;1;1;12;2;3;2026-09-21 19:37:08.373101;1.0;19.0;Узел смазан, проверен нагрев;False;;2026-09-21 11:37:08.373101;2026-09-21 11:37:08.373101;2026-09-21 11:46:05.851429;2026-09-21 12:37:18.033780;;2026-09-21 12:50:10.269361;;2026-09-21 14:02:09.664427;2026-09-21 14:02:09.664427;;2026-09-21 15:42:50.203100;;2026-10-05 09:51:33.421716;False;;;;;;
478;478;unplanned;emergency;CLOSED;Повышенный шум и нагрев подшипника;;3;18;8;1;4;2026-09-21 21:40:37.930643;4.0;2.0;Демонтирован разрушенный подшипник, установлен новый, вибрация в норме;False;;2026-09-21 16:40:37.930643;2026-09-21 16:40:37.930643;;2026-09-21 16:43:40.394671;;2026-09-21 16:48:57.726896;;2026-09-21 21:30:59.125248;2026-09-21 21:30:59.125248;;2026-09-21 22:31:11.605265;;2026-10-05 09:51:33.421717;True;290.0;;;;;
479;479;unplanned;normal;CLOSED;Двигатель греется, срабатывает тепловая защита;;2;9;19;3;4;2026-09-22 06:12:16.300344;5.0;7.0;Двигатель заменён на резервный, подключён, проверен под нагрузкой;False;;2026-09-21 22:12:16.300344;2026-09-21 22:28:16.414133;;2026-09-21 22:55:09.089990;2026-09-21 22:17:48.455638;2026-09-21 23:07:26.739452;;2026-09-22 03:17:46.261775;2026-09-22 03:17:46.261775;;2026-09-22 04:15:04.332782;;2026-10-05 09:51:33.421718;False;;;;;;
480;480;unplanned;high;CLOSED;Стук в подшипниковом узле, вибрация;;3;18;7;1;4;2026-09-22 07:01:23.010226;4.0;2.0;Демонтирован разрушенный подшипник, установлен новый, вибрация в норме;False;;2026-09-22 02:01:23.010226;2026-09-22 02:01:23.010226;;2026-09-22 02:12:46.960369;;2026-09-22 02:15:04.611245;;2026-09-22 10:18:15.654726;2026-09-22 10:18:15.654726;;2026-09-22 10:47:45.417062;;2026-10-05 09:51:33.421719;False;;;;;;
481;481;unplanned;normal;CLOSED;Износ футеровки, стук при работе;;3;21;6;1;3;2026-09-22 12:48:16.793255;6.0;1.0;Заменены изношенные плиты футеровки, крепёж протянут;False;;2026-09-22 04:48:16.793255;2026-09-22 04:48:16.793255;;2026-09-22 05:16:50.250520;;2026-09-22 05:19:12.596688;;2026-09-22 09:35:40.899944;2026-09-22 09:35:40.899944;;2026-09-22 11:21:44.159599;;2026-10-05 09:51:33.421720;False;;;;;;
482;482;unplanned;high;CLOSED;Повышенный шум и нагрев подшипника;;3;20;5;1;3;2026-09-22 09:56:35.968314;4.0;2.0;Демонтирован разрушенный подшипник, установлен новый, вибрация в норме;False;;2026-09-22 04:56:35.968314;2026-09-22 04:56:35.968314;;2026-09-22 05:08:02.586655;;2026-09-22 05:27:24.941823;;2026-09-22 08:18:30.218720;2026-09-22 08:18:30.218720;;2026-09-22 08:49:19.599784;;2026-10-05 09:51:33.421721;False;;;;;;
483;483;unplanned;normal;CLOSED;Плановая замена масла;;4;25;10;2;3;2026-09-22 13:19:10.679852;2.0;20.0;Замена масла, замена прокладки;False;;2026-09-22 05:19:10.679852;2026-09-22 05:19:10.679852;;2026-09-22 05:42:52.383812;;2026-09-22 06:02:43.876629;;2026-09-22 07:36:30.516137;2026-09-22 07:36:30.516137;;2026-09-22 08:42:52.486494;;2026-10-05 09:51:33.421722;False;;;;;;
484;484;unplanned;high;CLOSED;Износ футеровки, стук при работе;;2;9;10;2;3;2026-09-22 13:59:50.756072;6.0;1.0;Замена брони, проверена затяжка болтов;False;;2026-09-22 06:29:50.756072;2026-09-22 06:29:50.756072;;2026-09-22 06:37:42.568758;;2026-09-22 06:52:15.711823;;2026-09-22 15:00:31.509840;2026-09-22 15:00:31.509840;;2026-09-22 16:42:39.136011;;2026-10-05 09:51:33.421724;True;510.0;;;;;
485;485;unplanned;high;CLOSED;Повышенный шум и нагрев подшипника;;3;18;11;2;4;2026-09-23 05:54:40.259764;4.0;2.0;Демонтирован разрушенный подшипник, установлен новый, вибрация в норме;False;;2026-09-23 00:54:40.259764;2026-09-23 00:54:40.259764;;2026-09-23 01:01:52.568272;;2026-09-23 01:17:39.983435;;2026-09-23 05:38:53.308160;2026-09-23 05:38:53.308160;;2026-09-23 06:00:36.698178;;2026-10-05 09:51:33.421725;False;;;;;;
486;486;unplanned;emergency;CLOSED;Подшипник греется, запах гари;;3;18;11;2;4;2026-09-23 06:56:38.812241;4.0;2.0;Демонтирован разрушенный подшипник, установлен новый, вибрация в норме;False;;2026-09-23 01:56:38.812241;2026-09-23 01:56:38.812241;;2026-09-23 01:58:03.457748;;2026-09-23 02:00:20.942168;;2026-09-23 05:44:30.331709;2026-09-23 05:44:30.331709;;2026-09-23 07:30:09.063949;;2026-10-05 09:51:33.421725;True;227.0;;;;;
487;487;unplanned;normal;CLOSED;Ошибка станции централизованной смазки;;2;9;5;1;3;2026-09-23 13:52:55.059792;3.0;18.0;Промыты магистрали, станция смазки запущена;False;;2026-09-23 05:52:55.059792;2026-09-23 05:52:55.059792;;2026-09-23 06:04:30.724791;;2026-09-23 09:08:54.196280;2026-09-23 06:51:54.196280;2026-09-23 11:27:18.602534;2026-09-23 11:27:18.602534;;2026-09-23 11:48:21.478274;;2026-10-05 09:51:33.421726;False;;;;;;
488;488;unplanned;high;CLOSED;Шипит воздух в магистрали;;2;15;12;2;3;2026-09-23 10:05:24.890096;1.0;15.0;Заменены фитинги, утечка устранена;False;;2026-09-23 06:05:24.890096;2026-09-23 06:05:24.890096;;2026-09-23 06:08:20.670583;;2026-09-23 07:38:59.690382;2026-09-23 06:55:59.690382;2026-09-23 08:30:54.407912;2026-09-23 08:30:54.407912;;2026-09-23 09:01:16.260683;;2026-10-05 09:51:33.421727;False;;;;;;
489;489;unplanned;normal;CLOSED;Шипит воздух в магистрали;;4;25;5;1;3;2026-09-23 16:52:16.681007;1.0;15.0;Устранена утечка, протянуты соединения;False;;2026-09-23 08:52:16.681007;2026-09-23 08:52:16.681007;2026-09-23 08:59:55.126309;2026-09-23 11:06:48.096269;;2026-09-23 11:21:05.140242;;2026-09-23 12:09:37.184943;2026-09-23 12:09:37.184943;;2026-09-23 13:02:20.896463;;2026-10-05 09:51:33.421728;False;;;;;;
490;490;unplanned;emergency;CLOSED;Короткое замыкание в цепи управления;;2;13;19;3;4;2026-09-24 01:45:20.934202;2.5;10.0;Устранена неисправность в цепи, защита настроена;False;;2026-09-23 22:37:50.934202;2026-09-23 22:37:50.934202;;2026-09-23 22:40:03.747909;;2026-09-23 22:44:00.978948;;2026-09-24 02:01:53.203346;2026-09-24 02:01:53.203346;;2026-09-24 03:27:55.783088;;2026-10-05 09:51:33.421729;True;204.0;;;;;
491;491;planned;planned;CLOSED;ППР по графику: Конвейер К-4;;3;19;5;1;3;2026-09-25 04:47:52.744560;1.0;19.0;Плановый осмотр, протяжка крепежа, смазка узлов;False;;2026-09-24 04:47:52.744560;2026-09-24 04:47:52.744560;;2026-09-24 06:15:15.181506;;2026-09-24 06:21:43.864049;;2026-09-24 07:30:11.101426;2026-09-24 07:30:11.101426;;2026-09-24 08:59:04.862358;;2026-10-05 09:51:33.421730;False;;;;;;
492;492;planned;planned;CLOSED;ППР по графику: Дробилка КМД-1750;;1;1;5;1;3;2026-09-25 05:28:52.807762;1.0;19.0;Плановое ТО по графику ППР;False;;2026-09-24 05:28:52.807762;2026-09-24 05:28:52.807762;;2026-09-24 06:14:38.765380;;2026-09-24 06:19:17.511940;;2026-09-24 07:24:21.499363;2026-09-24 07:24:21.499363;;2026-09-24 08:13:12.475414;;2026-10-05 09:51:33.421731;False;;;;;;
493;493;planned;planned;CLOSED;ППР по графику: Мельница шаровая МШЦ-4500×6000;;2;9;10;2;3;2026-09-25 05:38:36.978677;1.0;19.0;ППР: ревизия узлов, замена смазки, проверка зазоров;False;;2026-09-24 05:38:36.978677;2026-09-24 05:38:36.978677;;2026-09-24 06:23:36.742609;;2026-09-24 06:30:09.022774;;2026-09-24 07:27:54.503653;2026-09-24 07:27:54.503653;;2026-09-24 07:57:23.100170;;2026-10-05 09:51:33.421732;False;;;;;;
494;494;planned;planned;CLOSED;Плановая ревизия электрооборудования: Насос гидравлический Н-7;;2;14;15;3;3;2026-09-25 06:28:28.103747;2.0;8.0;Плановая ревизия электрооборудования: протянуты контакты, замерена изоляция;True;;2026-09-24 06:28:28.103747;2026-09-24 06:28:28.103747;;2026-09-24 06:43:41.519891;;2026-09-24 06:53:52.303271;;2026-09-24 08:40:06.184700;2026-09-24 08:40:06.184700;;2026-09-24 09:19:45.805355;;2026-10-05 09:51:33.421733;False;;;;;;
495;495;unplanned;high;CLOSED;Шипит воздух в магистрали;;3;21;11;1;4;2026-09-24 22:48:19.046480;1.0;15.0;Заменены фитинги, утечка устранена;False;;2026-09-24 18:48:19.046480;2026-09-24 18:56:41.629388;;2026-09-24 19:03:47.448014;2026-09-24 18:51:43.438028;2026-09-24 19:22:36.142371;;2026-09-24 20:24:41.104350;2026-09-24 20:24:41.104350;;2026-09-24 21:01:33.446034;;2026-10-05 09:51:33.421734;True;96.0;;;;;
496;496;unplanned;high;CLOSED;Порыв ленты на стыке;;3;20;8;1;4;2026-09-25 08:29:59.615791;5.0;3.0;Заменён участок ленты, отцентрирована лента, заменены ролики;False;;2026-09-25 02:14:59.615791;2026-09-25 02:14:59.615791;;2026-09-25 02:24:40.711664;;2026-09-25 02:40:31.973118;;2026-09-25 07:23:28.532181;2026-09-25 07:23:28.532181;;2026-09-25 08:42:11.019064;;2026-10-05 09:51:33.421735;False;;;;;;
497;497;unplanned;high;CLOSED;Стук в подшипниковом узле, вибрация;;3;18;6;1;3;2026-09-25 08:18:52.318878;4.0;2.0;Демонтирован разрушенный подшипник, установлен новый, вибрация в норме;False;;2026-09-25 03:18:52.318878;2026-09-25 03:18:52.318878;;2026-09-25 03:26:11.810470;;2026-09-25 03:37:04.413063;;2026-09-25 07:19:31.359272;2026-09-25 07:19:31.359272;;2026-09-25 07:53:07.281959;;2026-10-05 09:51:33.421735;True;240.0;;;;;
498;498;unplanned;emergency;CLOSED;Шум в редукторе, металлическая стружка в масле;;3;20;9;1;3;2026-09-25 13:33:05.559554;8.0;4.0;Редуктор вскрыт, заменены подшипники, масло заменено;False;;2026-09-25 03:33:05.559554;2026-09-25 03:33:05.559554;;2026-09-25 03:34:07.665163;;2026-09-25 03:38:03.915049;;2026-09-25 09:50:35.538623;2026-09-25 09:50:35.538623;;2026-09-25 10:31:04.276530;;2026-10-05 09:51:33.421736;True;377.0;;;;;
499;499;unplanned;normal;CLOSED;Подшипник греется, запах гари;;3;16;6;1;3;2026-09-25 12:20:01.844476;4.0;2.0;Заменён подшипник, узел набит смазкой, проверена соосность;False;;2026-09-25 04:20:01.844476;2026-09-25 04:20:01.844476;;2026-09-25 04:36:14.914584;;2026-09-25 04:56:06.552096;;2026-09-25 07:39:04.946610;2026-09-25 07:39:04.946610;;2026-09-25 09:19:32.219176;;2026-10-05 09:51:33.421737;False;;;;;;
500;500;planned;planned;CLOSED;ППР по графику: Дробилка КСД-2200;;1;3;5;1;3;2026-09-26 04:45:35.476565;1.0;19.0;Плановое ТО по графику ППР;False;;2026-09-25 04:45:35.476565;2026-09-25 04:45:35.476565;;2026-09-25 05:11:15.585633;;2026-09-25 05:17:01.382229;;2026-09-25 06:00:16.485204;2026-09-25 06:00:16.485204;;2026-09-25 06:57:46.513867;;2026-10-05 09:51:33.421738;False;;;;;;
501;501;planned;planned;CLOSED;ППР по графику: Сепаратор магнитный ПБМ-120/300;;2;10;10;2;3;2026-09-26 04:47:28.549688;1.0;19.0;Плановое ТО по графику ППР;False;;2026-09-25 04:47:28.549688;2026-09-25 04:47:28.549688;2026-09-25 04:51:52.716205;2026-09-25 05:34:09.442381;;2026-09-25 05:36:47.382248;;2026-09-25 06:34:19.995291;2026-09-25 06:34:19.995291;;2026-09-25 08:21:33.264299;;2026-10-05 09:51:33.421739;False;;;;;;
502;502;planned;planned;CLOSED;ППР по графику: Компрессор ВВ-0,8/8;;4;25;12;2;3;2026-09-26 04:48:50.831723;1.0;19.0;Плановый осмотр, протяжка крепежа, смазка узлов;False;;2026-09-25 04:48:50.831723;2026-09-25 04:48:50.831723;2026-09-25 04:58:49.329259;2026-09-25 06:28:05.541958;;2026-09-25 06:40:18.219071;;2026-09-25 08:07:56.508681;2026-09-25 08:07:56.508681;;2026-09-25 08:50:27.034524;;2026-10-05 09:51:33.421740;False;;;;;;
503;503;unplanned;normal;CLOSED;Ослаб крепёж опоры;;1;5;12;2;3;2026-09-25 13:57:18.561501;1.5;6.0;Протянут крепёж, заменены сорванные болты;False;;2026-09-25 05:57:18.561501;2026-09-25 05:57:18.561501;2026-09-25 06:04:33.601016;2026-09-25 08:21:40.082347;;2026-09-25 08:27:48.199197;;2026-09-25 09:30:47.455346;2026-09-25 09:30:47.455346;;2026-09-25 10:36:43.000821;;2026-10-05 09:51:33.421741;False;;;;;;
504;504;unplanned;emergency;CLOSED;Двигатель не запускается;;4;23;17;3;3;2026-09-25 14:13:47.236434;5.0;7.0;Заменены подшипники двигателя, проверена изоляция;False;;2026-09-25 07:58:47.236434;2026-09-25 07:58:47.236434;;2026-09-25 08:01:26.646349;;2026-09-25 08:04:08.379936;;2026-09-25 13:11:32.499460;2026-09-25 13:11:32.499460;;2026-09-25 14:40:50.570386;;2026-10-05 09:51:33.421742;True;312.0;;;;;
505;505;unplanned;high;CLOSED;Стук в подшипниковом узле, вибрация;;3;18;7;1;4;2026-09-25 23:06:15.893026;4.0;2.0;Демонтирован разрушенный подшипник, установлен новый, вибрация в норме;False;;2026-09-25 18:06:15.893026;2026-09-25 18:06:15.893026;;2026-09-25 18:18:11.544159;;2026-09-25 18:26:16.240165;;2026-09-25 21:35:30.081994;2026-09-25 21:35:30.081994;;2026-09-25 23:07:49.995505;;2026-10-05 09:51:33.421743;False;;;;;;
506;506;unplanned;normal;CLOSED;Не включается пускатель;;4;24;17;3;3;2026-09-26 14:01:41.285273;2.0;8.0;Заменён контактор, проверена схема управления;False;;2026-09-26 06:01:41.285273;2026-09-26 06:01:41.285273;;2026-09-26 06:22:50.214540;;2026-09-26 06:39:08.479270;;2026-09-26 08:39:28.084504;2026-09-26 08:39:28.084504;;2026-09-26 10:13:25.393640;;2026-10-05 09:51:33.421743;False;;;;;;
507;507;unplanned;normal;CLOSED;Двигатель не запускается;;2;14;17;3;3;2026-09-26 17:29:08.957750;5.0;7.0;Заменены подшипники двигателя, проверена изоляция;False;;2026-09-26 09:29:08.957750;2026-09-26 09:29:08.957750;;2026-09-26 09:44:46.004447;;2026-09-26 09:47:33.682576;;2026-09-26 16:31:39.773999;2026-09-26 16:31:39.773999;;2026-09-26 16:47:03.160215;;2026-10-05 09:51:33.421744;False;;;;;;
508;508;unplanned;normal;CLOSED;Не переключается распределитель;;2;15;10;2;3;2026-09-26 21:05:20.938573;1.5;17.0;Заменён распределитель;False;;2026-09-26 13:05:20.938573;2026-09-26 13:05:20.938573;2026-09-26 13:12:46.654152;2026-09-26 14:54:01.786041;;2026-09-26 14:56:59.065701;;2026-09-26 16:07:55.899204;2026-09-26 16:07:55.899204;;2026-09-26 16:47:23.449731;;2026-10-05 09:51:33.421745;False;;;;;;
509;509;unplanned;normal;CLOSED;Двигатель не запускается;;3;20;14;2;4;2026-09-27 03:22:22.505785;5.0;7.0;Заменены подшипники двигателя, проверена изоляция;False;;2026-09-26 19:22:22.505785;2026-09-26 19:22:22.505785;;2026-09-26 19:49:24.637861;;2026-09-26 20:07:53.091582;;2026-09-27 01:58:14.212560;2026-09-27 01:58:14.212560;;2026-09-27 02:52:12.290063;;2026-10-05 09:51:33.421746;False;;;;;;
510;510;unplanned;normal;CLOSED;Узел работает всухую, скрип;;3;17;7;1;4;2026-09-27 06:14:54.318512;1.0;19.0;Выполнена смазка узлов, заменены пресс-маслёнки;False;;2026-09-26 22:14:54.318512;2026-09-26 22:14:54.318512;;2026-09-26 22:36:12.521442;;2026-09-26 22:51:16.590222;;2026-09-26 23:59:14.780412;2026-09-26 23:59:14.780412;;2026-09-27 01:54:55.886519;;2026-10-05 09:51:33.421747;False;;;;;;
511;511;unplanned;emergency;CLOSED;Повышенный шум и нагрев подшипника;;3;18;18;3;4;2026-09-27 06:59:15.451447;4.0;2.0;Демонтирован разрушенный подшипник, установлен новый, вибрация в норме;False;;2026-09-27 01:59:15.451447;2026-09-27 01:59:15.451447;;2026-09-27 02:01:07.944005;;2026-09-27 02:07:02.606522;;2026-09-27 05:48:09.355955;2026-09-27 05:48:09.355955;;2026-09-27 07:38:24.813423;;2026-10-05 09:51:33.421748;True;228.0;;;;;
512;512;planned;planned;CLOSED;ППР по графику: Конвейер наклонный К-5;;3;20;5;1;3;2026-09-28 04:29:44.920418;1.0;19.0;Плановый осмотр, протяжка крепежа, смазка узлов;False;;2026-09-27 04:29:44.920418;2026-09-27 04:29:44.920418;;2026-09-27 05:04:22.021878;;2026-09-27 05:20:37.483150;;2026-09-27 06:46:27.725879;2026-09-27 06:46:27.725879;;2026-09-27 07:53:31.455461;;2026-10-05 09:51:33.421748;False;;;;;;
513;513;planned;planned;CLOSED;ППР по графику: Конвейер К-3;;3;18;6;1;3;2026-09-28 05:05:58.585873;1.0;19.0;Плановый осмотр, протяжка крепежа, смазка узлов;False;;2026-09-27 05:05:58.585873;2026-09-27 05:05:58.585873;;2026-09-27 05:53:13.862820;;2026-09-27 06:10:12.156453;;2026-09-27 06:43:17.663319;2026-09-27 06:43:17.663319;;2026-09-27 07:03:12.043658;;2026-10-05 09:51:33.421749;False;;;;;;
514;514;planned;planned;CLOSED;ППР по графику: Сепаратор магнитный ПБМ-150/200;;2;11;12;2;3;2026-09-28 05:07:21.850566;1.0;19.0;ППР: ревизия узлов, замена смазки, проверка зазоров;False;;2026-09-27 05:07:21.850566;2026-09-27 05:07:21.850566;;2026-09-27 06:20:21.241359;;2026-09-27 06:32:09.169508;;2026-09-27 07:36:06.373062;2026-09-27 07:36:06.373062;;2026-09-27 07:50:25.166623;;2026-10-05 09:51:33.421750;False;;;;;;
515;515;unplanned;normal;CLOSED;Масло потемнело, фильтр забит;;2;14;12;2;3;2026-09-27 13:08:36.418707;3.0;14.0;Масло заменено, фильтры заменены, система промыта;False;;2026-09-27 05:08:36.418707;2026-09-27 05:08:36.418707;;2026-09-27 05:28:07.656478;;2026-09-27 05:39:12.933838;;2026-09-27 09:15:41.852908;2026-09-27 09:15:41.852908;;2026-09-27 09:48:39.296363;;2026-10-05 09:51:33.421751;False;;;;;;
516;516;planned;planned;CLOSED;ППР по графику: Грохот ГИТ-71;;1;5;5;1;3;2026-09-28 05:24:32.917221;1.0;19.0;ППР: ревизия узлов, замена смазки, проверка зазоров;False;;2026-09-27 05:24:32.917221;2026-09-27 05:24:32.917221;2026-09-27 05:26:30.559947;2026-09-27 07:27:43.897475;;2026-09-27 07:31:44.873271;;2026-09-27 08:10:14.783189;2026-09-27 08:10:14.783189;;2026-09-27 10:00:07.166362;;2026-10-05 09:51:33.421752;False;;;;;;
517;517;unplanned;high;CLOSED;Подшипник греется, запах гари;;3;18;5;1;3;2026-09-27 13:44:18.572691;4.0;2.0;Заменён подшипник, узел набит смазкой, проверена соосность;False;;2026-09-27 08:44:18.572691;2026-09-27 08:44:18.572691;;2026-09-27 08:54:13.822212;;2026-09-27 10:25:35.667250;2026-09-27 09:42:35.667250;2026-09-27 12:14:09.522166;2026-09-27 12:14:09.522166;;2026-09-27 13:19:48.149251;;2026-10-05 09:51:33.421753;False;;;;;;
518;518;unplanned;high;CLOSED;Залипает контактор;;2;8;13;2;3;2026-09-27 13:13:00.184282;2.0;8.0;Заменён автомат, протянуты клеммы;False;;2026-09-27 09:13:00.184282;2026-09-27 09:13:00.184282;;2026-09-27 09:15:55.519127;;2026-09-27 09:34:43.999234;;2026-09-27 13:26:22.444936;2026-09-27 13:26:22.444936;;2026-09-27 14:19:52.722169;;2026-10-05 09:51:33.421754;True;253.0;;;;;
519;519;planned;planned;CLOSED;ППР по графику: Фильтр дисковый ДУ-100;;2;15;12;2;3;2026-09-29 04:21:26.293540;1.0;19.0;Плановый осмотр, протяжка крепежа, смазка узлов;False;;2026-09-28 04:21:26.293540;2026-09-28 04:21:26.293540;;2026-09-28 05:12:59.121958;;2026-09-28 05:16:42.786116;;2026-09-28 06:30:27.783222;2026-09-28 06:30:27.783222;;2026-09-28 07:20:12.509085;;2026-10-05 09:51:33.421754;False;;;;;;
520;520;unplanned;high;CLOSED;Не переключается распределитель;;4;25;12;2;3;2026-09-28 11:03:39.485263;1.5;17.0;Распределитель очищен и проверен;False;;2026-09-28 07:03:39.485263;2026-09-28 07:03:39.485263;;2026-09-28 07:09:31.255736;;2026-09-28 07:23:50.956479;;2026-09-28 09:10:46.404116;2026-09-28 09:10:46.404116;;2026-09-28 10:31:37.800283;;2026-10-05 09:51:33.421755;False;;;;;;
521;521;planned;planned;CLOSED;Плановая ревизия электрооборудования: Конвейер К-1;;3;16;15;3;3;2026-09-29 07:47:48.601512;2.0;8.0;Плановая ревизия электрооборудования: протянуты контакты, замерена изоляция;True;;2026-09-28 07:47:48.601512;2026-09-28 07:47:48.601512;;2026-09-28 08:21:02.525465;;2026-09-28 08:40:22.704848;;2026-09-28 10:12:25.813640;2026-09-28 10:12:25.813640;;2026-09-28 11:00:07.034895;;2026-10-05 09:51:33.421756;False;;;;;;
522;522;unplanned;high;CLOSED;Течь РВД;;1;3;7;1;4;2026-09-28 19:08:27.787700;1.5;13.0;Заменён РВД, протянуты соединения;False;;2026-09-28 15:08:27.787700;2026-09-28 15:08:27.787700;;2026-09-28 15:15:44.952475;;2026-09-28 17:11:04.418569;;2026-09-28 18:36:31.257267;2026-09-28 18:36:31.257267;2026-09-28 16:32:22.156086;2026-09-28 19:04:44.224134;;2026-10-05 09:51:33.421757;True;208.0;;;;;
523;523;unplanned;high;CLOSED;Подшипник греется, запах гари;;3;18;12;2;3;2026-09-29 08:22:28.093587;4.0;2.0;Демонтирован разрушенный подшипник, установлен новый, вибрация в норме;False;;2026-09-29 03:22:28.093587;2026-09-29 03:22:28.093587;;2026-09-29 03:30:42.783929;;2026-09-29 03:47:15.499593;;2026-09-29 10:29:49.606008;2026-09-29 10:29:49.606008;;2026-09-29 11:20:06.397251;;2026-10-05 09:51:33.421758;False;;;;;;
524;524;planned;planned;CLOSED;ППР по графику: Конвейер К-1;;3;16;6;1;3;2026-09-30 05:04:43.529017;1.0;19.0;Плановый осмотр, протяжка крепежа, смазка узлов;False;;2026-09-29 05:04:43.529017;2026-09-29 05:04:43.529017;;2026-09-29 05:26:28.801906;;2026-09-29 05:38:39.368967;;2026-09-29 06:17:32.530465;2026-09-29 06:17:32.530465;;2026-09-29 07:56:19.241397;;2026-10-05 09:51:33.421759;False;;;;;;
525;525;planned;planned;CLOSED;ППР по графику: Маслостанция дробилки НМШ-5;;1;6;5;1;3;2026-09-30 05:43:58.682401;1.0;19.0;Плановый осмотр, протяжка крепежа, смазка узлов;False;;2026-09-29 05:43:58.682401;2026-09-29 05:43:58.682401;2026-09-29 05:53:42.001825;2026-09-29 07:06:14.856779;;2026-09-29 07:18:19.493443;;2026-09-29 08:43:53.239927;2026-09-29 08:43:53.239927;;2026-09-29 09:17:38.225159;;2026-10-05 09:51:33.421760;False;;;;;;
526;526;planned;planned;CLOSED;Плановая ревизия электрооборудования: Мельница шаровая МШЦ-4500×6000;;2;9;15;3;3;2026-09-30 06:37:58.614711;2.0;8.0;Плановая ревизия электрооборудования: протянуты контакты, замерена изоляция;True;;2026-09-29 06:37:58.614711;2026-09-29 06:37:58.614711;2026-09-29 06:45:00.493853;2026-09-29 08:23:19.214641;;2026-09-29 08:31:49.960497;;2026-09-29 12:46:32.713834;2026-09-29 12:46:32.713834;;2026-09-29 14:34:08.779781;;2026-10-05 09:51:33.421761;False;;;;;;
527;527;unplanned;high;CLOSED;Течь РВД;;2;13;5;1;3;2026-09-29 12:10:52.778063;1.5;13.0;Заменено уплотнение, долито масло, течь устранена;False;;2026-09-29 08:10:52.778063;2026-09-29 08:10:52.778063;;2026-09-29 08:13:10.741999;;2026-09-29 08:29:39.694082;;2026-09-29 10:22:54.857004;2026-09-29 10:22:54.857004;;2026-09-29 12:01:52.555121;;2026-10-05 09:51:33.421762;False;;;;;;
528;528;unplanned;normal;CLOSED;Подшипник греется, запах гари;;3;17;7;1;4;2026-09-30 06:25:43.857477;4.0;2.0;Заменён подшипник, узел набит смазкой, проверена соосность;False;;2026-09-29 22:25:43.857477;2026-09-29 22:25:43.857477;;2026-09-29 22:50:31.574072;;2026-09-29 22:58:10.364329;;2026-09-30 04:27:36.759276;2026-09-30 04:27:36.759276;;2026-09-30 05:43:39.349389;;2026-10-05 09:51:33.421763;False;;;;;;
529;529;unplanned;high;CLOSED;Шипит воздух в магистрали;;2;15;8;1;4;2026-09-30 02:41:40.887562;1.0;15.0;Устранена утечка, протянуты соединения;False;;2026-09-29 22:41:40.887562;2026-09-29 22:41:40.887562;;2026-09-29 22:47:33.200022;;2026-09-29 22:53:11.423389;;2026-09-29 23:39:56.858141;2026-09-29 23:39:56.858141;;2026-09-30 00:56:39.980458;;2026-10-05 09:51:33.421764;True;58.0;;;;;
530;530;unplanned;normal;CLOSED;Двигатель греется, срабатывает тепловая защита;;1;2;19;3;4;2026-09-30 09:07:39.186252;5.0;7.0;Двигатель заменён на резервный, подключён, проверен под нагрузкой;False;;2026-09-30 01:07:39.186252;2026-09-30 01:07:39.186252;2026-09-30 01:14:19.136359;2026-09-30 01:59:47.152579;;2026-09-30 02:12:16.212011;;2026-09-30 06:58:42.840350;2026-09-30 06:58:42.840350;;2026-09-30 08:32:38.418301;;2026-10-05 09:51:33.421765;False;;;;;;
531;531;unplanned;high;CLOSED;Подшипник греется, запах гари;;3;18;10;2;3;2026-09-30 09:47:38.216535;4.0;2.0;Демонтирован разрушенный подшипник, установлен новый, вибрация в норме;False;;2026-09-30 04:47:38.216535;2026-09-30 04:47:38.216535;;2026-09-30 04:57:37.416735;;2026-09-30 05:13:02.948796;;2026-09-30 09:10:37.707492;2026-09-30 09:10:37.707492;;2026-09-30 09:42:27.406538;;2026-10-05 09:51:33.421765;False;;;;;;
532;532;planned;planned;CLOSED;ППР по графику: Насос шламовый ГрАТ-1400;;2;13;12;2;3;2026-10-01 04:50:39.551761;1.0;19.0;Плановый осмотр, протяжка крепежа, смазка узлов;False;;2026-09-30 04:50:39.551761;2026-09-30 04:50:39.551761;;2026-09-30 06:16:59.679355;;2026-09-30 06:24:39.015518;;2026-09-30 07:32:36.587578;2026-09-30 07:32:36.587578;;2026-09-30 08:57:11.603378;;2026-10-05 09:51:33.421766;False;;;;;;
533;533;unplanned;high;CLOSED;Узел работает всухую, скрип;;3;17;5;1;3;2026-09-30 10:12:33.949144;1.0;19.0;Выполнена смазка узлов, заменены пресс-маслёнки;False;;2026-09-30 06:12:33.949144;2026-09-30 06:12:33.949144;;2026-09-30 06:18:47.088879;;2026-09-30 06:35:38.269638;;2026-09-30 07:59:44.122443;2026-09-30 07:59:44.122443;;2026-09-30 08:15:08.738219;;2026-10-05 09:51:33.421767;False;;;;;;
534;534;unplanned;normal;CLOSED;Короткое замыкание в цепи управления;;2;9;13;2;3;2026-09-30 18:15:25.367437;2.5;10.0;Устранена неисправность в цепи, защита настроена;False;;2026-09-30 10:15:25.367437;2026-09-30 10:15:25.367437;2026-09-30 10:16:48.588116;2026-09-30 12:23:04.786412;;2026-09-30 12:32:50.438936;;2026-09-30 14:47:19.684590;2026-09-30 14:47:19.684590;;2026-09-30 15:17:51.563533;;2026-10-05 09:51:33.421768;False;;;;;;
535;535;unplanned;high;CLOSED;Износ футеровки, стук при работе;;2;8;7;1;4;2026-09-30 23:16:36.965691;6.0;1.0;Замена брони, проверена затяжка болтов;False;;2026-09-30 15:46:36.965691;2026-09-30 15:46:36.965691;;2026-09-30 15:54:30.361537;;2026-09-30 16:11:23.870142;;2026-09-30 21:23:53.826462;2026-09-30 21:23:53.826462;;2026-09-30 22:33:13.601797;;2026-10-05 09:51:33.421769;False;;;;;;
536;536;unplanned;emergency;CLOSED;Выбивает защиту при пуске;;1;7;14;2;4;2026-10-01 01:33:19.661573;2.5;10.0;Найдено и устранено КЗ, заменены предохранители;False;;2026-09-30 22:25:49.661573;2026-09-30 22:25:49.661573;;2026-09-30 22:29:48.926285;;2026-09-30 22:32:51.453835;;2026-10-01 00:37:57.878421;2026-10-01 00:37:57.878421;;2026-10-01 00:54:41.065458;;2026-10-05 09:51:33.421770;True;132.0;;;;;
537;537;unplanned;high;CLOSED;Шум насоса, падение давления;;2;14;8;1;4;2026-10-01 06:36:16.054501;6.0;12.0;Ревизия насоса, замена уплотнений и фильтра;False;;2026-09-30 23:06:16.054501;2026-09-30 23:06:16.054501;;2026-09-30 23:16:52.115136;;2026-09-30 23:19:08.813910;;2026-10-01 06:40:28.242118;2026-10-01 06:40:28.242118;;2026-10-01 07:49:46.133984;;2026-10-05 09:51:33.421771;True;454.0;;;;;
538;538;unplanned;high;CLOSED;Распределитель травит воздух;;4;25;8;1;4;2026-10-01 06:17:27.787536;1.5;17.0;Распределитель очищен и проверен;False;;2026-10-01 02:17:27.787536;2026-10-01 02:17:27.787536;;2026-10-01 02:20:11.504841;;2026-10-01 02:33:54.910664;;2026-10-01 04:08:34.230792;2026-10-01 04:08:34.230792;;2026-10-01 05:18:42.623145;;2026-10-05 09:51:33.421772;False;;;;;;
539;539;planned;planned;CLOSED;ППР по графику: Дробилка ККД-1500;;1;2;5;1;3;2026-10-02 04:53:54.305133;1.0;19.0;Плановое ТО по графику ППР;False;;2026-10-01 04:53:54.305133;2026-10-01 04:53:54.305133;2026-10-01 05:03:10.341578;2026-10-01 07:13:47.146762;;2026-10-01 07:30:09.402669;;2026-10-01 08:23:40.406289;2026-10-01 08:23:40.406289;;2026-10-01 08:40:56.120254;;2026-10-05 09:51:33.421773;False;;;;;;
540;540;unplanned;high;CLOSED;Ослаб крепёж опоры;;4;24;5;1;3;2026-10-01 09:33:48.029138;1.5;6.0;Подтянуты фундаментные болты;False;;2026-10-01 05:33:48.029138;2026-10-01 05:33:48.029138;;2026-10-01 05:45:25.487133;;2026-10-01 06:00:56.755474;;2026-10-01 07:09:02.746972;2026-10-01 07:09:02.746972;;2026-10-01 07:26:01.722168;;2026-10-05 09:51:33.421773;True;95.0;;;;;
541;541;unplanned;normal;CLOSED;Износ брони, снижение производительности;;1;5;10;2;3;2026-10-01 19:19:42.571880;6.0;1.0;Заменены изношенные плиты футеровки, крепёж протянут;False;;2026-10-01 11:19:42.571880;2026-10-01 11:19:42.571880;;2026-10-01 11:45:50.950380;;2026-10-01 11:58:11.510667;;2026-10-01 17:36:59.360844;2026-10-01 17:36:59.360844;;2026-10-01 19:02:02.796440;;2026-10-05 09:51:33.421774;False;;;;;;
542;542;unplanned;normal;CLOSED;Стук в подшипниковом узле, вибрация;;2;14;6;1;3;2026-10-01 20:11:39.397575;4.0;2.0;Демонтирован разрушенный подшипник, установлен новый, вибрация в норме;False;;2026-10-01 12:11:39.397575;2026-10-01 12:11:39.397575;2026-10-01 12:20:42.544610;2026-10-01 13:27:33.331299;;2026-10-01 13:47:27.362169;;2026-10-01 17:13:57.600604;2026-10-01 17:13:57.600604;;2026-10-01 18:07:12.544798;;2026-10-05 09:51:33.421775;False;;;;;;
543;543;unplanned;high;CLOSED;Шум насоса, падение давления;;1;2;12;2;3;2026-10-01 21:27:52.016013;6.0;12.0;Ревизия насоса, замена уплотнений и фильтра;False;;2026-10-01 13:57:52.016013;2026-10-01 13:57:52.016013;;2026-10-01 14:01:43.429346;;2026-10-01 14:08:09.784124;;2026-10-02 02:50:27.020360;2026-10-02 02:50:27.020360;;2026-10-02 04:15:44.517462;;2026-10-05 09:51:33.421776;True;772.0;;;;;
544;544;unplanned;normal;CLOSED;Узел работает всухую, скрип;;1;3;8;1;4;2026-10-01 23:45:05.218214;1.0;19.0;Выполнена смазка узлов, заменены пресс-маслёнки;False;;2026-10-01 15:45:05.218214;2026-10-01 15:45:05.218214;;2026-10-01 16:01:08.168815;;2026-10-01 16:19:35.238971;;2026-10-01 17:14:24.058185;2026-10-01 17:14:24.058185;;2026-10-01 19:13:27.491409;;2026-10-05 09:51:33.421777;False;;;;;;
545;545;unplanned;high;CLOSED;Сход ленты, задевает раму;;3;17;7;1;4;2026-10-02 02:33:05.189771;5.0;3.0;Выполнена стыковка ленты, отрегулирован ход;False;;2026-10-01 20:18:05.189771;2026-10-01 20:18:05.189771;;2026-10-01 20:26:32.682269;;2026-10-01 20:37:53.132058;;2026-10-02 02:17:28.337922;2026-10-02 02:17:28.337922;;2026-10-02 03:33:21.744827;;2026-10-05 09:51:33.421778;False;;;;;;
546;546;unplanned;emergency;CLOSED;Повышенный шум и нагрев подшипника;;3;18;8;1;4;2026-10-02 04:47:20.460273;4.0;2.0;Демонтирован разрушенный подшипник, установлен новый, вибрация в норме;False;;2026-10-01 23:47:20.460273;2026-10-01 23:47:20.460273;;2026-10-01 23:50:50.404688;;2026-10-02 01:47:24.683353;2026-10-02 00:38:24.683353;2026-10-02 02:43:57.140247;2026-10-02 02:43:57.140247;;2026-10-02 04:38:31.250291;;2026-10-05 09:51:33.421779;True;176.0;;;;;
547;547;unplanned;normal;CLOSED;Повреждён питающий кабель;;4;24;13;2;3;2026-10-02 11:04:33.144224;3.0;9.0;Заменён участок кабеля, выполнены соединения;False;;2026-10-02 03:04:33.144224;2026-10-02 03:04:33.144224;;2026-10-02 03:07:59.156177;;2026-10-02 05:47:39.258404;2026-10-02 04:19:39.258404;2026-10-02 06:51:02.053844;2026-10-02 06:51:02.053844;;2026-10-02 07:26:53.119430;;2026-10-05 09:51:33.421780;False;;;;;;
548;548;planned;planned;CLOSED;ППР по графику: Насос гидравлический Н-7;;2;14;12;2;3;2026-10-03 04:32:01.141368;1.0;19.0;Плановое ТО по графику ППР;False;;2026-10-02 04:32:01.141368;2026-10-02 04:32:01.141368;;2026-10-02 05:56:49.976452;;2026-10-02 06:08:51.975567;;2026-10-02 06:33:05.757579;2026-10-02 06:33:05.757579;;2026-10-02 08:17:58.869290;;2026-10-05 09:51:33.421781;False;;;;;;
549;549;planned;planned;CLOSED;Плановая ревизия электрооборудования: Конвейер К-2;;3;17;15;3;3;2026-10-03 08:11:44.602024;2.0;8.0;Плановая ревизия электрооборудования: протянуты контакты, замерена изоляция;True;;2026-10-02 08:11:44.602024;2026-10-02 08:11:44.602024;;2026-10-02 08:48:43.571619;;2026-10-02 09:04:03.637647;;2026-10-02 11:27:20.570588;2026-10-02 11:27:20.570588;;2026-10-02 12:12:14.930647;;2026-10-05 09:51:33.421782;False;;;;;;
550;550;unplanned;high;CLOSED;Износ футеровки, стук при работе;;2;9;12;2;3;2026-10-02 19:22:00.326068;6.0;1.0;Заменены изношенные плиты футеровки, крепёж протянут;False;;2026-10-02 11:52:00.326068;2026-10-02 11:52:00.326068;;2026-10-02 11:55:11.520733;;2026-10-02 11:58:41.136838;;2026-10-02 16:42:19.066608;2026-10-02 16:42:19.066608;;2026-10-02 16:59:56.067608;;2026-10-05 09:51:33.421782;True;290.0;;;;;
551;551;unplanned;high;CLOSED;Подклинивает шток цилиндра;;2;15;5;1;3;2026-10-02 16:09:01.066163;2.0;16.0;Заменён цилиндр, отрегулирован ход;False;;2026-10-02 12:09:01.066163;2026-10-02 12:09:01.066163;;2026-10-02 12:17:20.869246;;2026-10-02 12:29:20.858981;;2026-10-02 14:10:36.989310;2026-10-02 14:10:36.989310;;2026-10-02 15:59:29.523170;;2026-10-05 09:51:33.421783;True;121.0;;;;;
552;552;unplanned;high;CLOSED;Двигатель греется, срабатывает тепловая защита;;1;5;16;3;4;2026-10-03 01:47:15.386798;5.0;7.0;Заменены подшипники двигателя, проверена изоляция;False;;2026-10-02 19:32:15.386798;2026-10-02 19:32:15.386798;;2026-10-02 19:34:19.206027;;2026-10-02 19:42:54.803663;;2026-10-03 00:51:28.832163;2026-10-03 00:51:28.832163;;2026-10-03 01:15:22.381929;;2026-10-05 09:51:33.421784;False;;;;;;
553;553;unplanned;high;CLOSED;Не включается пускатель;;1;7;19;3;4;2026-10-03 05:33:22.583069;2.0;8.0;Заменён автомат, протянуты клеммы;False;;2026-10-03 01:33:22.583069;2026-10-03 01:33:22.583069;;2026-10-03 01:35:57.973764;;2026-10-03 01:51:15.333929;;2026-10-03 04:47:41.136339;2026-10-03 04:47:41.136339;;2026-10-03 06:10:51.174563;;2026-10-05 09:51:33.421785;True;194.0;;;;;
554;554;planned;planned;CLOSED;ППР по графику: насос шламовый ГрАТ-1400;;2;13;5;1;3;2026-10-05 19:51:31.317153;1.0;19.0;Плановый осмотр, протяжка крепежа, смазка узлов;False;;2026-10-05 04:46:31.317153;2026-10-05 04:46:31.317153;;2026-10-05 04:51:31.317153;;2026-10-05 05:01:31.317153;;2026-10-05 06:31:31.317153;2026-10-05 06:31:31.317153;;2026-10-05 06:51:31.317153;;2026-10-05 09:51:31.317153;False;;;;;;
555;555;planned;planned;CLOSED;ППР по графику: конвейер К-1;;3;16;6;1;3;2026-10-05 19:51:31.317153;1.0;19.0;ППР: ревизия узлов, замена смазки, проверка зазоров;False;;2026-10-05 05:06:31.317153;2026-10-05 05:06:31.317153;;2026-10-05 05:11:31.317153;;2026-10-05 05:21:31.317153;;2026-10-05 06:41:31.317153;2026-10-05 06:41:31.317153;;2026-10-05 07:21:31.317153;;2026-10-05 09:51:31.317153;False;;;;;;
556;556;unplanned;high;IN_PROGRESS;Двигатель привода конвейера К-2 греется, срабатывает тепловая защита;;3;17;15;3;3;2026-10-05 12:21:31.317153;;;;False;;2026-10-05 08:54:31.317153;2026-10-05 08:54:31.317153;;2026-10-05 08:59:31.317153;;2026-10-05 09:06:31.317153;;;;;;;2026-10-05 09:51:31.317153;True;;;;;;
557;557;unplanned;normal;IN_PROGRESS;Трещина на раме питателя у опоры привода;;1;4;9;1;3;2026-10-05 13:11:31.317153;;;;False;;2026-10-05 08:36:31.317153;2026-10-05 08:36:31.317153;;2026-10-05 08:41:31.317153;;2026-10-05 08:51:31.317153;;;;;;;2026-10-05 09:51:31.317153;False;;;;;;
558;558;unplanned;normal;QUEUED;Ослаб крепёж опоры грохота, повышенная вибрация;;1;5;10;2;3;2026-10-05 13:51:31.317153;;;;False;;2026-10-05 09:11:31.317153;2026-10-05 09:11:31.317153;2026-10-05 09:16:31.317153;;;;;;;;;;2026-10-05 09:51:31.317153;False;;;;;;
559;559;planned;planned;QUEUED;Плановая замена фильтроэлемента маслостанции;;1;6;10;2;3;2026-10-05 16:51:31.317153;;;;False;;2026-10-05 09:26:31.317153;2026-10-05 09:26:31.317153;2026-10-05 09:31:31.317153;;;;;;;;;;2026-10-05 09:51:31.317153;False;;;;;;
560;560;unplanned;normal;ACCEPTED;Узел работает всухую, скрип у подшипника цапфы;;2;8;12;2;3;2026-10-05 13:11:31.317153;;;;False;;2026-10-05 09:34:31.317153;2026-10-05 09:34:31.317153;;2026-10-05 09:39:31.317153;;;;;;;;;2026-10-05 09:51:31.317153;False;;;;;;
561;561;unplanned;normal;REJECTED;Ложные срабатывания датчика уровня в ванне;;2;11;17;3;3;2026-10-05 12:51:31.317153;;;;False;;2026-10-05 09:31:31.317153;2026-10-05 09:31:31.317153;;;2026-10-05 09:36:31.317153;;;;;;;;2026-10-05 09:51:31.317153;False;;;;;;
562;562;planned;planned;AI_REVIEW;Плановая замена контакторов в шкафу управления;;2;10;17;3;3;2026-10-05 10:51:31.317153;2.0;8.0;Заменены контакторы КМИ-32 в шкафу управления, протянуты клеммы, проверена работа схемы;False;;2026-10-05 07:16:31.317153;2026-10-05 07:16:31.317153;;2026-10-05 07:21:31.317153;;2026-10-05 07:31:31.317153;;2026-10-05 09:42:31.317153;2026-10-05 09:42:31.317153;;;;2026-10-05 09:51:31.317153;False;;;;;;
