id;order_id;actor_id;action;from_status;to_status;reason;comment;data;created_at
1;1;3.0;create;;ISSUED;;;{'priority': 'planned'};2026-07-06 05:54:27.474678
2;1;12.0;accept;ISSUED;ACCEPTED;;;;2026-07-06 06:22:37.691212
3;1;12.0;start;ACCEPTED;IN_PROGRESS;;;;2026-07-06 06:26:14.409556
4;1;12.0;complete;IN_PROGRESS;DONE;;;;2026-07-06 07:17:31.312303
5;1;;begin_review;DONE;AI_REVIEW;;;;2026-07-06 07:17:31.312303
6;1;3.0;close;AI_REVIEW;CLOSED;;;;2026-07-06 08:26:22.964964
7;2;3.0;create;;ISSUED;;;{'priority': 'normal'};2026-07-06 06:53:03.063424
8;2;10.0;accept;ISSUED;ACCEPTED;;;;2026-07-06 07:12:10.209503
9;2;10.0;start;ACCEPTED;IN_PROGRESS;;;;2026-07-06 07:28:30.718278
10;2;10.0;complete;IN_PROGRESS;DONE;;;;2026-07-06 09:01:07.057576
11;2;;begin_review;DONE;AI_REVIEW;;;;2026-07-06 09:01:07.057576
12;2;3.0;close;AI_REVIEW;CLOSED;;;;2026-07-06 10:07:56.683984
13;3;3.0;create;;ISSUED;;;{'priority': 'emergency'};2026-07-06 10:26:38.441779
14;3;12.0;accept;ISSUED;ACCEPTED;;;;2026-07-06 10:29:52.168620
15;3;12.0;start;ACCEPTED;IN_PROGRESS;;;;2026-07-06 10:34:54.811215
16;3;12.0;complete;IN_PROGRESS;DONE;;;;2026-07-06 15:05:29.584759
17;3;;begin_review;DONE;AI_REVIEW;;;;2026-07-06 15:05:29.584759
18;3;;send_to_rework;AI_REVIEW;REWORK;Вердикт ИИ: требует доработки;;;2026-07-06 15:05:44.584759
19;3;12.0;resume_rework;REWORK;IN_PROGRESS;;;;2026-07-06 16:04:13.733412
20;3;12.0;complete;IN_PROGRESS;DONE;;;;2026-07-06 16:25:46.683132
21;3;;begin_review;DONE;AI_REVIEW;;;;2026-07-06 16:25:46.683132
22;3;3.0;close;AI_REVIEW;CLOSED;;;;2026-07-06 17:54:26.976351
23;4;3.0;create;;ISSUED;;;{'priority': 'normal'};2026-07-06 13:16:58.002843
24;4;17.0;accept;ISSUED;ACCEPTED;;;;2026-07-06 13:29:11.901666
25;4;17.0;start;ACCEPTED;IN_PROGRESS;;;;2026-07-06 13:36:48.404486
26;4;17.0;complete;IN_PROGRESS;DONE;;;;2026-07-06 18:12:44.217484
27;4;;begin_review;DONE;AI_REVIEW;;;;2026-07-06 18:12:44.217484
28;4;3.0;close;AI_REVIEW;CLOSED;;;;2026-07-06 19:47:13.978912
29;5;4.0;create;;ISSUED;;;{'priority': 'high'};2026-07-06 16:09:52.073374
30;5;14.0;accept;ISSUED;ACCEPTED;;;;2026-07-06 16:13:51.581300
31;5;14.0;start;ACCEPTED;IN_PROGRESS;;;;2026-07-06 16:29:05.729902
32;5;14.0;complete;IN_PROGRESS;DONE;;;;2026-07-06 18:09:28.693689
33;5;;begin_review;DONE;AI_REVIEW;;;;2026-07-06 18:09:28.693689
34;5;4.0;close;AI_REVIEW;CLOSED;;;;2026-07-06 19:57:06.322891
35;6;4.0;create;;ISSUED;;;{'priority': 'high'};2026-07-06 16:32:09.747583
36;6;8.0;accept;ISSUED;ACCEPTED;;;;2026-07-06 16:35:50.163797
37;6;8.0;start;ACCEPTED;IN_PROGRESS;;;;2026-07-06 16:42:48.351844
38;6;8.0;complete;IN_PROGRESS;DONE;;;;2026-07-07 00:29:28.008609
39;6;;begin_review;DONE;AI_REVIEW;;;;2026-07-07 00:29:28.008609
40;6;4.0;close;AI_REVIEW;CLOSED;;;;2026-07-07 01:56:36.774333
41;7;4.0;create;;ISSUED;;;{'priority': 'normal'};2026-07-06 18:33:27.945057
42;7;14.0;accept;ISSUED;ACCEPTED;;;;2026-07-06 18:53:52.271544
43;7;14.0;start;ACCEPTED;IN_PROGRESS;;;;2026-07-06 19:02:07.374702
44;7;14.0;complete;IN_PROGRESS;DONE;;;;2026-07-06 22:29:26.756357
45;7;;begin_review;DONE;AI_REVIEW;;;;2026-07-06 22:29:26.756357
46;7;4.0;close;AI_REVIEW;CLOSED;;;;2026-07-07 00:10:53.663673
47;8;4.0;create;;ISSUED;;;{'priority': 'high'};2026-07-06 19:54:23.890363
48;8;8.0;accept;ISSUED;ACCEPTED;;;;2026-07-06 20:01:48.853934
49;8;8.0;start;ACCEPTED;IN_PROGRESS;;;;2026-07-06 20:11:59.259232
50;8;8.0;complete;IN_PROGRESS;DONE;;;;2026-07-07 01:25:50.135375
51;8;;begin_review;DONE;AI_REVIEW;;;;2026-07-07 01:25:50.135375
52;8;4.0;close;AI_REVIEW;CLOSED;;;;2026-07-07 03:00:03.980405
53;9;4.0;create;;ISSUED;;;{'priority': 'high'};2026-07-06 20:20:18.644401
54;9;8.0;accept;ISSUED;ACCEPTED;;;;2026-07-06 20:23:16.398179
55;9;8.0;start;ACCEPTED;IN_PROGRESS;;;;2026-07-06 20:37:08.000492
56;9;8.0;pause;IN_PROGRESS;PAUSED;ждёт остановки оборудования;;;2026-07-06 23:30:42.066235
57;9;8.0;resume;PAUSED;IN_PROGRESS;;;;2026-07-07 01:24:42.066235
58;9;8.0;complete;IN_PROGRESS;DONE;;;;2026-07-07 05:11:11.726188
59;9;;begin_review;DONE;AI_REVIEW;;;;2026-07-07 05:11:11.726188
60;9;4.0;close;AI_REVIEW;CLOSED;;;;2026-07-07 05:27:52.347431
61;10;3.0;create;;ISSUED;;;{'priority': 'normal'};2026-07-07 03:23:54.486970
62;10;17.0;queue;ISSUED;QUEUED;;;;2026-07-07 03:30:27.630966
63;10;17.0;accept;QUEUED;ACCEPTED;;;;2026-07-07 04:59:13.993450
64;10;17.0;start;ACCEPTED;IN_PROGRESS;;;;2026-07-07 05:14:27.037815
65;10;17.0;complete;IN_PROGRESS;DONE;;;;2026-07-07 09:00:16.820775
66;10;;begin_review;DONE;AI_REVIEW;;;;2026-07-07 09:00:16.820775
67;10;3.0;close;AI_REVIEW;CLOSED;;;;2026-07-07 10:27:33.653522
68;11;3.0;create;;ISSUED;;;{'priority': 'planned'};2026-07-07 05:19:21.095894
69;11;6.0;queue;ISSUED;QUEUED;;;;2026-07-07 05:21:58.510025
70;11;6.0;accept;QUEUED;ACCEPTED;;;;2026-07-07 06:34:10.655979
71;11;6.0;start;ACCEPTED;IN_PROGRESS;;;;2026-07-07 06:42:15.169879
72;11;6.0;complete;IN_PROGRESS;DONE;;;;2026-07-07 07:39:46.186691
73;11;;begin_review;DONE;AI_REVIEW;;;;2026-07-07 07:39:46.186691
74;11;3.0;close;AI_REVIEW;CLOSED;;;;2026-07-07 08:51:42.941730
75;12;3.0;create;;ISSUED;;;{'priority': 'planned'};2026-07-07 05:44:27.733703
76;12;5.0;accept;ISSUED;ACCEPTED;;;;2026-07-07 06:54:01.709776
77;12;5.0;start;ACCEPTED;IN_PROGRESS;;;;2026-07-07 07:02:30.519005
78;12;5.0;pause;IN_PROGRESS;PAUSED;ждёт остановки оборудования;;;2026-07-07 07:09:46.328512
79;12;5.0;resume;PAUSED;IN_PROGRESS;;;;2026-07-07 08:55:46.328512
80;12;5.0;complete;IN_PROGRESS;DONE;;;;2026-07-07 09:09:34.727615
81;12;;begin_review;DONE;AI_REVIEW;;;;2026-07-07 09:09:34.727615
82;12;3.0;close;AI_REVIEW;CLOSED;;;;2026-07-07 11:03:20.823796
83;13;3.0;create;;ISSUED;;;{'priority': 'normal'};2026-07-07 06:14:14.822194
84;13;15.0;queue;ISSUED;QUEUED;;;;2026-07-07 06:17:37.915811
85;13;15.0;accept;QUEUED;ACCEPTED;;;;2026-07-07 08:33:16.993560
86;13;15.0;start;ACCEPTED;IN_PROGRESS;;;;2026-07-07 08:39:46.839018
87;13;15.0;complete;IN_PROGRESS;DONE;;;;2026-07-07 10:21:17.402125
88;13;;begin_review;DONE;AI_REVIEW;;;;2026-07-07 10:21:17.402125
89;13;3.0;close;AI_REVIEW;CLOSED;;;;2026-07-07 12:00:12.453861
90;14;3.0;create;;ISSUED;;;{'priority': 'high'};2026-07-07 12:21:19.267034
91;14;10.0;accept;ISSUED;ACCEPTED;;;;2026-07-07 12:32:07.142536
92;14;10.0;start;ACCEPTED;IN_PROGRESS;;;;2026-07-07 12:41:56.191285
93;14;10.0;complete;IN_PROGRESS;DONE;;;;2026-07-08 02:05:04.712126
94;14;;begin_review;DONE;AI_REVIEW;;;;2026-07-08 02:05:04.712126
95;14;3.0;close;AI_REVIEW;CLOSED;;;;2026-07-08 03:35:33.130712
96;15;4.0;create;;ISSUED;;;{'priority': 'high'};2026-07-07 21:49:53.404769
97;15;18.0;accept;ISSUED;ACCEPTED;;;;2026-07-07 21:56:12.566171
98;15;18.0;start;ACCEPTED;IN_PROGRESS;;;;2026-07-07 22:12:21.843933
99;15;18.0;complete;IN_PROGRESS;DONE;;;;2026-07-08 01:18:24.014946
100;15;;begin_review;DONE;AI_REVIEW;;;;2026-07-08 01:18:24.014946
101;15;4.0;close;AI_REVIEW;CLOSED;;;;2026-07-08 02:31:14.797453
102;16;3.0;create;;ISSUED;;;{'priority': 'high'};2026-07-08 03:56:36.373600
103;16;6.0;accept;ISSUED;ACCEPTED;;;;2026-07-08 04:07:50.856449
104;16;6.0;start;ACCEPTED;IN_PROGRESS;;;;2026-07-08 04:11:27.618669
105;16;6.0;complete;IN_PROGRESS;DONE;;;;2026-07-08 11:06:50.986526
106;16;;begin_review;DONE;AI_REVIEW;;;;2026-07-08 11:06:50.986526
107;16;3.0;close;AI_REVIEW;CLOSED;;;;2026-07-08 12:46:50.921199
108;17;3.0;create;;ISSUED;;;{'priority': 'normal'};2026-07-08 04:21:43.894676
109;17;6.0;queue;ISSUED;QUEUED;;;;2026-07-08 04:29:23.268756
110;17;6.0;accept;QUEUED;ACCEPTED;;;;2026-07-08 05:20:59.045573
111;17;6.0;start;ACCEPTED;IN_PROGRESS;;;;2026-07-08 05:34:09.728211
112;17;6.0;complete;IN_PROGRESS;DONE;;;;2026-07-08 12:25:07.273255
113;17;;begin_review;DONE;AI_REVIEW;;;;2026-07-08 12:25:07.273255
114;17;3.0;close;AI_REVIEW;CLOSED;;;;2026-07-08 14:14:47.139143
115;18;3.0;create;;ISSUED;;;{'priority': 'planned'};2026-07-08 04:40:34.216047
116;18;5.0;queue;ISSUED;QUEUED;;;;2026-07-08 04:43:22.591918
117;18;5.0;accept;QUEUED;ACCEPTED;;;;2026-07-08 06:33:55.500088
118;18;5.0;start;ACCEPTED;IN_PROGRESS;;;;2026-07-08 06:40:48.484055
119;18;5.0;pause;IN_PROGRESS;PAUSED;ждёт остановки оборудования;;;2026-07-08 07:01:17.705888
120;18;5.0;resume;PAUSED;IN_PROGRESS;;;;2026-07-08 09:21:17.705888
121;18;5.0;complete;IN_PROGRESS;DONE;;;;2026-07-08 09:40:51.332423
122;18;;begin_review;DONE;AI_REVIEW;;;;2026-07-08 09:40:51.332423
123;18;3.0;close;AI_REVIEW;CLOSED;;;;2026-07-08 10:44:10.102625
124;19;3.0;create;;ISSUED;;;{'priority': 'planned'};2026-07-08 05:01:08.589314
125;19;10.0;accept;ISSUED;ACCEPTED;;;;2026-07-08 05:47:46.923372
126;19;10.0;start;ACCEPTED;IN_PROGRESS;;;;2026-07-08 06:06:27.381343
127;19;10.0;complete;IN_PROGRESS;DONE;;;;2026-07-08 07:07:44.523150
128;19;;begin_review;DONE;AI_REVIEW;;;;2026-07-08 07:07:44.523150
129;19;3.0;close;AI_REVIEW;CLOSED;;;;2026-07-08 08:26:34.752751
130;20;3.0;create;;ISSUED;;;{'priority': 'planned'};2026-07-08 05:48:39.024094
131;20;12.0;accept;ISSUED;ACCEPTED;;;;2026-07-08 06:01:00.460407
132;20;12.0;start;ACCEPTED;IN_PROGRESS;;;;2026-07-08 06:12:59.794907
133;20;12.0;complete;IN_PROGRESS;DONE;;;;2026-07-08 07:05:58.481065
134;20;;begin_review;DONE;AI_REVIEW;;;;2026-07-08 07:05:58.481065
135;20;3.0;close;AI_REVIEW;CLOSED;;;;2026-07-08 08:18:59.611515
136;21;3.0;create;;ISSUED;;;{'priority': 'planned'};2026-07-08 07:09:15.486966
137;21;17.0;accept;ISSUED;ACCEPTED;;;;2026-07-08 07:45:36.053710
138;21;17.0;start;ACCEPTED;IN_PROGRESS;;;;2026-07-08 07:57:21.666161
139;21;17.0;complete;IN_PROGRESS;DONE;;;;2026-07-08 09:39:15.553147
140;21;;begin_review;DONE;AI_REVIEW;;;;2026-07-08 09:39:15.553147
141;21;3.0;close;AI_REVIEW;CLOSED;;;;2026-07-08 11:06:49.453306
142;22;3.0;create;;ISSUED;;;{'priority': 'normal'};2026-07-08 08:28:32.806263
143;22;17.0;accept;ISSUED;ACCEPTED;;;;2026-07-08 08:49:15.901703
144;22;17.0;start;ACCEPTED;IN_PROGRESS;;;;2026-07-08 09:01:25.933533
145;22;17.0;complete;IN_PROGRESS;DONE;;;;2026-07-08 11:40:08.441549
146;22;;begin_review;DONE;AI_REVIEW;;;;2026-07-08 11:40:08.441549
147;22;3.0;close;AI_REVIEW;CLOSED;;;;2026-07-08 13:20:31.651753
148;23;4.0;create;;ISSUED;;;{'priority': 'emergency'};2026-07-08 16:55:10.093253
149;23;19.0;accept;ISSUED;ACCEPTED;;;;2026-07-08 16:56:43.921301
150;23;19.0;start;ACCEPTED;IN_PROGRESS;;;;2026-07-08 16:58:23.385065
151;23;19.0;complete;IN_PROGRESS;DONE;;;;2026-07-08 22:44:18.753083
152;23;;begin_review;DONE;AI_REVIEW;;;;2026-07-08 22:44:18.753083
153;23;4.0;close;AI_REVIEW;CLOSED;;;;2026-07-08 23:48:22.294024
154;24;4.0;create;;ISSUED;;;{'priority': 'normal'};2026-07-08 19:44:30.815874
155;24;8.0;accept;ISSUED;ACCEPTED;;;;2026-07-08 19:47:55.138976
156;24;8.0;start;ACCEPTED;IN_PROGRESS;;;;2026-07-08 19:54:46.586375
157;24;8.0;complete;IN_PROGRESS;DONE;;;;2026-07-09 02:42:56.202626
158;24;;begin_review;DONE;AI_REVIEW;;;;2026-07-09 02:42:56.202626
159;24;4.0;close;AI_REVIEW;CLOSED;;;;2026-07-09 02:57:32.256041
160;25;4.0;create;;ISSUED;;;{'priority': 'high'};2026-07-09 00:37:58.866089
161;25;19.0;accept;ISSUED;ACCEPTED;;;;2026-07-09 00:45:42.026760
162;25;19.0;start;ACCEPTED;IN_PROGRESS;;;;2026-07-09 00:57:21.078896
163;25;19.0;pause;IN_PROGRESS;PAUSED;ждёт остановки оборудования;;;2026-07-09 02:29:20.118902
164;25;19.0;resume;PAUSED;IN_PROGRESS;;;;2026-07-09 04:44:20.118902
165;25;19.0;complete;IN_PROGRESS;DONE;;;;2026-07-09 09:27:48.479153
166;25;;begin_review;DONE;AI_REVIEW;;;;2026-07-09 09:27:48.479153
167;25;4.0;close;AI_REVIEW;CLOSED;;;;2026-07-09 11:15:05.503155
168;26;3.0;create;;ISSUED;;;{'priority': 'planned'};2026-07-09 04:27:55.158432
169;26;6.0;accept;ISSUED;ACCEPTED;;;;2026-07-09 05:26:58.202972
170;26;6.0;start;ACCEPTED;IN_PROGRESS;;;;2026-07-09 05:29:57.113372
171;26;6.0;complete;IN_PROGRESS;DONE;;;;2026-07-09 06:30:31.487397
172;26;;begin_review;DONE;AI_REVIEW;;;;2026-07-09 06:30:31.487397
173;26;3.0;close;AI_REVIEW;CLOSED;;;;2026-07-09 07:26:00.978811
174;27;3.0;create;;ISSUED;;;{'priority': 'high'};2026-07-09 04:34:06.192458
175;27;9.0;accept;ISSUED;ACCEPTED;;;;2026-07-09 04:38:07.351661
176;27;9.0;start;ACCEPTED;IN_PROGRESS;;;;2026-07-09 04:48:18.409525
177;27;9.0;complete;IN_PROGRESS;DONE;;;;2026-07-09 06:50:14.960659
178;27;;begin_review;DONE;AI_REVIEW;;;;2026-07-09 06:50:14.960659
179;27;3.0;close;AI_REVIEW;CLOSED;;;;2026-07-09 07:17:50.298479
180;28;3.0;create;;ISSUED;;;{'priority': 'high'};2026-07-09 06:15:09.533908
181;28;12.0;accept;ISSUED;ACCEPTED;;;;2026-07-09 06:23:45.252112
182;28;12.0;start;ACCEPTED;IN_PROGRESS;;;;2026-07-09 06:28:27.349025
183;28;12.0;complete;IN_PROGRESS;DONE;;;;2026-07-09 08:20:07.640208
184;28;;begin_review;DONE;AI_REVIEW;;;;2026-07-09 08:20:07.640208
185;28;3.0;close;AI_REVIEW;CLOSED;;;;2026-07-09 08:31:28.211456
186;29;4.0;create;;ISSUED;;;{'priority': 'normal'};2026-07-09 16:52:24.366592
187;29;4.0;cancel;ISSUED;CANCELLED;Дубль заявки — работы выполнены по другому наряду;;;2026-07-09 17:28:18.042725
188;30;4.0;create;;ISSUED;;;{'priority': 'high'};2026-07-09 23:58:58.532769
189;30;8.0;accept;ISSUED;ACCEPTED;;;;2026-07-10 00:06:59.262709
190;30;8.0;start;ACCEPTED;IN_PROGRESS;;;;2026-07-10 00:09:06.361574
191;30;8.0;complete;IN_PROGRESS;DONE;;;;2026-07-10 02:05:09.954975
192;30;;begin_review;DONE;AI_REVIEW;;;;2026-07-10 02:05:09.954975
193;30;4.0;close;AI_REVIEW;CLOSED;;;;2026-07-10 02:24:48.792693
194;31;4.0;create;;ISSUED;;;{'priority': 'normal'};2026-07-10 00:05:51.921428
195;31;7.0;queue;ISSUED;QUEUED;;;;2026-07-10 00:12:48.820718
196;31;7.0;accept;QUEUED;ACCEPTED;;;;2026-07-10 02:03:47.625883
197;31;7.0;start;ACCEPTED;IN_PROGRESS;;;;2026-07-10 02:16:05.691078
198;31;7.0;complete;IN_PROGRESS;DONE;;;;2026-07-10 10:16:21.691054
199;31;;begin_review;DONE;AI_REVIEW;;;;2026-07-10 10:16:21.691054
200;31;4.0;close;AI_REVIEW;CLOSED;;;;2026-07-10 11:18:09.082226
201;32;3.0;create;;ISSUED;;;{'priority': 'high'};2026-07-10 04:07:54.499866
202;32;5.0;accept;ISSUED;ACCEPTED;;;;2026-07-10 04:12:00.407088
203;32;5.0;start;ACCEPTED;IN_PROGRESS;;;;2026-07-10 04:17:46.182147
204;32;5.0;complete;IN_PROGRESS;DONE;;;;2026-07-10 04:54:20.372471
205;32;;begin_review;DONE;AI_REVIEW;;;;2026-07-10 04:54:20.372471
206;32;3.0;close;AI_REVIEW;CLOSED;;;;2026-07-10 06:07:36.314218
207;33;3.0;create;;ISSUED;;;{'priority': 'planned'};2026-07-10 05:56:31.764319
208;33;12.0;accept;ISSUED;ACCEPTED;;;;2026-07-10 06:46:14.469561
209;33;12.0;start;ACCEPTED;IN_PROGRESS;;;;2026-07-10 07:01:21.989085
210;33;12.0;complete;IN_PROGRESS;DONE;;;;2026-07-10 08:01:01.703832
211;33;;begin_review;DONE;AI_REVIEW;;;;2026-07-10 08:01:01.703832
212;33;3.0;close;AI_REVIEW;CLOSED;;;;2026-07-10 09:38:40.138683
213;34;3.0;create;;ISSUED;;;{'priority': 'high'};2026-07-10 09:45:01.995183
214;34;6.0;accept;ISSUED;ACCEPTED;;;;2026-07-10 09:52:38.244486
215;34;6.0;start;ACCEPTED;IN_PROGRESS;;;;2026-07-10 10:06:06.748313
216;34;6.0;complete;IN_PROGRESS;DONE;;;;2026-07-10 11:00:42.125047
217;34;;begin_review;DONE;AI_REVIEW;;;;2026-07-10 11:00:42.125047
218;34;3.0;close;AI_REVIEW;CLOSED;;;;2026-07-10 12:42:25.372028
219;35;4.0;create;;ISSUED;;;{'priority': 'normal'};2026-07-10 19:56:14.037171
220;35;18.0;accept;ISSUED;ACCEPTED;;;;2026-07-10 20:16:10.101961
221;35;18.0;start;ACCEPTED;IN_PROGRESS;;;;2026-07-10 20:34:13.524954
222;35;18.0;complete;IN_PROGRESS;DONE;;;;2026-07-11 00:40:43.288425
223;35;;begin_review;DONE;AI_REVIEW;;;;2026-07-11 00:40:43.288425
224;35;4.0;close;AI_REVIEW;CLOSED;;;;2026-07-11 01:07:08.700805
225;36;4.0;create;;ISSUED;;;{'priority': 'normal'};2026-07-10 22:31:50.072767
226;36;14.0;accept;ISSUED;ACCEPTED;;;;2026-07-10 22:50:15.063026
227;36;14.0;start;ACCEPTED;IN_PROGRESS;;;;2026-07-10 22:59:15.794602
228;36;14.0;complete;IN_PROGRESS;DONE;;;;2026-07-11 01:47:28.065576
229;36;;begin_review;DONE;AI_REVIEW;;;;2026-07-11 01:47:28.065576
230;36;4.0;close;AI_REVIEW;CLOSED;;;;2026-07-11 02:30:43.366347
231;37;3.0;create;;ISSUED;;;{'priority': 'planned'};2026-07-11 04:42:37.949042
232;37;10.0;queue;ISSUED;QUEUED;;;;2026-07-11 04:45:27.082185
233;37;10.0;accept;QUEUED;ACCEPTED;;;;2026-07-11 05:17:29.394313
234;37;10.0;start;ACCEPTED;IN_PROGRESS;;;;2026-07-11 05:28:35.868581
235;37;10.0;complete;IN_PROGRESS;DONE;;;;2026-07-11 06:15:14.491689
236;37;;begin_review;DONE;AI_REVIEW;;;;2026-07-11 06:15:14.491689
237;37;3.0;close;AI_REVIEW;CLOSED;;;;2026-07-11 06:29:15.738433
238;38;3.0;create;;ISSUED;;;{'priority': 'high'};2026-07-11 08:34:11.733362
239;38;10.0;reject;ISSUED;REJECTED;нет материалов;;;2026-07-11 08:41:47.374806
240;38;3.0;reissue;REJECTED;ISSUED;;;{'to_assignee_id': 5};2026-07-11 08:47:47.351273
241;38;5.0;accept;ISSUED;ACCEPTED;;;;2026-07-11 08:50:49.212971
242;38;5.0;start;ACCEPTED;IN_PROGRESS;;;;2026-07-11 09:06:36.687571
243;38;5.0;complete;IN_PROGRESS;DONE;;;;2026-07-11 17:34:19.418147
244;38;;begin_review;DONE;AI_REVIEW;;;;2026-07-11 17:34:19.418147
245;38;3.0;close;AI_REVIEW;CLOSED;;;;2026-07-11 18:44:45.231483
246;39;4.0;create;;ISSUED;;;{'priority': 'high'};2026-07-12 02:01:02.515249
247;39;11.0;accept;ISSUED;ACCEPTED;;;;2026-07-12 02:06:09.341785
248;39;11.0;start;ACCEPTED;IN_PROGRESS;;;;2026-07-12 02:24:12.964338
249;39;11.0;pause;IN_PROGRESS;PAUSED;ждёт запчасти;;;2026-07-12 05:16:06.270128
250;39;11.0;resume;PAUSED;IN_PROGRESS;;;;2026-07-12 05:59:06.270128
251;39;11.0;complete;IN_PROGRESS;DONE;;;;2026-07-12 08:48:34.846608
252;39;;begin_review;DONE;AI_REVIEW;;;;2026-07-12 08:48:34.846608
253;39;4.0;close;AI_REVIEW;CLOSED;;;;2026-07-12 10:12:22.590360
254;40;3.0;create;;ISSUED;;;{'priority': 'normal'};2026-07-12 03:07:41.618602
255;40;17.0;accept;ISSUED;ACCEPTED;;;;2026-07-12 03:14:15.126956
256;40;17.0;start;ACCEPTED;IN_PROGRESS;;;;2026-07-12 03:30:53.006055
257;40;17.0;complete;IN_PROGRESS;DONE;;;;2026-07-12 07:53:52.068879
258;40;;begin_review;DONE;AI_REVIEW;;;;2026-07-12 07:53:52.068879
259;40;3.0;close;AI_REVIEW;CLOSED;;;;2026-07-12 09:17:02.260961
260;41;3.0;create;;ISSUED;;;{'priority': 'high'};2026-07-12 04:36:43.547100
261;41;9.0;accept;ISSUED;ACCEPTED;;;;2026-07-12 04:43:30.738351
262;41;9.0;start;ACCEPTED;IN_PROGRESS;;;;2026-07-12 05:00:44.165914
263;41;9.0;complete;IN_PROGRESS;DONE;;;;2026-07-12 08:25:08.055932
264;41;;begin_review;DONE;AI_REVIEW;;;;2026-07-12 08:25:08.055932
265;41;3.0;close;AI_REVIEW;CLOSED;;;;2026-07-12 09:35:24.519446
266;42;3.0;create;;ISSUED;;;{'priority': 'normal'};2026-07-12 07:08:29.129275
267;42;12.0;accept;ISSUED;ACCEPTED;;;;2026-07-12 07:23:07.589841
268;42;12.0;start;ACCEPTED;IN_PROGRESS;;;;2026-07-12 07:42:46.211485
269;42;12.0;complete;IN_PROGRESS;DONE;;;;2026-07-12 08:45:47.307020
270;42;;begin_review;DONE;AI_REVIEW;;;;2026-07-12 08:45:47.307020
271;42;3.0;close;AI_REVIEW;CLOSED;;;;2026-07-12 09:46:42.502686
272;43;3.0;create;;ISSUED;;;{'priority': 'emergency'};2026-07-12 12:32:17.420208
273;43;12.0;accept;ISSUED;ACCEPTED;;;;2026-07-12 12:33:49.131528
274;43;12.0;start;ACCEPTED;IN_PROGRESS;;;;2026-07-12 12:39:35.896562
275;43;12.0;complete;IN_PROGRESS;DONE;;;;2026-07-13 00:15:57.886181
276;43;;begin_review;DONE;AI_REVIEW;;;;2026-07-13 00:15:57.886181
277;43;3.0;close;AI_REVIEW;CLOSED;;;;2026-07-13 01:15:47.517355
278;44;4.0;create;;ISSUED;;;{'priority': 'emergency'};2026-07-12 19:09:03.827672
279;44;11.0;accept;ISSUED;ACCEPTED;;;;2026-07-12 19:11:24.316430
280;44;11.0;start;ACCEPTED;IN_PROGRESS;;;;2026-07-12 19:13:26.014935
281;44;11.0;complete;IN_PROGRESS;DONE;;;;2026-07-13 00:24:21.193697
282;44;;begin_review;DONE;AI_REVIEW;;;;2026-07-13 00:24:21.193697
283;44;4.0;close;AI_REVIEW;CLOSED;;;;2026-07-13 00:41:13.103383
284;45;3.0;create;;ISSUED;;;{'priority': 'planned'};2026-07-13 04:00:51.774041
285;45;3.0;cancel;ISSUED;CANCELLED;Дубль заявки — работы выполнены по другому наряду;;;2026-07-13 04:25:27.837582
286;46;3.0;create;;ISSUED;;;{'priority': 'planned'};2026-07-13 04:02:20.232545
287;46;6.0;queue;ISSUED;QUEUED;;;;2026-07-13 04:03:37.072306
288;46;6.0;accept;QUEUED;ACCEPTED;;;;2026-07-13 05:19:44.453215
289;46;6.0;start;ACCEPTED;IN_PROGRESS;;;;2026-07-13 05:32:21.830200
290;46;6.0;complete;IN_PROGRESS;DONE;;;;2026-07-13 06:46:17.202454
291;46;;begin_review;DONE;AI_REVIEW;;;;2026-07-13 06:46:17.202454
292;46;3.0;close;AI_REVIEW;CLOSED;;;;2026-07-13 08:46:00.412338
293;47;3.0;create;;ISSUED;;;{'priority': 'planned'};2026-07-13 04:33:25.036301
294;47;10.0;queue;ISSUED;QUEUED;;;;2026-07-13 04:34:33.518513
295;47;10.0;accept;QUEUED;ACCEPTED;;;;2026-07-13 06:28:19.964525
296;47;10.0;start;ACCEPTED;IN_PROGRESS;;;;2026-07-13 06:39:05.601969
297;47;10.0;complete;IN_PROGRESS;DONE;;;;2026-07-13 07:13:26.776903
298;47;;begin_review;DONE;AI_REVIEW;;;;2026-07-13 07:13:26.776903
299;47;3.0;close;AI_REVIEW;CLOSED;;;;2026-07-13 08:12:57.078967
300;48;3.0;create;;ISSUED;;;{'priority': 'high'};2026-07-13 05:11:51.682032
301;48;9.0;accept;ISSUED;ACCEPTED;;;;2026-07-13 05:22:19.764364
302;48;9.0;start;ACCEPTED;IN_PROGRESS;;;;2026-07-13 05:28:35.454329
303;48;9.0;complete;IN_PROGRESS;DONE;;;;2026-07-13 11:29:05.921124
304;48;;begin_review;DONE;AI_REVIEW;;;;2026-07-13 11:29:05.921124
305;48;3.0;close;AI_REVIEW;CLOSED;;;;2026-07-13 12:36:40.075968
306;49;3.0;create;;ISSUED;;;{'priority': 'normal'};2026-07-13 11:16:58.584277
307;49;17.0;accept;ISSUED;ACCEPTED;;;;2026-07-13 11:38:01.906042
308;49;17.0;start;ACCEPTED;IN_PROGRESS;;;;2026-07-13 11:52:20.705983
309;49;17.0;complete;IN_PROGRESS;DONE;;;;2026-07-13 17:06:05.247247
310;49;;begin_review;DONE;AI_REVIEW;;;;2026-07-13 17:06:05.247247
311;49;3.0;close;AI_REVIEW;CLOSED;;;;2026-07-13 18:32:32.584922
312;50;4.0;create;;ISSUED;;;{'priority': 'high'};2026-07-13 22:35:25.373766
313;50;11.0;accept;ISSUED;ACCEPTED;;;;2026-07-13 22:43:12.258418
314;50;11.0;start;ACCEPTED;IN_PROGRESS;;;;2026-07-13 22:55:30.947213
315;50;11.0;complete;IN_PROGRESS;DONE;;;;2026-07-14 03:22:21.493059
316;50;;begin_review;DONE;AI_REVIEW;;;;2026-07-14 03:22:21.493059
317;50;4.0;close;AI_REVIEW;CLOSED;;;;2026-07-14 04:38:46.715221
318;51;3.0;create;;ISSUED;;;{'priority': 'planned'};2026-07-14 05:29:38.499444
319;51;10.0;accept;ISSUED;ACCEPTED;;;;2026-07-14 05:53:40.416396
320;51;10.0;start;ACCEPTED;IN_PROGRESS;;;;2026-07-14 06:09:45.546318
321;51;10.0;complete;IN_PROGRESS;DONE;;;;2026-07-14 07:01:09.607799
322;51;;begin_review;DONE;AI_REVIEW;;;;2026-07-14 07:01:09.607799
323;51;3.0;close;AI_REVIEW;CLOSED;;;;2026-07-14 07:37:20.060897
324;52;3.0;create;;ISSUED;;;{'priority': 'normal'};2026-07-14 05:41:09.485267
325;52;9.0;accept;ISSUED;ACCEPTED;;;;2026-07-14 06:01:29.948245
326;52;9.0;start;ACCEPTED;IN_PROGRESS;;;;2026-07-14 06:17:05.870891
327;52;9.0;complete;IN_PROGRESS;DONE;;;;2026-07-14 08:41:19.253849
328;52;;begin_review;DONE;AI_REVIEW;;;;2026-07-14 08:41:19.253849
329;52;3.0;close;AI_REVIEW;CLOSED;;;;2026-07-14 10:27:03.086906
330;53;3.0;create;;ISSUED;;;{'priority': 'planned'};2026-07-14 07:34:58.876904
331;53;15.0;accept;ISSUED;ACCEPTED;;;;2026-07-14 08:15:32.496559
332;53;15.0;start;ACCEPTED;IN_PROGRESS;;;;2026-07-14 08:23:13.440274
333;53;15.0;pause;IN_PROGRESS;PAUSED;ждёт остановки оборудования;;;2026-07-14 09:32:01.935928
334;53;15.0;resume;PAUSED;IN_PROGRESS;;;;2026-07-14 11:50:01.935928
335;53;15.0;complete;IN_PROGRESS;DONE;;;;2026-07-14 13:25:33.691849
336;53;;begin_review;DONE;AI_REVIEW;;;;2026-07-14 13:25:33.691849
337;53;3.0;close;AI_REVIEW;CLOSED;;;;2026-07-14 14:04:56.471433
338;54;3.0;create;;ISSUED;;;{'priority': 'planned'};2026-07-14 08:25:41.848932
339;54;15.0;accept;ISSUED;ACCEPTED;;;;2026-07-14 09:12:35.170181
340;54;15.0;start;ACCEPTED;IN_PROGRESS;;;;2026-07-14 09:26:44.484590
341;54;15.0;complete;IN_PROGRESS;DONE;;;;2026-07-14 10:48:58.119889
342;54;;begin_review;DONE;AI_REVIEW;;;;2026-07-14 10:48:58.119889
343;54;3.0;close;AI_REVIEW;CLOSED;;;;2026-07-14 11:00:07.934618
344;55;4.0;create;;ISSUED;;;{'priority': 'normal'};2026-07-14 20:26:21.216760
345;55;14.0;reject;ISSUED;REJECTED;занят аварийным;;;2026-07-14 20:28:56.388313
346;55;4.0;reissue;REJECTED;ISSUED;;;{'to_assignee_id': 19};2026-07-14 20:35:06.207180
347;55;19.0;queue;ISSUED;QUEUED;;;;2026-07-14 20:36:24.589732
348;55;19.0;accept;QUEUED;ACCEPTED;;;;2026-07-14 22:16:55.888077
349;55;19.0;start;ACCEPTED;IN_PROGRESS;;;;2026-07-14 22:19:57.320542
350;55;19.0;complete;IN_PROGRESS;DONE;;;;2026-07-15 05:59:30.281764
351;55;;begin_review;DONE;AI_REVIEW;;;;2026-07-15 05:59:30.281764
352;55;4.0;close;AI_REVIEW;CLOSED;;;;2026-07-15 06:37:22.297641
353;56;4.0;create;;ISSUED;;;{'priority': 'normal'};2026-07-14 22:29:58.798612
354;56;16.0;queue;ISSUED;QUEUED;;;;2026-07-14 22:34:49.369647
355;56;16.0;accept;QUEUED;ACCEPTED;;;;2026-07-15 00:52:15.823291
356;56;16.0;start;ACCEPTED;IN_PROGRESS;;;;2026-07-15 01:08:07.294241
357;56;16.0;pause;IN_PROGRESS;PAUSED;ждёт остановки оборудования;;;2026-07-15 03:26:37.261056
358;56;16.0;resume;PAUSED;IN_PROGRESS;;;;2026-07-15 04:45:37.261056
359;56;16.0;complete;IN_PROGRESS;DONE;;;;2026-07-15 07:10:08.676796
360;56;;begin_review;DONE;AI_REVIEW;;;;2026-07-15 07:10:08.676796
361;56;4.0;close;AI_REVIEW;CLOSED;;;;2026-07-15 08:44:42.145130
362;57;4.0;create;;ISSUED;;;{'priority': 'normal'};2026-07-15 01:48:54.105766
363;57;14.0;queue;ISSUED;QUEUED;;;;2026-07-15 01:50:33.482298
364;57;14.0;accept;QUEUED;ACCEPTED;;;;2026-07-15 03:24:49.969865
365;57;14.0;start;ACCEPTED;IN_PROGRESS;;;;2026-07-15 03:31:20.613923
366;57;14.0;complete;IN_PROGRESS;DONE;;;;2026-07-15 05:28:01.459014
367;57;;begin_review;DONE;AI_REVIEW;;;;2026-07-15 05:28:01.459014
368;57;4.0;close;AI_REVIEW;CLOSED;;;;2026-07-15 07:02:49.997163
369;58;3.0;create;;ISSUED;;;{'priority': 'emergency'};2026-07-15 06:02:36.349587
370;58;10.0;accept;ISSUED;ACCEPTED;;;;2026-07-15 06:05:47.347723
371;58;10.0;start;ACCEPTED;IN_PROGRESS;;;;2026-07-15 06:10:51.030419
372;58;10.0;complete;IN_PROGRESS;DONE;;;;2026-07-15 07:19:46.718533
373;58;;begin_review;DONE;AI_REVIEW;;;;2026-07-15 07:19:46.718533
374;58;3.0;close;AI_REVIEW;CLOSED;;;;2026-07-15 09:19:27.022789
375;59;3.0;create;;ISSUED;;;{'priority': 'normal'};2026-07-15 11:30:39.697247
376;59;9.0;queue;ISSUED;QUEUED;;;;2026-07-15 11:35:47.902498
377;59;9.0;accept;QUEUED;ACCEPTED;;;;2026-07-15 13:35:26.665597
378;59;9.0;start;ACCEPTED;IN_PROGRESS;;;;2026-07-15 13:49:06.281575
379;59;9.0;complete;IN_PROGRESS;DONE;;;;2026-07-15 16:37:08.441028
380;59;;begin_review;DONE;AI_REVIEW;;;;2026-07-15 16:37:08.441028
381;59;3.0;close;AI_REVIEW;CLOSED;;;;2026-07-15 18:06:18.718657
382;60;4.0;create;;ISSUED;;;{'priority': 'high'};2026-07-15 19:50:50.955697
383;60;8.0;accept;ISSUED;ACCEPTED;;;;2026-07-15 19:57:50.766188
384;60;8.0;start;ACCEPTED;IN_PROGRESS;;;;2026-07-15 20:17:12.916342
385;60;8.0;complete;IN_PROGRESS;DONE;;;;2026-07-15 23:06:04.507810
386;60;;begin_review;DONE;AI_REVIEW;;;;2026-07-15 23:06:04.507810
387;60;4.0;close;AI_REVIEW;CLOSED;;;;2026-07-15 23:31:39.004927
388;61;3.0;create;;ISSUED;;;{'priority': 'planned'};2026-07-16 04:13:21.583691
389;61;10.0;accept;ISSUED;ACCEPTED;;;;2026-07-16 04:27:01.431820
390;61;10.0;start;ACCEPTED;IN_PROGRESS;;;;2026-07-16 04:41:38.832376
391;61;10.0;pause;IN_PROGRESS;PAUSED;ждёт запчасти;;;2026-07-16 04:57:17.051963
392;61;10.0;resume;PAUSED;IN_PROGRESS;;;;2026-07-16 06:25:17.051963
393;61;10.0;complete;IN_PROGRESS;DONE;;;;2026-07-16 06:56:29.483254
394;61;;begin_review;DONE;AI_REVIEW;;;;2026-07-16 06:56:29.483254
395;61;3.0;close;AI_REVIEW;CLOSED;;;;2026-07-16 07:28:46.914779
396;62;3.0;create;;ISSUED;;;{'priority': 'planned'};2026-07-16 05:22:34.766101
397;62;12.0;accept;ISSUED;ACCEPTED;;;;2026-07-16 06:26:51.075720
398;62;12.0;start;ACCEPTED;IN_PROGRESS;;;;2026-07-16 06:34:41.249456
399;62;12.0;complete;IN_PROGRESS;DONE;;;;2026-07-16 08:23:42.192588
400;62;;begin_review;DONE;AI_REVIEW;;;;2026-07-16 08:23:42.192588
401;62;3.0;close;AI_REVIEW;CLOSED;;;;2026-07-16 09:34:34.683605
402;63;3.0;create;;ISSUED;;;{'priority': 'normal'};2026-07-16 14:22:41.309693
403;63;15.0;queue;ISSUED;QUEUED;;;;2026-07-16 14:31:18.887717
404;63;15.0;accept;QUEUED;ACCEPTED;;;;2026-07-16 16:10:55.931458
405;63;15.0;start;ACCEPTED;IN_PROGRESS;;;;2026-07-16 16:26:55.806027
406;63;15.0;pause;IN_PROGRESS;PAUSED;ждёт запчасти;;;2026-07-16 17:18:44.005845
407;63;15.0;resume;PAUSED;IN_PROGRESS;;;;2026-07-16 19:18:44.005845
408;63;15.0;complete;IN_PROGRESS;DONE;;;;2026-07-16 21:24:40.511443
409;63;;begin_review;DONE;AI_REVIEW;;;;2026-07-16 21:24:40.511443
410;63;3.0;close;AI_REVIEW;CLOSED;;;;2026-07-16 22:41:50.062168
411;64;4.0;create;;ISSUED;;;{'priority': 'normal'};2026-07-16 15:43:37.185504
412;64;7.0;queue;ISSUED;QUEUED;;;;2026-07-16 15:52:03.486647
413;64;7.0;accept;QUEUED;ACCEPTED;;;;2026-07-16 16:51:12.844827
414;64;7.0;start;ACCEPTED;IN_PROGRESS;;;;2026-07-16 17:00:45.133567
415;64;7.0;complete;IN_PROGRESS;DONE;;;;2026-07-16 20:25:39.737203
416;64;;begin_review;DONE;AI_REVIEW;;;;2026-07-16 20:25:39.737203
417;64;4.0;close;AI_REVIEW;CLOSED;;;;2026-07-16 20:48:03.419411
418;65;4.0;create;;ISSUED;;;{'priority': 'normal'};2026-07-16 16:00:27.814075
419;65;8.0;accept;ISSUED;ACCEPTED;;;;2026-07-16 16:04:55.338810
420;65;8.0;start;ACCEPTED;IN_PROGRESS;;;;2026-07-16 16:13:28.667325
421;65;8.0;complete;IN_PROGRESS;DONE;;;;2026-07-16 17:28:10.618237
422;65;;begin_review;DONE;AI_REVIEW;;;;2026-07-16 17:28:10.618237
423;65;4.0;close;AI_REVIEW;CLOSED;;;;2026-07-16 17:45:58.290927
424;66;4.0;create;;ISSUED;;;{'priority': 'normal'};2026-07-16 19:16:34.331981
425;66;7.0;queue;ISSUED;QUEUED;;;;2026-07-16 19:23:39.832356
426;66;7.0;accept;QUEUED;ACCEPTED;;;;2026-07-16 20:26:00.175036
427;66;7.0;start;ACCEPTED;IN_PROGRESS;;;;2026-07-16 20:42:01.468337
428;66;7.0;complete;IN_PROGRESS;DONE;;;;2026-07-16 21:42:11.247271
429;66;;begin_review;DONE;AI_REVIEW;;;;2026-07-16 21:42:11.247271
430;66;4.0;close;AI_REVIEW;CLOSED;;;;2026-07-16 22:42:14.187030
431;67;3.0;create;;ISSUED;;;{'priority': 'planned'};2026-07-17 04:50:42.823667
432;67;6.0;accept;ISSUED;ACCEPTED;;;;2026-07-17 05:16:14.767297
433;67;6.0;start;ACCEPTED;IN_PROGRESS;;;;2026-07-17 05:24:42.044697
434;67;6.0;pause;IN_PROGRESS;PAUSED;ждёт остановки оборудования;;;2026-07-17 05:46:24.791360
435;67;6.0;resume;PAUSED;IN_PROGRESS;;;;2026-07-17 06:33:24.791360
436;67;6.0;complete;IN_PROGRESS;DONE;;;;2026-07-17 06:55:59.278282
437;67;;begin_review;DONE;AI_REVIEW;;;;2026-07-17 06:55:59.278282
438;67;3.0;close;AI_REVIEW;CLOSED;;;;2026-07-17 08:06:47.465492
439;68;3.0;create;;ISSUED;;;{'priority': 'planned'};2026-07-17 08:32:32.939157
440;68;15.0;accept;ISSUED;ACCEPTED;;;;2026-07-17 09:21:41.163470
441;68;15.0;start;ACCEPTED;IN_PROGRESS;;;;2026-07-17 09:41:36.480954
442;68;15.0;complete;IN_PROGRESS;DONE;;;;2026-07-17 12:18:46.935103
443;68;;begin_review;DONE;AI_REVIEW;;;;2026-07-17 12:18:46.935103
444;68;3.0;close;AI_REVIEW;CLOSED;;;;2026-07-17 13:16:32.976655
445;69;3.0;create;;ISSUED;;;{'priority': 'normal'};2026-07-17 08:43:17.468449
446;69;6.0;accept;ISSUED;ACCEPTED;;;;2026-07-17 08:47:29.111646
447;69;6.0;start;ACCEPTED;IN_PROGRESS;;;;2026-07-17 09:07:19.687030
448;69;6.0;complete;IN_PROGRESS;DONE;;;;2026-07-17 19:09:10.146489
449;69;;begin_review;DONE;AI_REVIEW;;;;2026-07-17 19:09:10.146489
450;69;3.0;close;AI_REVIEW;CLOSED;;;;2026-07-17 19:51:42.363315
451;70;3.0;create;;ISSUED;;;{'priority': 'high'};2026-07-17 12:59:56.217453
452;70;5.0;accept;ISSUED;ACCEPTED;;;;2026-07-17 13:10:30.970720
453;70;5.0;start;ACCEPTED;IN_PROGRESS;;;;2026-07-17 13:25:58.040352
454;70;5.0;complete;IN_PROGRESS;DONE;;;;2026-07-17 14:25:09.478680
455;70;;begin_review;DONE;AI_REVIEW;;;;2026-07-17 14:25:09.478680
456;70;3.0;close;AI_REVIEW;CLOSED;;;;2026-07-17 15:22:00.433550
457;71;4.0;create;;ISSUED;;;{'priority': 'emergency'};2026-07-17 15:31:17.357976
458;71;16.0;accept;ISSUED;ACCEPTED;;;;2026-07-17 15:32:31.930603
459;71;16.0;start;ACCEPTED;IN_PROGRESS;;;;2026-07-17 15:37:56.184777
460;71;16.0;complete;IN_PROGRESS;DONE;;;;2026-07-17 21:16:07.361642
461;71;;begin_review;DONE;AI_REVIEW;;;;2026-07-17 21:16:07.361642
462;71;4.0;close;AI_REVIEW;CLOSED;;;;2026-07-17 21:48:38.464756
463;72;4.0;create;;ISSUED;;;{'priority': 'high'};2026-07-17 21:48:43.193139
464;72;8.0;accept;ISSUED;ACCEPTED;;;;2026-07-17 21:58:14.559423
465;72;8.0;start;ACCEPTED;IN_PROGRESS;;;;2026-07-17 22:15:55.381316
466;72;8.0;complete;IN_PROGRESS;DONE;;;;2026-07-17 23:44:57.844165
467;72;;begin_review;DONE;AI_REVIEW;;;;2026-07-17 23:44:57.844165
468;72;4.0;close;AI_REVIEW;CLOSED;;;;2026-07-18 01:26:12.939018
469;73;3.0;create;;ISSUED;;;{'priority': 'normal'};2026-07-18 04:20:56.890657
470;73;10.0;accept;ISSUED;ACCEPTED;;;;2026-07-18 04:36:09.095637
471;73;10.0;start;ACCEPTED;IN_PROGRESS;;;;2026-07-18 04:44:46.693157
472;73;10.0;complete;IN_PROGRESS;DONE;;;;2026-07-18 09:59:35.877614
473;73;;begin_review;DONE;AI_REVIEW;;;;2026-07-18 09:59:35.877614
474;73;3.0;close;AI_REVIEW;CLOSED;;;;2026-07-18 10:25:52.374298
475;74;3.0;create;;ISSUED;;;{'priority': 'planned'};2026-07-18 04:33:21.409942
476;74;5.0;accept;ISSUED;ACCEPTED;;;;2026-07-18 05:33:32.335689
477;74;5.0;start;ACCEPTED;IN_PROGRESS;;;;2026-07-18 05:40:48.958686
478;74;5.0;complete;IN_PROGRESS;DONE;;;;2026-07-18 07:18:56.356839
479;74;;begin_review;DONE;AI_REVIEW;;;;2026-07-18 07:18:56.356839
480;74;3.0;close;AI_REVIEW;CLOSED;;;;2026-07-18 08:14:13.522254
481;75;3.0;create;;ISSUED;;;{'priority': 'normal'};2026-07-18 04:33:36.491616
482;75;10.0;accept;ISSUED;ACCEPTED;;;;2026-07-18 04:51:25.010930
483;75;10.0;start;ACCEPTED;IN_PROGRESS;;;;2026-07-18 05:01:39.658589
484;75;10.0;complete;IN_PROGRESS;DONE;;;;2026-07-18 13:16:13.883122
485;75;;begin_review;DONE;AI_REVIEW;;;;2026-07-18 13:16:13.883122
486;75;3.0;close;AI_REVIEW;CLOSED;;;;2026-07-18 15:13:17.043311
487;76;4.0;create;;ISSUED;;;{'priority': 'normal'};2026-07-18 21:59:45.436752
488;76;8.0;accept;ISSUED;ACCEPTED;;;;2026-07-18 22:06:10.323842
489;76;8.0;start;ACCEPTED;IN_PROGRESS;;;;2026-07-18 22:12:51.563615
490;76;8.0;pause;IN_PROGRESS;PAUSED;ждёт остановки оборудования;;;2026-07-18 23:08:19.523398
491;76;8.0;resume;PAUSED;IN_PROGRESS;;;;2026-07-18 23:56:19.523398
492;76;8.0;complete;IN_PROGRESS;DONE;;;;2026-07-19 01:29:32.326589
493;76;;begin_review;DONE;AI_REVIEW;;;;2026-07-19 01:29:32.326589
494;76;4.0;close;AI_REVIEW;CLOSED;;;;2026-07-19 02:50:44.136673
495;77;4.0;create;;ISSUED;;;{'priority': 'emergency'};2026-07-18 23:09:05.728195
496;77;8.0;accept;ISSUED;ACCEPTED;;;;2026-07-18 23:13:00.257195
497;77;8.0;start;ACCEPTED;IN_PROGRESS;;;;2026-07-18 23:17:46.505692
498;77;8.0;complete;IN_PROGRESS;DONE;;;;2026-07-19 04:23:36.931987
499;77;;begin_review;DONE;AI_REVIEW;;;;2026-07-19 04:23:36.931987
500;77;4.0;close;AI_REVIEW;CLOSED;;;;2026-07-19 04:57:51.339650
501;78;3.0;create;;ISSUED;;;{'priority': 'planned'};2026-07-19 04:08:18.330133
502;78;6.0;queue;ISSUED;QUEUED;;;;2026-07-19 04:15:04.638966
503;78;6.0;accept;QUEUED;ACCEPTED;;;;2026-07-19 05:50:55.404210
504;78;6.0;start;ACCEPTED;IN_PROGRESS;;;;2026-07-19 05:56:55.319576
505;78;6.0;pause;IN_PROGRESS;PAUSED;ждёт остановки оборудования;;;2026-07-19 06:30:13.337138
506;78;6.0;resume;PAUSED;IN_PROGRESS;;;;2026-07-19 08:26:13.337138
507;78;6.0;complete;IN_PROGRESS;DONE;;;;2026-07-19 09:19:49.595084
508;78;;begin_review;DONE;AI_REVIEW;;;;2026-07-19 09:19:49.595084
509;78;3.0;close;AI_REVIEW;CLOSED;;;;2026-07-19 10:48:34.955981
510;79;3.0;create;;ISSUED;;;{'priority': 'emergency'};2026-07-19 09:25:47.314092
511;79;12.0;accept;ISSUED;ACCEPTED;;;;2026-07-19 09:26:49.508434
512;79;12.0;start;ACCEPTED;IN_PROGRESS;;;;2026-07-19 09:29:32.984498
513;79;12.0;complete;IN_PROGRESS;DONE;;;;2026-07-19 10:45:45.785264
514;79;;begin_review;DONE;AI_REVIEW;;;;2026-07-19 10:45:45.785264
515;79;3.0;close;AI_REVIEW;CLOSED;;;;2026-07-19 12:00:21.173710
516;80;3.0;create;;ISSUED;;;{'priority': 'normal'};2026-07-19 13:03:11.481486
517;80;5.0;accept;ISSUED;ACCEPTED;;;;2026-07-19 13:32:49.835609
518;80;5.0;start;ACCEPTED;IN_PROGRESS;;;;2026-07-19 13:36:01.240653
519;80;5.0;complete;IN_PROGRESS;DONE;;;;2026-07-19 14:40:25.000069
520;80;;begin_review;DONE;AI_REVIEW;;;;2026-07-19 14:40:25.000069
521;80;3.0;close;AI_REVIEW;CLOSED;;;;2026-07-19 14:55:03.737304
522;81;4.0;create;;ISSUED;;;{'priority': 'normal'};2026-07-19 17:04:13.554138
523;81;8.0;queue;ISSUED;QUEUED;;;;2026-07-19 17:12:20.812694
524;81;8.0;accept;QUEUED;ACCEPTED;;;;2026-07-19 17:52:22.199657
525;81;8.0;start;ACCEPTED;IN_PROGRESS;;;;2026-07-19 17:59:46.382618
526;81;8.0;complete;IN_PROGRESS;DONE;;;;2026-07-19 19:48:08.754359
527;81;;begin_review;DONE;AI_REVIEW;;;;2026-07-19 19:48:08.754359
528;81;;send_to_rework;AI_REVIEW;REWORK;Вердикт ИИ: требует доработки;;;2026-07-19 19:48:23.754359
529;81;8.0;resume_rework;REWORK;IN_PROGRESS;;;;2026-07-19 20:23:02.905034
530;81;8.0;complete;IN_PROGRESS;DONE;;;;2026-07-19 21:50:59.531405
531;81;;begin_review;DONE;AI_REVIEW;;;;2026-07-19 21:50:59.531405
532;81;4.0;close;AI_REVIEW;CLOSED;;;;2026-07-19 23:36:30.614465
533;82;3.0;create;;ISSUED;;;{'priority': 'planned'};2026-07-20 05:04:20.842258
534;82;6.0;accept;ISSUED;ACCEPTED;;;;2026-07-20 05:44:12.212895
535;82;6.0;start;ACCEPTED;IN_PROGRESS;;;;2026-07-20 05:59:23.806747
536;82;6.0;complete;IN_PROGRESS;DONE;;;;2026-07-20 07:02:13.031228
537;82;;begin_review;DONE;AI_REVIEW;;;;2026-07-20 07:02:13.031228
538;82;3.0;close;AI_REVIEW;CLOSED;;;;2026-07-20 08:10:28.472605
539;83;3.0;create;;ISSUED;;;{'priority': 'normal'};2026-07-20 11:01:21.587104
540;83;13.0;queue;ISSUED;QUEUED;;;;2026-07-20 11:09:08.006497
541;83;13.0;accept;QUEUED;ACCEPTED;;;;2026-07-20 12:39:48.962712
542;83;13.0;start;ACCEPTED;IN_PROGRESS;;;;2026-07-20 12:57:31.201297
543;83;13.0;complete;IN_PROGRESS;DONE;;;;2026-07-20 17:53:47.560979
544;83;;begin_review;DONE;AI_REVIEW;;;;2026-07-20 17:53:47.560979
545;83;3.0;close;AI_REVIEW;CLOSED;;;;2026-07-20 19:43:58.761637
546;84;4.0;create;;ISSUED;;;{'priority': 'high'};2026-07-20 16:35:18.296168
547;84;7.0;accept;ISSUED;ACCEPTED;;;;2026-07-20 16:46:16.530208
548;84;7.0;start;ACCEPTED;IN_PROGRESS;;;;2026-07-20 16:59:19.032836
549;84;7.0;complete;IN_PROGRESS;DONE;;;;2026-07-20 23:08:35.890702
550;84;;begin_review;DONE;AI_REVIEW;;;;2026-07-20 23:08:35.890702
551;84;4.0;close;AI_REVIEW;CLOSED;;;;2026-07-21 00:07:12.680893
552;85;4.0;create;;ISSUED;;;{'priority': 'high'};2026-07-21 02:09:34.585296
553;85;11.0;reject;ISSUED;REJECTED;занят аварийным;;;2026-07-21 02:16:27.831975
554;85;4.0;reissue;REJECTED;ISSUED;;;{'to_assignee_id': 7};2026-07-21 02:27:10.512188
555;85;7.0;accept;ISSUED;ACCEPTED;;;;2026-07-21 02:31:26.456846
556;85;7.0;start;ACCEPTED;IN_PROGRESS;;;;2026-07-21 02:35:41.828562
557;85;7.0;pause;IN_PROGRESS;PAUSED;ждёт остановки оборудования;;;2026-07-21 07:44:21.315410
558;85;7.0;resume;PAUSED;IN_PROGRESS;;;;2026-07-21 08:19:21.315410
559;85;7.0;complete;IN_PROGRESS;DONE;;;;2026-07-21 13:09:02.613102
560;85;;begin_review;DONE;AI_REVIEW;;;;2026-07-21 13:09:02.613102
561;85;;send_to_rework;AI_REVIEW;REWORK;Вердикт ИИ: требует доработки;;;2026-07-21 13:09:17.613102
562;85;7.0;resume_rework;REWORK;IN_PROGRESS;;;;2026-07-21 14:05:17.907314
563;85;7.0;complete;IN_PROGRESS;DONE;;;;2026-07-21 14:39:40.592298
564;85;;begin_review;DONE;AI_REVIEW;;;;2026-07-21 14:39:40.592298
565;85;4.0;close;AI_REVIEW;CLOSED;;;;2026-07-21 14:52:53.702464
566;86;3.0;create;;ISSUED;;;{'priority': 'planned'};2026-07-21 04:35:48.802498
567;86;5.0;accept;ISSUED;ACCEPTED;;;;2026-07-21 06:01:43.002202
568;86;5.0;start;ACCEPTED;IN_PROGRESS;;;;2026-07-21 06:09:58.665667
569;86;5.0;complete;IN_PROGRESS;DONE;;;;2026-07-21 06:53:15.825551
570;86;;begin_review;DONE;AI_REVIEW;;;;2026-07-21 06:53:15.825551
571;86;3.0;close;AI_REVIEW;CLOSED;;;;2026-07-21 07:22:09.530405
572;87;3.0;create;;ISSUED;;;{'priority': 'normal'};2026-07-21 06:58:31.446424
573;87;12.0;queue;ISSUED;QUEUED;;;;2026-07-21 07:04:03.711871
574;87;12.0;accept;QUEUED;ACCEPTED;;;;2026-07-21 08:56:04.209379
575;87;12.0;start;ACCEPTED;IN_PROGRESS;;;;2026-07-21 09:04:39.989447
576;87;12.0;complete;IN_PROGRESS;DONE;;;;2026-07-21 13:23:46.712959
577;87;;begin_review;DONE;AI_REVIEW;;;;2026-07-21 13:23:46.712959
578;87;3.0;close;AI_REVIEW;CLOSED;;;;2026-07-21 13:48:43.734600
579;88;3.0;create;;ISSUED;;;{'priority': 'normal'};2026-07-21 10:31:53.766556
580;88;10.0;queue;ISSUED;QUEUED;;;;2026-07-21 10:37:20.371467
581;88;10.0;accept;QUEUED;ACCEPTED;;;;2026-07-21 11:47:21.664179
582;88;10.0;start;ACCEPTED;IN_PROGRESS;;;;2026-07-21 11:57:35.165607
583;88;10.0;complete;IN_PROGRESS;DONE;;;;2026-07-21 14:06:54.524434
584;88;;begin_review;DONE;AI_REVIEW;;;;2026-07-21 14:06:54.524434
585;88;3.0;close;AI_REVIEW;CLOSED;;;;2026-07-21 15:30:50.354591
586;89;4.0;create;;ISSUED;;;{'priority': 'emergency'};2026-07-21 17:51:03.841737
587;89;18.0;accept;ISSUED;ACCEPTED;;;;2026-07-21 17:54:05.615097
588;89;18.0;start;ACCEPTED;IN_PROGRESS;;;;2026-07-21 17:55:41.380450
589;89;18.0;complete;IN_PROGRESS;DONE;;;;2026-07-21 21:19:02.716841
590;89;;begin_review;DONE;AI_REVIEW;;;;2026-07-21 21:19:02.716841
591;89;4.0;close;AI_REVIEW;CLOSED;;;;2026-07-21 21:59:40.937834
592;90;4.0;create;;ISSUED;;;{'priority': 'high'};2026-07-21 18:16:04.856594
593;90;19.0;accept;ISSUED;ACCEPTED;;;;2026-07-21 18:27:30.791629
594;90;19.0;start;ACCEPTED;IN_PROGRESS;;;;2026-07-21 18:35:55.376720
595;90;19.0;complete;IN_PROGRESS;DONE;;;;2026-07-21 20:03:53.098704
596;90;;begin_review;DONE;AI_REVIEW;;;;2026-07-21 20:03:53.098704
597;90;4.0;close;AI_REVIEW;CLOSED;;;;2026-07-21 20:55:58.476390
598;91;3.0;create;;ISSUED;;;{'priority': 'planned'};2026-07-22 04:10:54.547768
599;91;12.0;accept;ISSUED;ACCEPTED;;;;2026-07-22 04:28:36.949185
600;91;12.0;start;ACCEPTED;IN_PROGRESS;;;;2026-07-22 04:31:59.587825
601;91;12.0;complete;IN_PROGRESS;DONE;;;;2026-07-22 06:12:54.826884
602;91;;begin_review;DONE;AI_REVIEW;;;;2026-07-22 06:12:54.826884
603;91;3.0;close;AI_REVIEW;CLOSED;;;;2026-07-22 07:57:28.664143
604;92;4.0;create;;ISSUED;;;{'priority': 'normal'};2026-07-22 19:34:15.148228
605;92;7.0;queue;ISSUED;QUEUED;;;;2026-07-22 19:39:18.210608
606;92;7.0;accept;QUEUED;ACCEPTED;;;;2026-07-22 21:50:10.630064
607;92;7.0;start;ACCEPTED;IN_PROGRESS;;;;2026-07-22 22:00:08.590702
608;92;7.0;complete;IN_PROGRESS;DONE;;;;2026-07-23 04:13:41.161805
609;92;;begin_review;DONE;AI_REVIEW;;;;2026-07-23 04:13:41.161805
610;92;;send_to_rework;AI_REVIEW;REWORK;Вердикт ИИ: требует доработки;;;2026-07-23 04:13:56.161805
611;92;7.0;resume_rework;REWORK;IN_PROGRESS;;;;2026-07-23 04:52:02.928039
612;92;7.0;complete;IN_PROGRESS;DONE;;;;2026-07-23 05:22:59.434058
613;92;;begin_review;DONE;AI_REVIEW;;;;2026-07-23 05:22:59.434058
614;92;4.0;close;AI_REVIEW;CLOSED;;;;2026-07-23 06:38:00.331841
615;93;4.0;create;;ISSUED;;;{'priority': 'normal'};2026-07-22 20:22:01.297842
616;93;18.0;queue;ISSUED;QUEUED;;;;2026-07-22 20:28:20.148086
617;93;18.0;accept;QUEUED;ACCEPTED;;;;2026-07-22 21:05:00.092982
618;93;18.0;start;ACCEPTED;IN_PROGRESS;;;;2026-07-22 21:13:35.815884
619;93;18.0;complete;IN_PROGRESS;DONE;;;;2026-07-23 08:39:48.821349
620;93;;begin_review;DONE;AI_REVIEW;;;;2026-07-23 08:39:48.821349
621;93;4.0;close;AI_REVIEW;CLOSED;;;;2026-07-23 08:57:01.122907
622;94;4.0;create;;ISSUED;;;{'priority': 'high'};2026-07-23 01:34:57.378974
623;94;8.0;reject;ISSUED;REJECTED;нет допуска;;;2026-07-23 01:38:54.781036
624;94;4.0;reissue;REJECTED;ISSUED;;;{'to_assignee_id': 11};2026-07-23 01:47:01.527715
625;94;11.0;accept;ISSUED;ACCEPTED;;;;2026-07-23 01:51:41.499046
626;94;11.0;start;ACCEPTED;IN_PROGRESS;;;;2026-07-23 02:06:13.134200
627;94;11.0;complete;IN_PROGRESS;DONE;;;;2026-07-23 03:00:42.546225
628;94;;begin_review;DONE;AI_REVIEW;;;;2026-07-23 03:00:42.546225
629;94;4.0;close;AI_REVIEW;CLOSED;;;;2026-07-23 03:50:40.552640
630;95;3.0;create;;ISSUED;;;{'priority': 'planned'};2026-07-23 05:12:14.534849
631;95;6.0;accept;ISSUED;ACCEPTED;;;;2026-07-23 06:40:10.249716
632;95;6.0;start;ACCEPTED;IN_PROGRESS;;;;2026-07-23 06:43:31.596592
633;95;6.0;complete;IN_PROGRESS;DONE;;;;2026-07-23 07:57:51.179695
634;95;;begin_review;DONE;AI_REVIEW;;;;2026-07-23 07:57:51.179695
635;95;3.0;close;AI_REVIEW;CLOSED;;;;2026-07-23 08:37:55.388245
636;96;3.0;create;;ISSUED;;;{'priority': 'planned'};2026-07-23 05:30:37.909416
637;96;6.0;accept;ISSUED;ACCEPTED;;;;2026-07-23 05:46:45.885056
638;96;6.0;start;ACCEPTED;IN_PROGRESS;;;;2026-07-23 06:03:35.523122
639;96;6.0;complete;IN_PROGRESS;DONE;;;;2026-07-23 07:03:47.001213
640;96;;begin_review;DONE;AI_REVIEW;;;;2026-07-23 07:03:47.001213
641;96;3.0;close;AI_REVIEW;CLOSED;;;;2026-07-23 08:22:50.771194
642;97;3.0;create;;ISSUED;;;{'priority': 'planned'};2026-07-23 06:15:38.939392
643;97;15.0;queue;ISSUED;QUEUED;;;;2026-07-23 06:25:18.482612
644;97;15.0;accept;QUEUED;ACCEPTED;;;;2026-07-23 08:21:47.705098
645;97;15.0;start;ACCEPTED;IN_PROGRESS;;;;2026-07-23 08:32:12.384036
646;97;15.0;complete;IN_PROGRESS;DONE;;;;2026-07-23 11:40:17.321232
647;97;;begin_review;DONE;AI_REVIEW;;;;2026-07-23 11:40:17.321232
648;97;3.0;close;AI_REVIEW;CLOSED;;;;2026-07-23 13:10:12.980684
649;98;3.0;create;;ISSUED;;;{'priority': 'planned'};2026-07-23 08:11:14.569418
650;98;15.0;accept;ISSUED;ACCEPTED;;;;2026-07-23 08:33:03.739124
651;98;15.0;start;ACCEPTED;IN_PROGRESS;;;;2026-07-23 08:37:46.249590
652;98;15.0;complete;IN_PROGRESS;DONE;;;;2026-07-23 10:54:02.965535
653;98;;begin_review;DONE;AI_REVIEW;;;;2026-07-23 10:54:02.965535
654;98;3.0;close;AI_REVIEW;CLOSED;;;;2026-07-23 12:37:06.347622
655;99;4.0;create;;ISSUED;;;{'priority': 'normal'};2026-07-23 17:32:20.621931
656;99;11.0;accept;ISSUED;ACCEPTED;;;;2026-07-23 17:46:18.124753
657;99;11.0;start;ACCEPTED;IN_PROGRESS;;;;2026-07-23 17:50:20.768016
658;99;11.0;complete;IN_PROGRESS;DONE;;;;2026-07-23 19:04:18.913756
659;99;;begin_review;DONE;AI_REVIEW;;;;2026-07-23 19:04:18.913756
660;99;4.0;close;AI_REVIEW;CLOSED;;;;2026-07-23 20:42:42.265764
661;100;4.0;create;;ISSUED;;;{'priority': 'normal'};2026-07-23 17:51:18.095791
662;100;19.0;accept;ISSUED;ACCEPTED;;;;2026-07-23 18:15:25.314458
663;100;19.0;start;ACCEPTED;IN_PROGRESS;;;;2026-07-23 18:18:25.067913
664;100;19.0;complete;IN_PROGRESS;DONE;;;;2026-07-23 20:56:48.773061
665;100;;begin_review;DONE;AI_REVIEW;;;;2026-07-23 20:56:48.773061
666;100;4.0;close;AI_REVIEW;CLOSED;;;;2026-07-23 22:27:36.343748
667;101;4.0;create;;ISSUED;;;{'priority': 'high'};2026-07-23 20:06:50.408595
668;101;7.0;accept;ISSUED;ACCEPTED;;;;2026-07-23 20:14:50.301384
669;101;7.0;start;ACCEPTED;IN_PROGRESS;;;;2026-07-23 20:30:45.347539
670;101;7.0;complete;IN_PROGRESS;DONE;;;;2026-07-23 22:26:46.140672
671;101;;begin_review;DONE;AI_REVIEW;;;;2026-07-23 22:26:46.140672
672;101;4.0;close;AI_REVIEW;CLOSED;;;;2026-07-24 00:11:41.280234
673;102;4.0;create;;ISSUED;;;{'priority': 'high'};2026-07-23 21:18:25.156994
674;102;14.0;accept;ISSUED;ACCEPTED;;;;2026-07-23 21:25:52.604014
675;102;14.0;start;ACCEPTED;IN_PROGRESS;;;;2026-07-23 21:36:25.446468
676;102;14.0;complete;IN_PROGRESS;DONE;;;;2026-07-23 23:43:08.354593
677;102;;begin_review;DONE;AI_REVIEW;;;;2026-07-23 23:43:08.354593
678;102;4.0;close;AI_REVIEW;CLOSED;;;;2026-07-24 01:19:54.452484
679;103;4.0;create;;ISSUED;;;{'priority': 'emergency'};2026-07-23 23:09:03.710751
680;103;7.0;accept;ISSUED;ACCEPTED;;;;2026-07-23 23:10:59.379081
681;103;7.0;start;ACCEPTED;IN_PROGRESS;;;;2026-07-23 23:16:46.924165
682;103;7.0;complete;IN_PROGRESS;DONE;;;;2026-07-24 03:55:35.618150
683;103;;begin_review;DONE;AI_REVIEW;;;;2026-07-24 03:55:35.618150
684;103;4.0;close;AI_REVIEW;CLOSED;;;;2026-07-24 05:43:31.246553
685;104;4.0;create;;ISSUED;;;{'priority': 'normal'};2026-07-24 02:29:36.376327
686;104;18.0;accept;ISSUED;ACCEPTED;;;;2026-07-24 02:33:31.264651
687;104;18.0;start;ACCEPTED;IN_PROGRESS;;;;2026-07-24 02:51:07.024806
688;104;18.0;complete;IN_PROGRESS;DONE;;;;2026-07-24 07:44:06.236222
689;104;;begin_review;DONE;AI_REVIEW;;;;2026-07-24 07:44:06.236222
690;104;4.0;close;AI_REVIEW;CLOSED;;;;2026-07-24 09:17:55.274161
691;105;3.0;create;;ISSUED;;;{'priority': 'planned'};2026-07-24 05:09:08.723878
692;105;10.0;accept;ISSUED;ACCEPTED;;;;2026-07-24 05:30:01.966550
693;105;10.0;start;ACCEPTED;IN_PROGRESS;;;;2026-07-24 05:39:14.681348
694;105;10.0;pause;IN_PROGRESS;PAUSED;ждёт запчасти;;;2026-07-24 05:56:30.944887
695;105;10.0;resume;PAUSED;IN_PROGRESS;;;;2026-07-24 08:14:30.944887
696;105;10.0;complete;IN_PROGRESS;DONE;;;;2026-07-24 08:56:21.988432
697;105;;begin_review;DONE;AI_REVIEW;;;;2026-07-24 08:56:21.988432
698;105;3.0;close;AI_REVIEW;CLOSED;;;;2026-07-24 09:28:13.168982
699;106;3.0;create;;ISSUED;;;{'priority': 'planned'};2026-07-24 05:43:17.613856
700;106;12.0;accept;ISSUED;ACCEPTED;;;;2026-07-24 06:23:28.749992
701;106;12.0;start;ACCEPTED;IN_PROGRESS;;;;2026-07-24 06:40:30.203367
702;106;12.0;pause;IN_PROGRESS;PAUSED;ждёт запчасти;;;2026-07-24 07:06:48.035955
703;106;12.0;resume;PAUSED;IN_PROGRESS;;;;2026-07-24 09:32:48.035955
704;106;12.0;complete;IN_PROGRESS;DONE;;;;2026-07-24 09:59:51.251870
705;106;;begin_review;DONE;AI_REVIEW;;;;2026-07-24 09:59:51.251870
706;106;3.0;close;AI_REVIEW;CLOSED;;;;2026-07-24 11:15:53.843894
707;107;3.0;create;;ISSUED;;;{'priority': 'planned'};2026-07-24 05:45:09.846911
708;107;10.0;accept;ISSUED;ACCEPTED;;;;2026-07-24 07:10:56.615752
709;107;10.0;start;ACCEPTED;IN_PROGRESS;;;;2026-07-24 07:15:03.354312
710;107;10.0;complete;IN_PROGRESS;DONE;;;;2026-07-24 08:27:18.780014
711;107;;begin_review;DONE;AI_REVIEW;;;;2026-07-24 08:27:18.780014
712;107;3.0;close;AI_REVIEW;CLOSED;;;;2026-07-24 09:19:20.465214
713;108;3.0;create;;ISSUED;;;{'priority': 'normal'};2026-07-24 06:55:47.719088
714;108;10.0;queue;ISSUED;QUEUED;;;;2026-07-24 07:02:53.400960
715;108;10.0;accept;QUEUED;ACCEPTED;;;;2026-07-24 08:17:16.382691
716;108;10.0;start;ACCEPTED;IN_PROGRESS;;;;2026-07-24 08:26:37.588721
717;108;10.0;complete;IN_PROGRESS;DONE;;;;2026-07-24 11:35:29.549079
718;108;;begin_review;DONE;AI_REVIEW;;;;2026-07-24 11:35:29.549079
719;108;3.0;close;AI_REVIEW;CLOSED;;;;2026-07-24 13:03:25.339979
720;109;3.0;create;;ISSUED;;;{'priority': 'high'};2026-07-24 11:28:33.360510
721;109;17.0;accept;ISSUED;ACCEPTED;;;;2026-07-24 11:33:53.078034
722;109;17.0;start;ACCEPTED;IN_PROGRESS;;;;2026-07-24 11:40:06.706789
723;109;17.0;pause;IN_PROGRESS;PAUSED;ждёт остановки оборудования;;;2026-07-24 13:29:11.613071
724;109;17.0;resume;PAUSED;IN_PROGRESS;;;;2026-07-24 14:37:11.613071
725;109;17.0;complete;IN_PROGRESS;DONE;;;;2026-07-24 19:23:24.823744
726;109;;begin_review;DONE;AI_REVIEW;;;;2026-07-24 19:23:24.823744
727;109;3.0;close;AI_REVIEW;CLOSED;;;;2026-07-24 20:51:32.510537
728;110;4.0;create;;ISSUED;;;{'priority': 'high'};2026-07-24 15:15:56.385222
729;110;16.0;accept;ISSUED;ACCEPTED;;;;2026-07-24 15:22:55.911592
730;110;16.0;start;ACCEPTED;IN_PROGRESS;;;;2026-07-24 15:42:27.152801
731;110;16.0;complete;IN_PROGRESS;DONE;;;;2026-07-24 17:24:14.913900
732;110;;begin_review;DONE;AI_REVIEW;;;;2026-07-24 17:24:14.913900
733;110;4.0;close;AI_REVIEW;CLOSED;;;;2026-07-24 18:28:17.327446
734;111;4.0;create;;ISSUED;;;{'priority': 'emergency'};2026-07-24 16:14:35.527566
735;111;14.0;accept;ISSUED;ACCEPTED;;;;2026-07-24 16:16:02.279311
736;111;14.0;start;ACCEPTED;IN_PROGRESS;;;;2026-07-24 16:18:11.237475
737;111;14.0;complete;IN_PROGRESS;DONE;;;;2026-07-24 20:00:07.687191
738;111;;begin_review;DONE;AI_REVIEW;;;;2026-07-24 20:00:07.687191
739;111;4.0;close;AI_REVIEW;CLOSED;;;;2026-07-24 20:32:32.329687
740;112;4.0;create;;ISSUED;;;{'priority': 'emergency'};2026-07-24 16:34:55.205622
741;112;11.0;accept;ISSUED;ACCEPTED;;;;2026-07-24 16:38:10.194219
742;112;11.0;start;ACCEPTED;IN_PROGRESS;;;;2026-07-24 16:43:16.965746
743;112;11.0;complete;IN_PROGRESS;DONE;;;;2026-07-25 01:28:35.091606
744;112;;begin_review;DONE;AI_REVIEW;;;;2026-07-25 01:28:35.091606
745;112;4.0;close;AI_REVIEW;CLOSED;;;;2026-07-25 03:26:31.899143
746;113;4.0;create;;ISSUED;;;{'priority': 'normal'};2026-07-24 18:18:27.896143
747;113;7.0;queue;ISSUED;QUEUED;;;;2026-07-24 18:22:22.606844
748;113;7.0;accept;QUEUED;ACCEPTED;;;;2026-07-24 18:46:07.827961
749;113;7.0;start;ACCEPTED;IN_PROGRESS;;;;2026-07-24 18:56:24.879796
750;113;7.0;complete;IN_PROGRESS;DONE;;;;2026-07-25 00:16:14.184241
751;113;;begin_review;DONE;AI_REVIEW;;;;2026-07-25 00:16:14.184241
752;113;4.0;close;AI_REVIEW;CLOSED;;;;2026-07-25 01:54:24.466796
753;114;4.0;create;;ISSUED;;;{'priority': 'emergency'};2026-07-24 21:20:57.958338
754;114;7.0;accept;ISSUED;ACCEPTED;;;;2026-07-24 21:23:46.370813
755;114;7.0;start;ACCEPTED;IN_PROGRESS;;;;2026-07-24 21:25:14.136116
756;114;7.0;complete;IN_PROGRESS;DONE;;;;2026-07-24 22:21:46.348555
757;114;;begin_review;DONE;AI_REVIEW;;;;2026-07-24 22:21:46.348555
758;114;4.0;close;AI_REVIEW;CLOSED;;;;2026-07-24 23:59:53.611335
759;115;3.0;create;;ISSUED;;;{'priority': 'high'};2026-07-25 03:32:55.165189
760;115;9.0;accept;ISSUED;ACCEPTED;;;;2026-07-25 03:43:14.396914
761;115;9.0;start;ACCEPTED;IN_PROGRESS;;;;2026-07-25 03:54:28.062398
762;115;9.0;complete;IN_PROGRESS;DONE;;;;2026-07-25 07:44:15.088910
763;115;;begin_review;DONE;AI_REVIEW;;;;2026-07-25 07:44:15.088910
764;115;3.0;close;AI_REVIEW;CLOSED;;;;2026-07-25 09:05:29.318984
765;116;3.0;create;;ISSUED;;;{'priority': 'planned'};2026-07-25 05:20:25.261256
766;116;10.0;accept;ISSUED;ACCEPTED;;;;2026-07-25 06:22:11.943134
767;116;10.0;start;ACCEPTED;IN_PROGRESS;;;;2026-07-25 06:25:42.630844
768;116;10.0;complete;IN_PROGRESS;DONE;;;;2026-07-25 07:24:43.439908
769;116;;begin_review;DONE;AI_REVIEW;;;;2026-07-25 07:24:43.439908
770;116;3.0;close;AI_REVIEW;CLOSED;;;;2026-07-25 08:35:20.002484
771;117;3.0;create;;ISSUED;;;{'priority': 'high'};2026-07-25 13:22:20.357783
772;117;5.0;accept;ISSUED;ACCEPTED;;;;2026-07-25 13:30:56.870935
773;117;5.0;start;ACCEPTED;IN_PROGRESS;;;;2026-07-25 13:43:10.827402
774;117;5.0;pause;IN_PROGRESS;PAUSED;ждёт запчасти;;;2026-07-25 15:05:21.103233
775;117;5.0;resume;PAUSED;IN_PROGRESS;;;;2026-07-25 17:09:21.103233
776;117;5.0;complete;IN_PROGRESS;DONE;;;;2026-07-25 19:25:25.021515
777;117;;begin_review;DONE;AI_REVIEW;;;;2026-07-25 19:25:25.021515
778;117;3.0;close;AI_REVIEW;CLOSED;;;;2026-07-25 21:16:24.560232
779;118;4.0;create;;ISSUED;;;{'priority': 'normal'};2026-07-25 18:10:21.491652
780;118;7.0;accept;ISSUED;ACCEPTED;;;;2026-07-25 18:36:53.509240
781;118;7.0;start;ACCEPTED;IN_PROGRESS;;;;2026-07-25 18:40:48.346351
782;118;7.0;complete;IN_PROGRESS;DONE;;;;2026-07-25 22:02:07.315672
783;118;;begin_review;DONE;AI_REVIEW;;;;2026-07-25 22:02:07.315672
784;118;4.0;close;AI_REVIEW;CLOSED;;;;2026-07-25 23:59:15.200160
785;119;3.0;create;;ISSUED;;;{'priority': 'high'};2026-07-26 03:05:29.923785
786;119;10.0;accept;ISSUED;ACCEPTED;;;;2026-07-26 03:08:37.071286
787;119;10.0;start;ACCEPTED;IN_PROGRESS;;;;2026-07-26 03:10:54.227352
788;119;10.0;complete;IN_PROGRESS;DONE;;;;2026-07-26 06:32:30.234970
789;119;;begin_review;DONE;AI_REVIEW;;;;2026-07-26 06:32:30.234970
790;119;;send_to_rework;AI_REVIEW;REWORK;Вердикт ИИ: требует доработки;;;2026-07-26 06:32:45.234970
791;119;10.0;resume_rework;REWORK;IN_PROGRESS;;;;2026-07-26 07:27:52.480979
792;119;10.0;complete;IN_PROGRESS;DONE;;;;2026-07-26 08:39:35.361942
793;119;;begin_review;DONE;AI_REVIEW;;;;2026-07-26 08:39:35.361942
794;119;3.0;close;AI_REVIEW;CLOSED;;;;2026-07-26 10:24:10.018482
795;120;3.0;create;;ISSUED;;;{'priority': 'normal'};2026-07-26 04:25:59.488069
796;120;6.0;accept;ISSUED;ACCEPTED;;;;2026-07-26 04:38:00.325160
797;120;6.0;start;ACCEPTED;IN_PROGRESS;;;;2026-07-26 04:41:51.201763
798;120;6.0;complete;IN_PROGRESS;DONE;;;;2026-07-26 08:43:20.650408
799;120;;begin_review;DONE;AI_REVIEW;;;;2026-07-26 08:43:20.650408
800;120;3.0;close;AI_REVIEW;CLOSED;;;;2026-07-26 09:51:27.488547
801;121;3.0;create;;ISSUED;;;{'priority': 'planned'};2026-07-26 04:44:48.627618
802;121;6.0;accept;ISSUED;ACCEPTED;;;;2026-07-26 05:16:14.302198
803;121;6.0;start;ACCEPTED;IN_PROGRESS;;;;2026-07-26 05:29:54.466507
804;121;6.0;complete;IN_PROGRESS;DONE;;;;2026-07-26 06:40:46.967964
805;121;;begin_review;DONE;AI_REVIEW;;;;2026-07-26 06:40:46.967964
806;121;3.0;close;AI_REVIEW;CLOSED;;;;2026-07-26 08:06:07.796921
807;122;3.0;create;;ISSUED;;;{'priority': 'planned'};2026-07-26 04:55:03.733339
808;122;12.0;queue;ISSUED;QUEUED;;;;2026-07-26 05:02:27.881339
809;122;12.0;accept;QUEUED;ACCEPTED;;;;2026-07-26 07:27:14.347612
810;122;12.0;start;ACCEPTED;IN_PROGRESS;;;;2026-07-26 07:44:14.074817
811;122;12.0;complete;IN_PROGRESS;DONE;;;;2026-07-26 09:06:18.575086
812;122;;begin_review;DONE;AI_REVIEW;;;;2026-07-26 09:06:18.575086
813;122;3.0;close;AI_REVIEW;CLOSED;;;;2026-07-26 09:30:30.612343
814;123;3.0;create;;ISSUED;;;{'priority': 'planned'};2026-07-26 05:14:13.342217
815;123;5.0;accept;ISSUED;ACCEPTED;;;;2026-07-26 06:27:42.058005
816;123;5.0;start;ACCEPTED;IN_PROGRESS;;;;2026-07-26 06:46:40.557079
817;123;5.0;complete;IN_PROGRESS;DONE;;;;2026-07-26 07:46:26.405966
818;123;;begin_review;DONE;AI_REVIEW;;;;2026-07-26 07:46:26.405966
819;123;3.0;close;AI_REVIEW;CLOSED;;;;2026-07-26 08:33:35.455346
820;124;3.0;create;;ISSUED;;;{'priority': 'planned'};2026-07-26 07:01:13.895109
821;124;15.0;queue;ISSUED;QUEUED;;;;2026-07-26 07:04:14.906754
822;124;15.0;accept;QUEUED;ACCEPTED;;;;2026-07-26 07:57:45.919454
823;124;15.0;start;ACCEPTED;IN_PROGRESS;;;;2026-07-26 08:05:53.469605
824;124;15.0;complete;IN_PROGRESS;DONE;;;;2026-07-26 09:57:27.002457
825;124;;begin_review;DONE;AI_REVIEW;;;;2026-07-26 09:57:27.002457
826;124;3.0;close;AI_REVIEW;CLOSED;;;;2026-07-26 11:43:33.393915
827;125;3.0;create;;ISSUED;;;{'priority': 'normal'};2026-07-26 10:22:46.564943
828;125;5.0;accept;ISSUED;ACCEPTED;;;;2026-07-26 10:48:29.952041
829;125;5.0;start;ACCEPTED;IN_PROGRESS;;;;2026-07-26 10:52:29.757354
830;125;5.0;complete;IN_PROGRESS;DONE;;;;2026-07-26 14:33:53.913355
831;125;;begin_review;DONE;AI_REVIEW;;;;2026-07-26 14:33:53.913355
832;125;3.0;close;AI_REVIEW;CLOSED;;;;2026-07-26 15:38:43.293958
833;126;3.0;create;;ISSUED;;;{'priority': 'high'};2026-07-26 11:53:44.037652
834;126;5.0;accept;ISSUED;ACCEPTED;;;;2026-07-26 12:04:13.194707
835;126;5.0;start;ACCEPTED;IN_PROGRESS;;;;2026-07-26 12:14:07.431845
836;126;5.0;complete;IN_PROGRESS;DONE;;;;2026-07-26 13:29:39.514983
837;126;;begin_review;DONE;AI_REVIEW;;;;2026-07-26 13:29:39.514983
838;126;3.0;close;AI_REVIEW;CLOSED;;;;2026-07-26 15:02:32.662312
839;127;3.0;create;;ISSUED;;;{'priority': 'normal'};2026-07-26 14:00:32.950332
840;127;10.0;accept;ISSUED;ACCEPTED;;;;2026-07-26 14:27:47.816049
841;127;10.0;start;ACCEPTED;IN_PROGRESS;;;;2026-07-26 14:46:55.803833
842;127;10.0;complete;IN_PROGRESS;DONE;;;;2026-07-26 22:58:47.706339
843;127;;begin_review;DONE;AI_REVIEW;;;;2026-07-26 22:58:47.706339
844;127;3.0;close;AI_REVIEW;CLOSED;;;;2026-07-26 23:12:52.524981
845;128;4.0;create;;ISSUED;;;{'priority': 'emergency'};2026-07-26 16:01:24.717556
846;128;8.0;accept;ISSUED;ACCEPTED;;;;2026-07-26 16:05:21.126029
847;128;8.0;start;ACCEPTED;IN_PROGRESS;;;;2026-07-26 16:10:20.847259
848;128;8.0;complete;IN_PROGRESS;DONE;;;;2026-07-26 20:26:44.822644
849;128;;begin_review;DONE;AI_REVIEW;;;;2026-07-26 20:26:44.822644
850;128;4.0;close;AI_REVIEW;CLOSED;;;;2026-07-26 22:14:22.849047
851;129;3.0;create;;ISSUED;;;{'priority': 'planned'};2026-07-27 05:45:06.141171
852;129;12.0;accept;ISSUED;ACCEPTED;;;;2026-07-27 06:57:37.644018
853;129;12.0;start;ACCEPTED;IN_PROGRESS;;;;2026-07-27 07:06:54.510180
854;129;12.0;pause;IN_PROGRESS;PAUSED;ждёт запчасти;;;2026-07-27 07:23:10.344612
855;129;12.0;resume;PAUSED;IN_PROGRESS;;;;2026-07-27 08:59:10.344612
856;129;12.0;complete;IN_PROGRESS;DONE;;;;2026-07-27 09:37:59.648957
857;129;;begin_review;DONE;AI_REVIEW;;;;2026-07-27 09:37:59.648957
858;129;3.0;close;AI_REVIEW;CLOSED;;;;2026-07-27 10:05:35.829403
859;130;3.0;create;;ISSUED;;;{'priority': 'planned'};2026-07-27 05:51:29.510037
860;130;5.0;accept;ISSUED;ACCEPTED;;;;2026-07-27 06:22:11.222902
861;130;5.0;start;ACCEPTED;IN_PROGRESS;;;;2026-07-27 06:39:10.030208
862;130;5.0;complete;IN_PROGRESS;DONE;;;;2026-07-27 07:30:08.115783
863;130;;begin_review;DONE;AI_REVIEW;;;;2026-07-27 07:30:08.115783
864;130;3.0;close;AI_REVIEW;CLOSED;;;;2026-07-27 08:43:06.188632
865;131;3.0;create;;ISSUED;;;{'priority': 'high'};2026-07-27 09:19:16.114841
866;131;13.0;accept;ISSUED;ACCEPTED;;;;2026-07-27 09:26:55.473177
867;131;13.0;start;ACCEPTED;IN_PROGRESS;;;;2026-07-27 09:45:01.359187
868;131;13.0;complete;IN_PROGRESS;DONE;;;;2026-07-27 13:10:18.882854
869;131;;begin_review;DONE;AI_REVIEW;;;;2026-07-27 13:10:18.882854
870;131;3.0;close;AI_REVIEW;CLOSED;;;;2026-07-27 14:50:49.644826
871;132;3.0;create;;ISSUED;;;{'priority': 'normal'};2026-07-27 11:49:07.265774
872;132;10.0;accept;ISSUED;ACCEPTED;;;;2026-07-27 11:54:20.020179
873;132;10.0;start;ACCEPTED;IN_PROGRESS;;;;2026-07-27 11:57:27.189345
874;132;10.0;complete;IN_PROGRESS;DONE;;;;2026-07-27 13:23:08.202451
875;132;;begin_review;DONE;AI_REVIEW;;;;2026-07-27 13:23:08.202451
876;132;3.0;close;AI_REVIEW;CLOSED;;;;2026-07-27 14:48:55.720337
877;133;3.0;create;;ISSUED;;;{'priority': 'normal'};2026-07-27 12:47:43.083103
878;133;15.0;queue;ISSUED;QUEUED;;;;2026-07-27 12:55:07.104410
879;133;15.0;accept;QUEUED;ACCEPTED;;;;2026-07-27 13:31:56.308876
880;133;15.0;start;ACCEPTED;IN_PROGRESS;;;;2026-07-27 13:46:37.195536
881;133;15.0;complete;IN_PROGRESS;DONE;;;;2026-07-27 19:52:15.340583
882;133;;begin_review;DONE;AI_REVIEW;;;;2026-07-27 19:52:15.340583
883;133;3.0;close;AI_REVIEW;CLOSED;;;;2026-07-27 20:15:12.439191
884;134;3.0;create;;ISSUED;;;{'priority': 'planned'};2026-07-28 05:32:46.092054
885;134;6.0;accept;ISSUED;ACCEPTED;;;;2026-07-28 06:21:38.534649
886;134;6.0;start;ACCEPTED;IN_PROGRESS;;;;2026-07-28 06:37:53.034646
887;134;6.0;pause;IN_PROGRESS;PAUSED;ждёт остановки оборудования;;;2026-07-28 06:59:53.684484
888;134;6.0;resume;PAUSED;IN_PROGRESS;;;;2026-07-28 07:56:53.684484
889;134;6.0;complete;IN_PROGRESS;DONE;;;;2026-07-28 08:15:34.306569
890;134;;begin_review;DONE;AI_REVIEW;;;;2026-07-28 08:15:34.306569
891;134;3.0;close;AI_REVIEW;CLOSED;;;;2026-07-28 10:04:36.202670
892;135;3.0;create;;ISSUED;;;{'priority': 'normal'};2026-07-28 09:17:09.866659
893;135;15.0;queue;ISSUED;QUEUED;;;;2026-07-28 09:19:24.668693
894;135;15.0;accept;QUEUED;ACCEPTED;;;;2026-07-28 11:02:09.058744
895;135;15.0;start;ACCEPTED;IN_PROGRESS;;;;2026-07-28 11:17:51.671827
896;135;15.0;complete;IN_PROGRESS;DONE;;;;2026-07-28 16:47:33.381140
897;135;;begin_review;DONE;AI_REVIEW;;;;2026-07-28 16:47:33.381140
898;135;3.0;close;AI_REVIEW;CLOSED;;;;2026-07-28 18:32:48.674724
899;136;3.0;create;;ISSUED;;;{'priority': 'high'};2026-07-28 10:13:30.316472
900;136;5.0;accept;ISSUED;ACCEPTED;;;;2026-07-28 10:21:56.664986
901;136;5.0;start;ACCEPTED;IN_PROGRESS;;;;2026-07-28 10:25:28.629180
902;136;5.0;complete;IN_PROGRESS;DONE;;;;2026-07-28 16:52:15.154916
903;136;;begin_review;DONE;AI_REVIEW;;;;2026-07-28 16:52:15.154916
904;136;3.0;close;AI_REVIEW;CLOSED;;;;2026-07-28 18:19:52.231751
905;137;4.0;create;;ISSUED;;;{'priority': 'high'};2026-07-28 19:43:25.747669
906;137;11.0;accept;ISSUED;ACCEPTED;;;;2026-07-28 19:54:02.932270
907;137;11.0;start;ACCEPTED;IN_PROGRESS;;;;2026-07-28 19:56:28.056578
908;137;11.0;complete;IN_PROGRESS;DONE;;;;2026-07-28 21:21:55.920158
909;137;;begin_review;DONE;AI_REVIEW;;;;2026-07-28 21:21:55.920158
910;137;4.0;close;AI_REVIEW;CLOSED;;;;2026-07-28 23:16:40.207360
911;138;4.0;create;;ISSUED;;;{'priority': 'normal'};2026-07-29 00:23:14.205691
912;138;8.0;queue;ISSUED;QUEUED;;;;2026-07-29 00:24:45.796653
913;138;8.0;accept;QUEUED;ACCEPTED;;;;2026-07-29 01:35:27.326401
914;138;8.0;start;ACCEPTED;IN_PROGRESS;;;;2026-07-29 01:43:12.971182
915;138;8.0;complete;IN_PROGRESS;DONE;;;;2026-07-29 06:25:11.442169
916;138;;begin_review;DONE;AI_REVIEW;;;;2026-07-29 06:25:11.442169
917;138;4.0;close;AI_REVIEW;CLOSED;;;;2026-07-29 07:26:19.277488
918;139;3.0;create;;ISSUED;;;{'priority': 'high'};2026-07-29 04:09:53.425814
919;139;9.0;accept;ISSUED;ACCEPTED;;;;2026-07-29 04:20:45.119352
920;139;9.0;start;ACCEPTED;IN_PROGRESS;;;;2026-07-29 04:27:35.811869
921;139;9.0;complete;IN_PROGRESS;DONE;;;;2026-07-29 06:44:30.232390
922;139;;begin_review;DONE;AI_REVIEW;;;;2026-07-29 06:44:30.232390
923;139;3.0;close;AI_REVIEW;CLOSED;;;;2026-07-29 08:20:31.588564
924;140;4.0;create;;ISSUED;;;{'priority': 'high'};2026-07-29 17:19:22.149967
925;140;11.0;accept;ISSUED;ACCEPTED;;;;2026-07-29 17:30:58.818633
926;140;11.0;start;ACCEPTED;IN_PROGRESS;;;;2026-07-29 17:44:09.206944
927;140;11.0;pause;IN_PROGRESS;PAUSED;ждёт остановки оборудования;;;2026-07-29 19:35:58.463497
928;140;11.0;resume;PAUSED;IN_PROGRESS;;;;2026-07-29 21:21:58.463497
929;140;11.0;complete;IN_PROGRESS;DONE;;;;2026-07-29 23:00:21.172529
930;140;;begin_review;DONE;AI_REVIEW;;;;2026-07-29 23:00:21.172529
931;140;4.0;close;AI_REVIEW;CLOSED;;;;2026-07-29 23:43:25.385629
932;141;3.0;create;;ISSUED;;;{'priority': 'normal'};2026-07-30 03:51:23.016353
933;141;10.0;accept;ISSUED;ACCEPTED;;;;2026-07-30 04:18:05.828810
934;141;10.0;start;ACCEPTED;IN_PROGRESS;;;;2026-07-30 04:23:53.547000
935;141;10.0;complete;IN_PROGRESS;DONE;;;;2026-07-30 12:29:32.406121
936;141;;begin_review;DONE;AI_REVIEW;;;;2026-07-30 12:29:32.406121
937;141;3.0;close;AI_REVIEW;CLOSED;;;;2026-07-30 12:54:14.996037
938;142;3.0;create;;ISSUED;;;{'priority': 'planned'};2026-07-30 04:26:21.229253
939;142;10.0;queue;ISSUED;QUEUED;;;;2026-07-30 04:27:26.401704
940;142;10.0;accept;QUEUED;ACCEPTED;;;;2026-07-30 05:09:59.982665
941;142;10.0;start;ACCEPTED;IN_PROGRESS;;;;2026-07-30 05:22:00.236572
942;142;10.0;complete;IN_PROGRESS;DONE;;;;2026-07-30 06:34:10.502544
943;142;;begin_review;DONE;AI_REVIEW;;;;2026-07-30 06:34:10.502544
944;142;3.0;close;AI_REVIEW;CLOSED;;;;2026-07-30 07:23:00.267778
945;143;3.0;create;;ISSUED;;;{'priority': 'planned'};2026-07-30 05:28:59.163598
946;143;6.0;accept;ISSUED;ACCEPTED;;;;2026-07-30 05:53:09.659455
947;143;6.0;start;ACCEPTED;IN_PROGRESS;;;;2026-07-30 06:08:59.062567
948;143;6.0;complete;IN_PROGRESS;DONE;;;;2026-07-30 06:54:16.900031
949;143;;begin_review;DONE;AI_REVIEW;;;;2026-07-30 06:54:16.900031
950;143;3.0;close;AI_REVIEW;CLOSED;;;;2026-07-30 07:28:36.474723
951;144;3.0;create;;ISSUED;;;{'priority': 'planned'};2026-07-30 08:46:02.288071
952;144;17.0;queue;ISSUED;QUEUED;;;;2026-07-30 08:51:28.420524
953;144;17.0;accept;QUEUED;ACCEPTED;;;;2026-07-30 10:42:59.992585
954;144;17.0;start;ACCEPTED;IN_PROGRESS;;;;2026-07-30 10:55:54.501706
955;144;17.0;complete;IN_PROGRESS;DONE;;;;2026-07-30 13:05:13.683085
956;144;;begin_review;DONE;AI_REVIEW;;;;2026-07-30 13:05:13.683085
957;144;3.0;close;AI_REVIEW;CLOSED;;;;2026-07-30 14:27:48.616665
958;145;4.0;create;;ISSUED;;;{'priority': 'emergency'};2026-07-30 15:56:30.918036
959;145;11.0;accept;ISSUED;ACCEPTED;;;;2026-07-30 15:59:12.643278
960;145;11.0;start;ACCEPTED;IN_PROGRESS;;;;2026-07-30 16:00:32.251466
961;145;11.0;complete;IN_PROGRESS;DONE;;;;2026-07-30 17:09:20.853089
962;145;;begin_review;DONE;AI_REVIEW;;;;2026-07-30 17:09:20.853089
963;145;4.0;close;AI_REVIEW;CLOSED;;;;2026-07-30 18:29:51.230579
964;146;4.0;create;;ISSUED;;;{'priority': 'normal'};2026-07-31 00:39:03.801245
965;146;7.0;queue;ISSUED;QUEUED;;;;2026-07-31 00:46:11.094922
966;146;7.0;accept;QUEUED;ACCEPTED;;;;2026-07-31 02:06:50.471397
967;146;7.0;start;ACCEPTED;IN_PROGRESS;;;;2026-07-31 02:15:20.860988
968;146;7.0;complete;IN_PROGRESS;DONE;;;;2026-07-31 03:37:46.309213
969;146;;begin_review;DONE;AI_REVIEW;;;;2026-07-31 03:37:46.309213
970;146;;send_to_rework;AI_REVIEW;REWORK;Вердикт ИИ: требует доработки;;;2026-07-31 03:38:01.309213
971;146;7.0;resume_rework;REWORK;IN_PROGRESS;;;;2026-07-31 04:36:55.596046
972;146;7.0;complete;IN_PROGRESS;DONE;;;;2026-07-31 05:26:35.641125
973;146;;begin_review;DONE;AI_REVIEW;;;;2026-07-31 05:26:35.641125
974;146;4.0;close;AI_REVIEW;CLOSED;;;;2026-07-31 06:12:48.523706
975;147;3.0;create;;ISSUED;;;{'priority': 'planned'};2026-07-31 04:33:20.673660
976;147;5.0;queue;ISSUED;QUEUED;;;;2026-07-31 04:38:39.855527
977;147;5.0;accept;QUEUED;ACCEPTED;;;;2026-07-31 06:43:42.716305
978;147;5.0;start;ACCEPTED;IN_PROGRESS;;;;2026-07-31 06:56:22.649537
979;147;5.0;complete;IN_PROGRESS;DONE;;;;2026-07-31 08:02:06.139610
980;147;;begin_review;DONE;AI_REVIEW;;;;2026-07-31 08:02:06.139610
981;147;3.0;close;AI_REVIEW;CLOSED;;;;2026-07-31 09:20:15.278877
982;148;3.0;create;;ISSUED;;;{'priority': 'emergency'};2026-07-31 05:37:58.400313
983;148;5.0;accept;ISSUED;ACCEPTED;;;;2026-07-31 05:39:13.796559
984;148;5.0;start;ACCEPTED;IN_PROGRESS;;;;2026-07-31 05:40:32.002643
985;148;5.0;complete;IN_PROGRESS;DONE;;;;2026-07-31 09:16:59.078133
986;148;;begin_review;DONE;AI_REVIEW;;;;2026-07-31 09:16:59.078133
987;148;3.0;close;AI_REVIEW;CLOSED;;;;2026-07-31 10:11:10.186349
988;149;3.0;create;;ISSUED;;;{'priority': 'planned'};2026-07-31 06:56:46.892919
989;149;17.0;accept;ISSUED;ACCEPTED;;;;2026-07-31 07:59:33.568271
990;149;17.0;start;ACCEPTED;IN_PROGRESS;;;;2026-07-31 08:01:45.023340
991;149;17.0;complete;IN_PROGRESS;DONE;;;;2026-07-31 09:33:09.207899
992;149;;begin_review;DONE;AI_REVIEW;;;;2026-07-31 09:33:09.207899
993;149;3.0;close;AI_REVIEW;CLOSED;;;;2026-07-31 10:57:29.330159
994;150;3.0;create;;ISSUED;;;{'priority': 'normal'};2026-07-31 10:26:52.077549
995;150;5.0;queue;ISSUED;QUEUED;;;;2026-07-31 10:27:58.713383
996;150;5.0;accept;QUEUED;ACCEPTED;;;;2026-07-31 12:20:42.448657
997;150;5.0;start;ACCEPTED;IN_PROGRESS;;;;2026-07-31 12:33:22.766075
998;150;5.0;complete;IN_PROGRESS;DONE;;;;2026-07-31 18:06:19.081001
999;150;;begin_review;DONE;AI_REVIEW;;;;2026-07-31 18:06:19.081001
1000;150;3.0;close;AI_REVIEW;CLOSED;;;;2026-07-31 19:15:50.629462
1001;151;4.0;create;;ISSUED;;;{'priority': 'normal'};2026-07-31 17:09:05.881210
1002;151;7.0;queue;ISSUED;QUEUED;;;;2026-07-31 17:18:49.827582
1003;151;7.0;accept;QUEUED;ACCEPTED;;;;2026-07-31 18:46:07.736182
1004;151;7.0;start;ACCEPTED;IN_PROGRESS;;;;2026-07-31 18:59:58.027133
1005;151;7.0;complete;IN_PROGRESS;DONE;;;;2026-07-31 20:19:06.642791
1006;151;;begin_review;DONE;AI_REVIEW;;;;2026-07-31 20:19:06.642791
1007;151;4.0;close;AI_REVIEW;CLOSED;;;;2026-07-31 21:21:26.428186
1008;152;4.0;create;;ISSUED;;;{'priority': 'high'};2026-07-31 19:13:37.053950
1009;152;18.0;accept;ISSUED;ACCEPTED;;;;2026-07-31 19:18:58.450241
1010;152;18.0;start;ACCEPTED;IN_PROGRESS;;;;2026-07-31 19:26:22.052360
1011;152;18.0;complete;IN_PROGRESS;DONE;;;;2026-07-31 23:05:16.829226
1012;152;;begin_review;DONE;AI_REVIEW;;;;2026-07-31 23:05:16.829226
1013;152;4.0;close;AI_REVIEW;CLOSED;;;;2026-07-31 23:35:32.843007
1014;153;4.0;create;;ISSUED;;;{'priority': 'normal'};2026-08-01 00:21:05.586336
1015;153;7.0;reject;ISSUED;REJECTED;нет материалов;;;2026-08-01 00:25:14.425535
1016;153;4.0;reissue;REJECTED;ISSUED;;;{'to_assignee_id': 8};2026-08-01 00:29:31.322600
1017;153;8.0;accept;ISSUED;ACCEPTED;;;;2026-08-01 00:57:09.910799
1018;153;8.0;start;ACCEPTED;IN_PROGRESS;;;;2026-08-01 01:05:38.612775
1019;153;8.0;complete;IN_PROGRESS;DONE;;;;2026-08-01 01:58:10.987886
1020;153;;begin_review;DONE;AI_REVIEW;;;;2026-08-01 01:58:10.987886
1021;153;4.0;close;AI_REVIEW;CLOSED;;;;2026-08-01 02:23:16.795213
1022;154;3.0;create;;ISSUED;;;{'priority': 'normal'};2026-08-01 03:43:39.260021
1023;154;5.0;queue;ISSUED;QUEUED;;;;2026-08-01 03:51:56.383417
1024;154;5.0;accept;QUEUED;ACCEPTED;;;;2026-08-01 05:37:51.471396
1025;154;5.0;start;ACCEPTED;IN_PROGRESS;;;;2026-08-01 05:56:47.926092
1026;154;5.0;complete;IN_PROGRESS;DONE;;;;2026-08-01 08:18:38.999225
1027;154;;begin_review;DONE;AI_REVIEW;;;;2026-08-01 08:18:38.999225
1028;154;3.0;close;AI_REVIEW;CLOSED;;;;2026-08-01 08:34:30.508460
1029;155;3.0;create;;ISSUED;;;{'priority': 'high'};2026-08-01 04:56:57.372253
1030;155;10.0;accept;ISSUED;ACCEPTED;;;;2026-08-01 05:03:39.772629
1031;155;10.0;start;ACCEPTED;IN_PROGRESS;;;;2026-08-01 05:17:36.355003
1032;155;10.0;complete;IN_PROGRESS;DONE;;;;2026-08-01 09:12:52.807719
1033;155;;begin_review;DONE;AI_REVIEW;;;;2026-08-01 09:12:52.807719
1034;155;3.0;close;AI_REVIEW;CLOSED;;;;2026-08-01 10:06:59.051785
1035;156;3.0;create;;ISSUED;;;{'priority': 'normal'};2026-08-01 09:50:34.823145
1036;156;12.0;accept;ISSUED;ACCEPTED;;;;2026-08-01 09:59:54.526184
1037;156;12.0;start;ACCEPTED;IN_PROGRESS;;;;2026-08-01 10:05:50.607408
1038;156;12.0;complete;IN_PROGRESS;DONE;;;;2026-08-01 11:30:47.250455
1039;156;;begin_review;DONE;AI_REVIEW;;;;2026-08-01 11:30:47.250455
1040;156;3.0;close;AI_REVIEW;CLOSED;;;;2026-08-01 12:49:06.680866
1041;157;3.0;create;;ISSUED;;;{'priority': 'normal'};2026-08-01 10:29:42.642727
1042;157;10.0;accept;ISSUED;ACCEPTED;;;;2026-08-01 10:41:16.215817
1043;157;10.0;start;ACCEPTED;IN_PROGRESS;;;;2026-08-01 10:50:09.176418
1044;157;10.0;complete;IN_PROGRESS;DONE;;;;2026-08-01 15:44:38.119685
1045;157;;begin_review;DONE;AI_REVIEW;;;;2026-08-01 15:44:38.119685
1046;157;3.0;close;AI_REVIEW;CLOSED;;;;2026-08-01 16:16:40.143224
1047;158;4.0;create;;ISSUED;;;{'priority': 'normal'};2026-08-01 16:13:21.740291
1048;158;7.0;accept;ISSUED;ACCEPTED;;;;2026-08-01 16:39:11.366432
1049;158;7.0;start;ACCEPTED;IN_PROGRESS;;;;2026-08-01 16:44:37.260264
1050;158;7.0;complete;IN_PROGRESS;DONE;;;;2026-08-01 17:54:33.579290
1051;158;;begin_review;DONE;AI_REVIEW;;;;2026-08-01 17:54:33.579290
1052;158;4.0;close;AI_REVIEW;CLOSED;;;;2026-08-01 19:27:55.099385
1053;159;4.0;create;;ISSUED;;;{'priority': 'high'};2026-08-02 00:00:02.398240
1054;159;7.0;accept;ISSUED;ACCEPTED;;;;2026-08-02 00:10:41.677912
1055;159;7.0;start;ACCEPTED;IN_PROGRESS;;;;2026-08-02 00:16:47.462684
1056;159;7.0;complete;IN_PROGRESS;DONE;;;;2026-08-02 02:10:11.279336
1057;159;;begin_review;DONE;AI_REVIEW;;;;2026-08-02 02:10:11.279336
1058;159;4.0;close;AI_REVIEW;CLOSED;;;;2026-08-02 03:54:00.710561
1059;160;3.0;create;;ISSUED;;;{'priority': 'normal'};2026-08-02 04:38:34.116967
1060;160;13.0;accept;ISSUED;ACCEPTED;;;;2026-08-02 05:01:29.361166
1061;160;13.0;start;ACCEPTED;IN_PROGRESS;;;;2026-08-02 05:12:29.145394
1062;160;13.0;complete;IN_PROGRESS;DONE;;;;2026-08-02 10:50:08.326704
1063;160;;begin_review;DONE;AI_REVIEW;;;;2026-08-02 10:50:08.326704
1064;160;;send_to_rework;AI_REVIEW;REWORK;Вердикт ИИ: требует доработки;;;2026-08-02 10:50:23.326704
1065;160;13.0;resume_rework;REWORK;IN_PROGRESS;;;;2026-08-02 11:08:04.400422
1066;160;13.0;complete;IN_PROGRESS;DONE;;;;2026-08-02 12:34:45.478114
1067;160;;begin_review;DONE;AI_REVIEW;;;;2026-08-02 12:34:45.478114
1068;160;3.0;close;AI_REVIEW;CLOSED;;;;2026-08-02 13:07:13.228596
1069;161;3.0;create;;ISSUED;;;{'priority': 'planned'};2026-08-02 05:31:16.335590
1070;161;6.0;accept;ISSUED;ACCEPTED;;;;2026-08-02 06:19:15.268332
1071;161;6.0;start;ACCEPTED;IN_PROGRESS;;;;2026-08-02 06:27:10.417004
1072;161;6.0;complete;IN_PROGRESS;DONE;;;;2026-08-02 07:20:44.948484
1073;161;;begin_review;DONE;AI_REVIEW;;;;2026-08-02 07:20:44.948484
1074;161;3.0;close;AI_REVIEW;CLOSED;;;;2026-08-02 08:02:46.244973
1075;162;3.0;create;;ISSUED;;;{'priority': 'normal'};2026-08-02 05:44:35.760594
1076;162;12.0;queue;ISSUED;QUEUED;;;;2026-08-02 05:48:32.217512
1077;162;12.0;accept;QUEUED;ACCEPTED;;;;2026-08-02 08:06:48.754591
1078;162;12.0;start;ACCEPTED;IN_PROGRESS;;;;2026-08-02 08:15:51.148286
1079;162;12.0;complete;IN_PROGRESS;DONE;;;;2026-08-02 11:41:53.467120
1080;162;;begin_review;DONE;AI_REVIEW;;;;2026-08-02 11:41:53.467120
1081;162;3.0;close;AI_REVIEW;CLOSED;;;;2026-08-02 13:07:13.384252
1082;163;3.0;create;;ISSUED;;;{'priority': 'high'};2026-08-02 07:15:47.183747
1083;163;10.0;accept;ISSUED;ACCEPTED;;;;2026-08-02 07:23:50.092907
1084;163;10.0;start;ACCEPTED;IN_PROGRESS;;;;2026-08-02 07:30:16.680240
1085;163;10.0;complete;IN_PROGRESS;DONE;;;;2026-08-02 08:44:38.683222
1086;163;;begin_review;DONE;AI_REVIEW;;;;2026-08-02 08:44:38.683222
1087;163;3.0;close;AI_REVIEW;CLOSED;;;;2026-08-02 09:14:23.898747
1088;164;3.0;create;;ISSUED;;;{'priority': 'normal'};2026-08-02 11:02:48.974558
1089;164;17.0;queue;ISSUED;QUEUED;;;;2026-08-02 11:08:56.026802
1090;164;17.0;accept;QUEUED;ACCEPTED;;;;2026-08-02 12:20:05.727079
1091;164;17.0;start;ACCEPTED;IN_PROGRESS;;;;2026-08-02 12:39:07.069429
1092;164;17.0;complete;IN_PROGRESS;DONE;;;;2026-08-02 16:23:06.504996
1093;164;;begin_review;DONE;AI_REVIEW;;;;2026-08-02 16:23:06.504996
1094;164;3.0;close;AI_REVIEW;CLOSED;;;;2026-08-02 17:58:51.275233
1095;165;4.0;create;;ISSUED;;;{'priority': 'emergency'};2026-08-02 23:03:28.852837
1096;165;16.0;accept;ISSUED;ACCEPTED;;;;2026-08-02 23:05:06.179814
1097;165;16.0;start;ACCEPTED;IN_PROGRESS;;;;2026-08-02 23:06:19.570364
1098;165;16.0;complete;IN_PROGRESS;DONE;;;;2026-08-03 04:57:14.740311
1099;165;;begin_review;DONE;AI_REVIEW;;;;2026-08-03 04:57:14.740311
1100;165;4.0;close;AI_REVIEW;CLOSED;;;;2026-08-03 06:19:31.089502
1101;166;3.0;create;;ISSUED;;;{'priority': 'planned'};2026-08-03 04:58:14.984394
1102;166;12.0;accept;ISSUED;ACCEPTED;;;;2026-08-03 06:15:34.484553
1103;166;12.0;start;ACCEPTED;IN_PROGRESS;;;;2026-08-03 06:20:38.720776
1104;166;12.0;complete;IN_PROGRESS;DONE;;;;2026-08-03 07:09:09.562327
1105;166;;begin_review;DONE;AI_REVIEW;;;;2026-08-03 07:09:09.562327
1106;166;3.0;close;AI_REVIEW;CLOSED;;;;2026-08-03 07:42:59.600387
1107;167;3.0;create;;ISSUED;;;{'priority': 'planned'};2026-08-03 07:42:07.454992
1108;167;15.0;accept;ISSUED;ACCEPTED;;;;2026-08-03 08:27:29.334082
1109;167;15.0;start;ACCEPTED;IN_PROGRESS;;;;2026-08-03 08:30:20.910586
1110;167;15.0;complete;IN_PROGRESS;DONE;;;;2026-08-03 10:47:47.351781
1111;167;;begin_review;DONE;AI_REVIEW;;;;2026-08-03 10:47:47.351781
1112;167;3.0;close;AI_REVIEW;CLOSED;;;;2026-08-03 11:31:42.291837
1113;168;3.0;create;;ISSUED;;;{'priority': 'normal'};2026-08-03 10:49:43.288066
1114;168;13.0;queue;ISSUED;QUEUED;;;;2026-08-03 10:52:58.125948
1115;168;13.0;accept;QUEUED;ACCEPTED;;;;2026-08-03 13:11:06.425747
1116;168;13.0;start;ACCEPTED;IN_PROGRESS;;;;2026-08-03 13:16:42.410293
1117;168;13.0;complete;IN_PROGRESS;DONE;;;;2026-08-03 18:45:42.348091
1118;168;;begin_review;DONE;AI_REVIEW;;;;2026-08-03 18:45:42.348091
1119;168;3.0;close;AI_REVIEW;CLOSED;;;;2026-08-03 19:39:09.769972
1120;169;3.0;create;;ISSUED;;;{'priority': 'normal'};2026-08-03 14:05:02.524302
1121;169;12.0;accept;ISSUED;ACCEPTED;;;;2026-08-03 14:08:26.815509
1122;169;12.0;start;ACCEPTED;IN_PROGRESS;;;;2026-08-03 14:22:13.127689
1123;169;12.0;complete;IN_PROGRESS;DONE;;;;2026-08-03 15:02:43.017196
1124;169;;begin_review;DONE;AI_REVIEW;;;;2026-08-03 15:02:43.017196
1125;169;3.0;close;AI_REVIEW;CLOSED;;;;2026-08-03 16:54:09.694999
1126;170;3.0;create;;ISSUED;;;{'priority': 'planned'};2026-08-04 04:51:24.723557
1127;170;10.0;queue;ISSUED;QUEUED;;;;2026-08-04 04:55:19.874874
1128;170;10.0;accept;QUEUED;ACCEPTED;;;;2026-08-04 06:37:20.691479
1129;170;10.0;start;ACCEPTED;IN_PROGRESS;;;;2026-08-04 06:46:20.342155
1130;170;10.0;complete;IN_PROGRESS;DONE;;;;2026-08-04 07:34:47.355321
1131;170;;begin_review;DONE;AI_REVIEW;;;;2026-08-04 07:34:47.355321
1132;170;3.0;close;AI_REVIEW;CLOSED;;;;2026-08-04 08:55:15.262222
1133;171;3.0;create;;ISSUED;;;{'priority': 'normal'};2026-08-04 04:55:46.470535
1134;171;6.0;accept;ISSUED;ACCEPTED;;;;2026-08-04 05:07:06.805313
1135;171;6.0;start;ACCEPTED;IN_PROGRESS;;;;2026-08-04 05:22:23.751660
1136;171;6.0;pause;IN_PROGRESS;PAUSED;ждёт остановки оборудования;;;2026-08-04 05:51:26.641649
1137;171;6.0;resume;PAUSED;IN_PROGRESS;;;;2026-08-04 06:46:26.641649
1138;171;6.0;complete;IN_PROGRESS;DONE;;;;2026-08-04 07:24:41.874240
1139;171;;begin_review;DONE;AI_REVIEW;;;;2026-08-04 07:24:41.874240
1140;171;3.0;close;AI_REVIEW;CLOSED;;;;2026-08-04 08:45:29.647913
1141;172;3.0;create;;ISSUED;;;{'priority': 'planned'};2026-08-04 05:16:40.436363
1142;172;5.0;accept;ISSUED;ACCEPTED;;;;2026-08-04 06:18:31.059203
1143;172;5.0;start;ACCEPTED;IN_PROGRESS;;;;2026-08-04 06:25:42.590716
1144;172;5.0;complete;IN_PROGRESS;DONE;;;;2026-08-04 07:19:37.412954
1145;172;;begin_review;DONE;AI_REVIEW;;;;2026-08-04 07:19:37.412954
1146;172;3.0;close;AI_REVIEW;CLOSED;;;;2026-08-04 07:49:48.813079
1147;173;3.0;create;;ISSUED;;;{'priority': 'high'};2026-08-04 06:47:23.027054
1148;173;5.0;accept;ISSUED;ACCEPTED;;;;2026-08-04 06:55:43.647230
1149;173;5.0;start;ACCEPTED;IN_PROGRESS;;;;2026-08-04 07:00:16.501802
1150;173;5.0;complete;IN_PROGRESS;DONE;;;;2026-08-04 10:25:31.241651
1151;173;;begin_review;DONE;AI_REVIEW;;;;2026-08-04 10:25:31.241651
1152;173;3.0;close;AI_REVIEW;CLOSED;;;;2026-08-04 11:38:55.625732
1153;174;4.0;create;;ISSUED;;;{'priority': 'emergency'};2026-08-04 19:25:58.121946
1154;174;11.0;accept;ISSUED;ACCEPTED;;;;2026-08-04 19:29:18.753953
1155;174;11.0;start;ACCEPTED;IN_PROGRESS;;;;2026-08-04 19:30:42.758745
1156;174;11.0;complete;IN_PROGRESS;DONE;;;;2026-08-04 20:58:12.339556
1157;174;;begin_review;DONE;AI_REVIEW;;;;2026-08-04 20:58:12.339556
1158;174;4.0;close;AI_REVIEW;CLOSED;;;;2026-08-04 21:17:21.676402
1159;175;4.0;create;;ISSUED;;;{'priority': 'emergency'};2026-08-05 01:43:21.257847
1160;175;11.0;accept;ISSUED;ACCEPTED;;;;2026-08-05 01:44:52.883724
1161;175;11.0;start;ACCEPTED;IN_PROGRESS;;;;2026-08-05 01:47:47.018795
1162;175;11.0;complete;IN_PROGRESS;DONE;;;;2026-08-05 06:11:10.968744
1163;175;;begin_review;DONE;AI_REVIEW;;;;2026-08-05 06:11:10.968744
1164;175;4.0;close;AI_REVIEW;CLOSED;;;;2026-08-05 07:06:55.381840
1165;176;3.0;create;;ISSUED;;;{'priority': 'planned'};2026-08-05 04:05:39.237903
1166;176;12.0;accept;ISSUED;ACCEPTED;;;;2026-08-05 04:54:49.083252
1167;176;12.0;start;ACCEPTED;IN_PROGRESS;;;;2026-08-05 05:08:21.415872
1168;176;12.0;pause;IN_PROGRESS;PAUSED;ждёт остановки оборудования;;;2026-08-05 05:45:00.800539
1169;176;12.0;resume;PAUSED;IN_PROGRESS;;;;2026-08-05 08:14:00.800539
1170;176;12.0;complete;IN_PROGRESS;DONE;;;;2026-08-05 08:54:22.978130
1171;176;;begin_review;DONE;AI_REVIEW;;;;2026-08-05 08:54:22.978130
1172;176;3.0;close;AI_REVIEW;CLOSED;;;;2026-08-05 09:58:07.882295
1173;177;3.0;create;;ISSUED;;;{'priority': 'high'};2026-08-05 09:51:13.639696
1174;177;10.0;accept;ISSUED;ACCEPTED;;;;2026-08-05 09:55:41.714783
1175;177;10.0;start;ACCEPTED;IN_PROGRESS;;;;2026-08-05 10:06:17.658386
1176;177;10.0;complete;IN_PROGRESS;DONE;;;;2026-08-05 12:09:52.102261
1177;177;;begin_review;DONE;AI_REVIEW;;;;2026-08-05 12:09:52.102261
1178;177;3.0;close;AI_REVIEW;CLOSED;;;;2026-08-05 12:30:01.320585
1179;178;4.0;create;;ISSUED;;;{'priority': 'high'};2026-08-05 22:19:53.019068
1180;178;18.0;accept;ISSUED;ACCEPTED;;;;2026-08-05 22:26:06.785984
1181;178;18.0;start;ACCEPTED;IN_PROGRESS;;;;2026-08-05 22:43:02.915514
1182;178;18.0;complete;IN_PROGRESS;DONE;;;;2026-08-06 03:46:43.853785
1183;178;;begin_review;DONE;AI_REVIEW;;;;2026-08-06 03:46:43.853785
1184;178;4.0;close;AI_REVIEW;CLOSED;;;;2026-08-06 04:19:46.722447
1185;179;4.0;create;;ISSUED;;;{'priority': 'emergency'};2026-08-05 23:22:09.778040
1186;179;19.0;accept;ISSUED;ACCEPTED;;;;2026-08-05 23:23:10.933695
1187;179;19.0;start;ACCEPTED;IN_PROGRESS;;;;2026-08-05 23:25:01.453303
1188;179;19.0;complete;IN_PROGRESS;DONE;;;;2026-08-06 01:24:29.827469
1189;179;;begin_review;DONE;AI_REVIEW;;;;2026-08-06 01:24:29.827469
1190;179;4.0;close;AI_REVIEW;CLOSED;;;;2026-08-06 02:29:47.078237
1191;180;4.0;create;;ISSUED;;;{'priority': 'normal'};2026-08-05 23:28:20.708764
1192;180;7.0;queue;ISSUED;QUEUED;;;;2026-08-05 23:36:05.663261
1193;180;7.0;accept;QUEUED;ACCEPTED;;;;2026-08-06 01:41:17.256546
1194;180;7.0;start;ACCEPTED;IN_PROGRESS;;;;2026-08-06 01:46:44.492165
1195;180;7.0;complete;IN_PROGRESS;DONE;;;;2026-08-06 05:44:40.039847
1196;180;;begin_review;DONE;AI_REVIEW;;;;2026-08-06 05:44:40.039847
1197;180;4.0;close;AI_REVIEW;CLOSED;;;;2026-08-06 07:17:21.911244
1198;181;3.0;create;;ISSUED;;;{'priority': 'planned'};2026-08-06 05:07:20.964453
1199;181;5.0;accept;ISSUED;ACCEPTED;;;;2026-08-06 05:20:41.889306
1200;181;5.0;start;ACCEPTED;IN_PROGRESS;;;;2026-08-06 05:26:29.843133
1201;181;5.0;complete;IN_PROGRESS;DONE;;;;2026-08-06 06:41:35.922328
1202;181;;begin_review;DONE;AI_REVIEW;;;;2026-08-06 06:41:35.922328
1203;181;3.0;close;AI_REVIEW;CLOSED;;;;2026-08-06 07:29:20.233505
1204;182;3.0;create;;ISSUED;;;{'priority': 'high'};2026-08-06 05:44:10.368492
1205;182;15.0;accept;ISSUED;ACCEPTED;;;;2026-08-06 05:46:44.713418
1206;182;15.0;start;ACCEPTED;IN_PROGRESS;;;;2026-08-06 05:55:09.224991
1207;182;15.0;complete;IN_PROGRESS;DONE;;;;2026-08-06 10:29:09.888972
1208;182;;begin_review;DONE;AI_REVIEW;;;;2026-08-06 10:29:09.888972
1209;182;3.0;close;AI_REVIEW;CLOSED;;;;2026-08-06 11:54:38.709282
1210;183;3.0;create;;ISSUED;;;{'priority': 'high'};2026-08-06 09:57:48.156139
1211;183;12.0;reject;ISSUED;REJECTED;нет допуска;;;2026-08-06 10:03:37.862512
1212;183;3.0;reissue;REJECTED;ISSUED;;;{'to_assignee_id': 5};2026-08-06 10:12:20.102254
1213;183;5.0;accept;ISSUED;ACCEPTED;;;;2026-08-06 10:24:01.860800
1214;183;5.0;start;ACCEPTED;IN_PROGRESS;;;;2026-08-06 10:39:16.538874
1215;183;5.0;complete;IN_PROGRESS;DONE;;;;2026-08-06 12:53:25.908654
1216;183;;begin_review;DONE;AI_REVIEW;;;;2026-08-06 12:53:25.908654
1217;183;3.0;close;AI_REVIEW;CLOSED;;;;2026-08-06 13:24:53.416558
1218;184;3.0;create;;ISSUED;;;{'priority': 'normal'};2026-08-06 10:20:26.182621
1219;184;6.0;accept;ISSUED;ACCEPTED;;;;2026-08-06 10:24:17.610732
1220;184;6.0;start;ACCEPTED;IN_PROGRESS;;;;2026-08-06 10:35:15.369793
1221;184;6.0;complete;IN_PROGRESS;DONE;;;;2026-08-06 14:01:00.920612
1222;184;;begin_review;DONE;AI_REVIEW;;;;2026-08-06 14:01:00.920612
1223;184;3.0;close;AI_REVIEW;CLOSED;;;;2026-08-06 14:46:55.825859
1224;185;3.0;create;;ISSUED;;;{'priority': 'normal'};2026-08-06 10:58:51.648140
1225;185;10.0;accept;ISSUED;ACCEPTED;;;;2026-08-06 11:26:05.615772
1226;185;10.0;start;ACCEPTED;IN_PROGRESS;;;;2026-08-06 11:30:18.561731
1227;185;10.0;complete;IN_PROGRESS;DONE;;;;2026-08-06 15:37:30.705767
1228;185;;begin_review;DONE;AI_REVIEW;;;;2026-08-06 15:37:30.705767
1229;185;3.0;close;AI_REVIEW;CLOSED;;;;2026-08-06 16:35:34.656636
1230;186;3.0;create;;ISSUED;;;{'priority': 'normal'};2026-08-06 11:44:39.305290
1231;186;13.0;queue;ISSUED;QUEUED;;;;2026-08-06 11:48:43.033731
1232;186;13.0;accept;QUEUED;ACCEPTED;;;;2026-08-06 13:25:42.197533
1233;186;13.0;start;ACCEPTED;IN_PROGRESS;;;;2026-08-06 13:31:05.406415
1234;186;13.0;complete;IN_PROGRESS;DONE;;;;2026-08-06 21:44:14.765734
1235;186;;begin_review;DONE;AI_REVIEW;;;;2026-08-06 21:44:14.765734
1236;186;3.0;close;AI_REVIEW;CLOSED;;;;2026-08-06 23:00:25.442149
1237;187;3.0;create;;ISSUED;;;{'priority': 'normal'};2026-08-06 12:43:20.356712
1238;187;6.0;accept;ISSUED;ACCEPTED;;;;2026-08-06 12:50:14.771986
1239;187;6.0;start;ACCEPTED;IN_PROGRESS;;;;2026-08-06 13:09:13.093087
1240;187;6.0;complete;IN_PROGRESS;DONE;;;;2026-08-07 00:12:47.528395
1241;187;;begin_review;DONE;AI_REVIEW;;;;2026-08-07 00:12:47.528395
1242;187;3.0;close;AI_REVIEW;CLOSED;;;;2026-08-07 01:40:30.575363
1243;188;4.0;create;;ISSUED;;;{'priority': 'emergency'};2026-08-06 19:03:29.856679
1244;188;18.0;accept;ISSUED;ACCEPTED;;;;2026-08-06 19:06:36.601965
1245;188;18.0;start;ACCEPTED;IN_PROGRESS;;;;2026-08-06 19:09:29.614553
1246;188;18.0;complete;IN_PROGRESS;DONE;;;;2026-08-06 21:16:46.383625
1247;188;;begin_review;DONE;AI_REVIEW;;;;2026-08-06 21:16:46.383625
1248;188;4.0;close;AI_REVIEW;CLOSED;;;;2026-08-06 21:59:40.455355
1249;189;4.0;create;;ISSUED;;;{'priority': 'high'};2026-08-07 00:57:50.942584
1250;189;11.0;accept;ISSUED;ACCEPTED;;;;2026-08-07 01:03:13.388673
1251;189;11.0;start;ACCEPTED;IN_PROGRESS;;;;2026-08-07 01:17:25.519254
1252;189;11.0;complete;IN_PROGRESS;DONE;;;;2026-08-07 03:58:32.529678
1253;189;;begin_review;DONE;AI_REVIEW;;;;2026-08-07 03:58:32.529678
1254;189;4.0;close;AI_REVIEW;CLOSED;;;;2026-08-07 04:26:32.913167
1255;190;3.0;create;;ISSUED;;;{'priority': 'planned'};2026-08-07 04:01:22.663358
1256;190;10.0;accept;ISSUED;ACCEPTED;;;;2026-08-07 05:23:09.310175
1257;190;10.0;start;ACCEPTED;IN_PROGRESS;;;;2026-08-07 05:28:55.857827
1258;190;10.0;complete;IN_PROGRESS;DONE;;;;2026-08-07 06:40:53.433476
1259;190;;begin_review;DONE;AI_REVIEW;;;;2026-08-07 06:40:53.433476
1260;190;3.0;close;AI_REVIEW;CLOSED;;;;2026-08-07 07:09:23.704738
1261;191;3.0;create;;ISSUED;;;{'priority': 'planned'};2026-08-07 05:10:35.822773
1262;191;5.0;accept;ISSUED;ACCEPTED;;;;2026-08-07 05:34:58.060594
1263;191;5.0;start;ACCEPTED;IN_PROGRESS;;;;2026-08-07 05:37:54.730479
1264;191;5.0;pause;IN_PROGRESS;PAUSED;ждёт остановки оборудования;;;2026-08-07 05:57:36.515655
1265;191;5.0;resume;PAUSED;IN_PROGRESS;;;;2026-08-07 07:05:36.515655
1266;191;5.0;complete;IN_PROGRESS;DONE;;;;2026-08-07 07:50:29.125491
1267;191;;begin_review;DONE;AI_REVIEW;;;;2026-08-07 07:50:29.125491
1268;191;3.0;close;AI_REVIEW;CLOSED;;;;2026-08-07 09:35:37.437701
1269;192;3.0;create;;ISSUED;;;{'priority': 'planned'};2026-08-07 05:43:09.374882
1270;192;12.0;accept;ISSUED;ACCEPTED;;;;2026-08-07 06:22:32.525551
1271;192;12.0;start;ACCEPTED;IN_PROGRESS;;;;2026-08-07 06:26:42.125967
1272;192;12.0;complete;IN_PROGRESS;DONE;;;;2026-08-07 07:07:13.456089
1273;192;;begin_review;DONE;AI_REVIEW;;;;2026-08-07 07:07:13.456089
1274;192;3.0;close;AI_REVIEW;CLOSED;;;;2026-08-07 08:39:12.827435
1275;193;3.0;create;;ISSUED;;;{'priority': 'planned'};2026-08-07 07:47:15.595026
1276;193;15.0;accept;ISSUED;ACCEPTED;;;;2026-08-07 08:53:28.732551
1277;193;15.0;start;ACCEPTED;IN_PROGRESS;;;;2026-08-07 09:00:50.964966
1278;193;15.0;complete;IN_PROGRESS;DONE;;;;2026-08-07 10:32:45.012359
1279;193;;begin_review;DONE;AI_REVIEW;;;;2026-08-07 10:32:45.012359
1280;193;3.0;close;AI_REVIEW;CLOSED;;;;2026-08-07 12:12:09.940745
1281;194;3.0;create;;ISSUED;;;{'priority': 'high'};2026-08-07 08:06:56.580200
1282;194;13.0;accept;ISSUED;ACCEPTED;;;;2026-08-07 08:14:19.969271
1283;194;13.0;start;ACCEPTED;IN_PROGRESS;;;;2026-08-07 08:31:04.303085
1284;194;13.0;complete;IN_PROGRESS;DONE;;;;2026-08-07 11:52:39.994895
1285;194;;begin_review;DONE;AI_REVIEW;;;;2026-08-07 11:52:39.994895
1286;194;3.0;close;AI_REVIEW;CLOSED;;;;2026-08-07 13:05:55.529690
1287;195;3.0;create;;ISSUED;;;{'priority': 'high'};2026-08-07 12:09:09.468830
1288;195;6.0;accept;ISSUED;ACCEPTED;;;;2026-08-07 12:20:57.425891
1289;195;6.0;start;ACCEPTED;IN_PROGRESS;;;;2026-08-07 12:32:04.066067
1290;195;6.0;complete;IN_PROGRESS;DONE;;;;2026-08-07 13:50:00.513404
1291;195;;begin_review;DONE;AI_REVIEW;;;;2026-08-07 13:50:00.513404
1292;195;3.0;close;AI_REVIEW;CLOSED;;;;2026-08-07 15:16:28.183267
1293;196;3.0;create;;ISSUED;;;{'priority': 'normal'};2026-08-07 12:37:19.249206
1294;196;17.0;accept;ISSUED;ACCEPTED;;;;2026-08-07 12:58:12.688741
1295;196;17.0;start;ACCEPTED;IN_PROGRESS;;;;2026-08-07 13:01:01.003138
1296;196;17.0;complete;IN_PROGRESS;DONE;;;;2026-08-07 19:14:04.462022
1297;196;;begin_review;DONE;AI_REVIEW;;;;2026-08-07 19:14:04.462022
1298;196;3.0;close;AI_REVIEW;CLOSED;;;;2026-08-07 21:07:59.749214
1299;197;4.0;create;;ISSUED;;;{'priority': 'normal'};2026-08-07 17:08:13.153385
1300;197;11.0;queue;ISSUED;QUEUED;;;;2026-08-07 17:14:53.120214
1301;197;11.0;accept;QUEUED;ACCEPTED;;;;2026-08-07 18:09:54.437777
1302;197;11.0;start;ACCEPTED;IN_PROGRESS;;;;2026-08-07 18:23:18.207206
1303;197;11.0;complete;IN_PROGRESS;DONE;;;;2026-08-07 20:18:16.488507
1304;197;;begin_review;DONE;AI_REVIEW;;;;2026-08-07 20:18:16.488507
1305;197;4.0;close;AI_REVIEW;CLOSED;;;;2026-08-07 21:26:44.191599
1306;198;4.0;create;;ISSUED;;;{'priority': 'normal'};2026-08-07 22:34:58.854102
1307;198;11.0;accept;ISSUED;ACCEPTED;;;;2026-08-07 22:46:59.152207
1308;198;11.0;start;ACCEPTED;IN_PROGRESS;;;;2026-08-07 22:53:54.265450
1309;198;11.0;pause;IN_PROGRESS;PAUSED;ждёт запчасти;;;2026-08-07 23:33:36.125430
1310;198;11.0;resume;PAUSED;IN_PROGRESS;;;;2026-08-08 00:51:36.125430
1311;198;11.0;complete;IN_PROGRESS;DONE;;;;2026-08-08 02:19:56.064760
1312;198;;begin_review;DONE;AI_REVIEW;;;;2026-08-08 02:19:56.064760
1313;198;4.0;close;AI_REVIEW;CLOSED;;;;2026-08-08 03:32:52.308054
1314;199;3.0;create;;ISSUED;;;{'priority': 'high'};2026-08-08 04:02:16.655402
1315;199;9.0;accept;ISSUED;ACCEPTED;;;;2026-08-08 04:13:44.561585
1316;199;9.0;start;ACCEPTED;IN_PROGRESS;;;;2026-08-08 04:22:45.289982
1317;199;9.0;complete;IN_PROGRESS;DONE;;;;2026-08-08 08:07:48.072511
1318;199;;begin_review;DONE;AI_REVIEW;;;;2026-08-08 08:07:48.072511
1319;199;3.0;close;AI_REVIEW;CLOSED;;;;2026-08-08 09:38:41.860185
1320;200;3.0;create;;ISSUED;;;{'priority': 'planned'};2026-08-08 05:24:13.106257
1321;200;10.0;accept;ISSUED;ACCEPTED;;;;2026-08-08 06:03:49.829608
1322;200;10.0;start;ACCEPTED;IN_PROGRESS;;;;2026-08-08 06:19:49.560022
1323;200;10.0;complete;IN_PROGRESS;DONE;;;;2026-08-08 07:29:20.258804
1324;200;;begin_review;DONE;AI_REVIEW;;;;2026-08-08 07:29:20.258804
1325;200;3.0;close;AI_REVIEW;CLOSED;;;;2026-08-08 09:13:42.540535
1326;201;3.0;create;;ISSUED;;;{'priority': 'normal'};2026-08-08 09:37:17.984556
1327;201;9.0;accept;ISSUED;ACCEPTED;;;;2026-08-08 09:42:22.227560
1328;201;9.0;start;ACCEPTED;IN_PROGRESS;;;;2026-08-08 09:48:41.467240
1329;201;9.0;pause;IN_PROGRESS;PAUSED;ждёт остановки оборудования;;;2026-08-08 10:06:33.428541
1330;201;9.0;resume;PAUSED;IN_PROGRESS;;;;2026-08-08 12:19:33.428541
1331;201;9.0;complete;IN_PROGRESS;DONE;;;;2026-08-08 13:02:10.190811
1332;201;;begin_review;DONE;AI_REVIEW;;;;2026-08-08 13:02:10.190811
1333;201;3.0;close;AI_REVIEW;CLOSED;;;;2026-08-08 14:52:22.041088
1334;202;4.0;create;;ISSUED;;;{'priority': 'high'};2026-08-08 16:47:08.358587
1335;202;19.0;accept;ISSUED;ACCEPTED;;;;2026-08-08 16:51:34.894335
1336;202;19.0;start;ACCEPTED;IN_PROGRESS;;;;2026-08-08 17:06:52.996139
1337;202;19.0;complete;IN_PROGRESS;DONE;;;;2026-08-09 00:28:42.984447
1338;202;;begin_review;DONE;AI_REVIEW;;;;2026-08-09 00:28:42.984447
1339;202;4.0;close;AI_REVIEW;CLOSED;;;;2026-08-09 01:20:25.009902
1340;203;4.0;create;;ISSUED;;;{'priority': 'high'};2026-08-08 17:06:52.888643
1341;203;16.0;accept;ISSUED;ACCEPTED;;;;2026-08-08 17:14:16.360416
1342;203;16.0;start;ACCEPTED;IN_PROGRESS;;;;2026-08-08 17:30:04.087440
1343;203;16.0;complete;IN_PROGRESS;DONE;;;;2026-08-08 19:25:30.258467
1344;203;;begin_review;DONE;AI_REVIEW;;;;2026-08-08 19:25:30.258467
1345;203;4.0;close;AI_REVIEW;CLOSED;;;;2026-08-08 21:08:49.380217
1346;204;4.0;create;;ISSUED;;;{'priority': 'emergency'};2026-08-09 00:53:39.269041
1347;204;4.0;cancel;ISSUED;CANCELLED;Дубль заявки — работы выполнены по другому наряду;;;2026-08-09 01:14:46.012181
1348;205;3.0;create;;ISSUED;;;{'priority': 'normal'};2026-08-09 07:39:03.107419
1349;205;15.0;accept;ISSUED;ACCEPTED;;;;2026-08-09 07:52:54.457723
1350;205;15.0;start;ACCEPTED;IN_PROGRESS;;;;2026-08-09 07:55:04.030555
1351;205;15.0;complete;IN_PROGRESS;DONE;;;;2026-08-09 10:18:58.859703
1352;205;;begin_review;DONE;AI_REVIEW;;;;2026-08-09 10:18:58.859703
1353;205;3.0;close;AI_REVIEW;CLOSED;;;;2026-08-09 11:09:04.531309
1354;206;3.0;create;;ISSUED;;;{'priority': 'high'};2026-08-09 12:24:41.975895
1355;206;6.0;accept;ISSUED;ACCEPTED;;;;2026-08-09 12:35:05.590372
1356;206;6.0;start;ACCEPTED;IN_PROGRESS;;;;2026-08-09 12:40:00.371417
1357;206;6.0;complete;IN_PROGRESS;DONE;;;;2026-08-09 16:11:59.517707
1358;206;;begin_review;DONE;AI_REVIEW;;;;2026-08-09 16:11:59.517707
1359;206;3.0;close;AI_REVIEW;CLOSED;;;;2026-08-09 18:10:06.847145
1360;207;4.0;create;;ISSUED;;;{'priority': 'normal'};2026-08-10 01:53:31.189048
1361;207;7.0;accept;ISSUED;ACCEPTED;;;;2026-08-10 01:59:57.632108
1362;207;7.0;start;ACCEPTED;IN_PROGRESS;;;;2026-08-10 02:15:28.809207
1363;207;7.0;complete;IN_PROGRESS;DONE;;;;2026-08-10 07:45:53.427444
1364;207;;begin_review;DONE;AI_REVIEW;;;;2026-08-10 07:45:53.427444
1365;207;;send_to_rework;AI_REVIEW;REWORK;Вердикт ИИ: требует доработки;;;2026-08-10 07:46:08.427444
1366;207;7.0;resume_rework;REWORK;IN_PROGRESS;;;;2026-08-10 07:58:44.546955
1367;207;7.0;complete;IN_PROGRESS;DONE;;;;2026-08-10 09:16:49.857148
1368;207;;begin_review;DONE;AI_REVIEW;;;;2026-08-10 09:16:49.857148
1369;207;4.0;close;AI_REVIEW;CLOSED;;;;2026-08-10 09:58:40.336900
1370;208;3.0;create;;ISSUED;;;{'priority': 'planned'};2026-08-10 05:45:26.797520
1371;208;6.0;accept;ISSUED;ACCEPTED;;;;2026-08-10 06:44:51.340689
1372;208;6.0;start;ACCEPTED;IN_PROGRESS;;;;2026-08-10 06:59:58.929147
1373;208;6.0;complete;IN_PROGRESS;DONE;;;;2026-08-10 07:48:39.245024
1374;208;;begin_review;DONE;AI_REVIEW;;;;2026-08-10 07:48:39.245024
1375;208;3.0;close;AI_REVIEW;CLOSED;;;;2026-08-10 08:19:24.460398
1376;209;3.0;create;;ISSUED;;;{'priority': 'planned'};2026-08-10 05:56:46.433501
1377;209;5.0;queue;ISSUED;QUEUED;;;;2026-08-10 05:58:07.151374
1378;209;5.0;accept;QUEUED;ACCEPTED;;;;2026-08-10 08:26:52.261982
1379;209;5.0;start;ACCEPTED;IN_PROGRESS;;;;2026-08-10 08:45:35.688180
1380;209;5.0;pause;IN_PROGRESS;PAUSED;ждёт остановки оборудования;;;2026-08-10 08:57:39.112945
1381;209;5.0;resume;PAUSED;IN_PROGRESS;;;;2026-08-10 10:34:39.112945
1382;209;5.0;complete;IN_PROGRESS;DONE;;;;2026-08-10 11:03:14.524775
1383;209;;begin_review;DONE;AI_REVIEW;;;;2026-08-10 11:03:14.524775
1384;209;3.0;close;AI_REVIEW;CLOSED;;;;2026-08-10 11:42:51.548964
1385;210;3.0;create;;ISSUED;;;{'priority': 'emergency'};2026-08-10 07:15:33.626440
1386;210;15.0;accept;ISSUED;ACCEPTED;;;;2026-08-10 07:17:18.080795
1387;210;15.0;start;ACCEPTED;IN_PROGRESS;;;;2026-08-10 07:22:46.612665
1388;210;15.0;complete;IN_PROGRESS;DONE;;;;2026-08-10 12:58:52.107389
1389;210;;begin_review;DONE;AI_REVIEW;;;;2026-08-10 12:58:52.107389
1390;210;3.0;close;AI_REVIEW;CLOSED;;;;2026-08-10 14:37:58.340015
1391;211;3.0;create;;ISSUED;;;{'priority': 'emergency'};2026-08-10 07:31:07.514371
1392;211;10.0;accept;ISSUED;ACCEPTED;;;;2026-08-10 07:32:45.320365
1393;211;10.0;start;ACCEPTED;IN_PROGRESS;;;;2026-08-10 07:35:40.535172
1394;211;10.0;complete;IN_PROGRESS;DONE;;;;2026-08-10 09:18:25.414639
1395;211;;begin_review;DONE;AI_REVIEW;;;;2026-08-10 09:18:25.414639
1396;211;3.0;close;AI_REVIEW;CLOSED;;;;2026-08-10 09:45:19.652167
1397;212;4.0;create;;ISSUED;;;{'priority': 'high'};2026-08-10 19:44:06.901459
1398;212;8.0;accept;ISSUED;ACCEPTED;;;;2026-08-10 19:54:34.554281
1399;212;8.0;start;ACCEPTED;IN_PROGRESS;;;;2026-08-10 20:06:39.728017
1400;212;8.0;complete;IN_PROGRESS;DONE;;;;2026-08-10 21:26:49.906145
1401;212;;begin_review;DONE;AI_REVIEW;;;;2026-08-10 21:26:49.906145
1402;212;4.0;close;AI_REVIEW;CLOSED;;;;2026-08-10 21:51:00.872106
1403;213;4.0;create;;ISSUED;;;{'priority': 'normal'};2026-08-10 23:53:00.708637
1404;213;7.0;queue;ISSUED;QUEUED;;;;2026-08-11 00:01:20.556730
1405;213;7.0;accept;QUEUED;ACCEPTED;;;;2026-08-11 01:25:41.758755
1406;213;7.0;start;ACCEPTED;IN_PROGRESS;;;;2026-08-11 01:37:16.826196
1407;213;7.0;complete;IN_PROGRESS;DONE;;;;2026-08-11 06:03:08.158706
1408;213;;begin_review;DONE;AI_REVIEW;;;;2026-08-11 06:03:08.158706
1409;213;4.0;close;AI_REVIEW;CLOSED;;;;2026-08-11 07:30:59.335247
1410;214;4.0;create;;ISSUED;;;{'priority': 'high'};2026-08-11 01:10:58.512528
1411;214;19.0;accept;ISSUED;ACCEPTED;;;;2026-08-11 01:14:09.974565
1412;214;19.0;start;ACCEPTED;IN_PROGRESS;;;;2026-08-11 01:20:11.818371
1413;214;19.0;complete;IN_PROGRESS;DONE;;;;2026-08-11 06:27:06.341891
1414;214;;begin_review;DONE;AI_REVIEW;;;;2026-08-11 06:27:06.341891
1415;214;4.0;close;AI_REVIEW;CLOSED;;;;2026-08-11 07:46:42.048894
1416;215;4.0;create;;ISSUED;;;{'priority': 'high'};2026-08-11 01:33:27.392111
1417;215;8.0;accept;ISSUED;ACCEPTED;;;;2026-08-11 01:36:47.559071
1418;215;8.0;start;ACCEPTED;IN_PROGRESS;;;;2026-08-11 01:54:57.761691
1419;215;8.0;complete;IN_PROGRESS;DONE;;;;2026-08-11 03:04:31.613294
1420;215;;begin_review;DONE;AI_REVIEW;;;;2026-08-11 03:04:31.613294
1421;215;4.0;close;AI_REVIEW;CLOSED;;;;2026-08-11 04:03:10.033565
1422;216;3.0;create;;ISSUED;;;{'priority': 'normal'};2026-08-11 03:14:18.861887
1423;216;10.0;accept;ISSUED;ACCEPTED;;;;2026-08-11 03:27:59.512608
1424;216;10.0;start;ACCEPTED;IN_PROGRESS;;;;2026-08-11 03:38:01.252986
1425;216;10.0;complete;IN_PROGRESS;DONE;;;;2026-08-11 04:50:56.378968
1426;216;;begin_review;DONE;AI_REVIEW;;;;2026-08-11 04:50:56.378968
1427;216;3.0;close;AI_REVIEW;CLOSED;;;;2026-08-11 06:38:19.049054
1428;217;3.0;create;;ISSUED;;;{'priority': 'normal'};2026-08-11 03:54:28.739061
1429;217;10.0;queue;ISSUED;QUEUED;;;;2026-08-11 04:03:39.669831
1430;217;10.0;accept;QUEUED;ACCEPTED;;;;2026-08-11 06:29:48.676458
1431;217;10.0;start;ACCEPTED;IN_PROGRESS;;;;2026-08-11 06:33:36.928961
1432;217;10.0;complete;IN_PROGRESS;DONE;;;;2026-08-11 11:48:04.572019
1433;217;;begin_review;DONE;AI_REVIEW;;;;2026-08-11 11:48:04.572019
1434;217;3.0;close;AI_REVIEW;CLOSED;;;;2026-08-11 13:07:05.308904
1435;218;3.0;create;;ISSUED;;;{'priority': 'normal'};2026-08-11 13:20:43.073935
1436;218;13.0;accept;ISSUED;ACCEPTED;;;;2026-08-11 13:32:51.265601
1437;218;13.0;start;ACCEPTED;IN_PROGRESS;;;;2026-08-11 13:47:35.317816
1438;218;13.0;complete;IN_PROGRESS;DONE;;;;2026-08-11 17:35:24.823560
1439;218;;begin_review;DONE;AI_REVIEW;;;;2026-08-11 17:35:24.823560
1440;218;3.0;close;AI_REVIEW;CLOSED;;;;2026-08-11 17:56:41.759751
1441;219;3.0;create;;ISSUED;;;{'priority': 'normal'};2026-08-11 14:08:59.049753
1442;219;15.0;reject;ISSUED;REJECTED;занят аварийным;;;2026-08-11 14:12:19.802341
1443;219;3.0;reissue;REJECTED;ISSUED;;;{'to_assignee_id': 17};2026-08-11 14:18:47.909191
1444;219;17.0;queue;ISSUED;QUEUED;;;;2026-08-11 14:28:05.622287
1445;219;17.0;accept;QUEUED;ACCEPTED;;;;2026-08-11 16:17:04.078585
1446;219;17.0;start;ACCEPTED;IN_PROGRESS;;;;2026-08-11 16:31:25.786176
1447;219;17.0;complete;IN_PROGRESS;DONE;;;;2026-08-11 19:47:26.772099
1448;219;;begin_review;DONE;AI_REVIEW;;;;2026-08-11 19:47:26.772099
1449;219;3.0;close;AI_REVIEW;CLOSED;;;;2026-08-11 20:34:16.742926
1450;220;4.0;create;;ISSUED;;;{'priority': 'normal'};2026-08-11 15:56:34.112987
1451;220;7.0;accept;ISSUED;ACCEPTED;;;;2026-08-11 16:21:38.564310
1452;220;7.0;start;ACCEPTED;IN_PROGRESS;;;;2026-08-11 16:29:54.820848
1453;220;7.0;pause;IN_PROGRESS;PAUSED;ждёт запчасти;;;2026-08-11 16:52:08.778878
1454;220;7.0;resume;PAUSED;IN_PROGRESS;;;;2026-08-11 19:01:08.778878
1455;220;7.0;complete;IN_PROGRESS;DONE;;;;2026-08-11 20:14:27.292030
1456;220;;begin_review;DONE;AI_REVIEW;;;;2026-08-11 20:14:27.292030
1457;220;4.0;close;AI_REVIEW;CLOSED;;;;2026-08-11 20:59:59.444550
1458;221;3.0;create;;ISSUED;;;{'priority': 'planned'};2026-08-12 05:24:56.454815
1459;221;10.0;accept;ISSUED;ACCEPTED;;;;2026-08-12 06:00:29.170559
1460;221;10.0;start;ACCEPTED;IN_PROGRESS;;;;2026-08-12 06:10:06.909195
1461;221;10.0;complete;IN_PROGRESS;DONE;;;;2026-08-12 07:20:25.356096
1462;221;;begin_review;DONE;AI_REVIEW;;;;2026-08-12 07:20:25.356096
1463;221;3.0;close;AI_REVIEW;CLOSED;;;;2026-08-12 08:28:59.687350
1464;222;3.0;create;;ISSUED;;;{'priority': 'emergency'};2026-08-12 13:34:38.467722
1465;222;13.0;accept;ISSUED;ACCEPTED;;;;2026-08-12 13:37:47.153512
1466;222;13.0;start;ACCEPTED;IN_PROGRESS;;;;2026-08-12 13:41:25.237296
1467;222;13.0;complete;IN_PROGRESS;DONE;;;;2026-08-12 19:45:22.120904
1468;222;;begin_review;DONE;AI_REVIEW;;;;2026-08-12 19:45:22.120904
1469;222;3.0;close;AI_REVIEW;CLOSED;;;;2026-08-12 21:30:42.819460
1470;223;3.0;create;;ISSUED;;;{'priority': 'high'};2026-08-12 13:54:41.294112
1471;223;6.0;accept;ISSUED;ACCEPTED;;;;2026-08-12 14:06:00.099172
1472;223;6.0;start;ACCEPTED;IN_PROGRESS;;;;2026-08-12 14:15:34.862300
1473;223;6.0;complete;IN_PROGRESS;DONE;;;;2026-08-12 20:56:50.123774
1474;223;;begin_review;DONE;AI_REVIEW;;;;2026-08-12 20:56:50.123774
1475;223;3.0;close;AI_REVIEW;CLOSED;;;;2026-08-12 22:42:35.271824
1476;224;4.0;create;;ISSUED;;;{'priority': 'normal'};2026-08-12 17:02:26.838728
1477;224;7.0;queue;ISSUED;QUEUED;;;;2026-08-12 17:08:34.197632
1478;224;7.0;accept;QUEUED;ACCEPTED;;;;2026-08-12 19:14:21.145451
1479;224;7.0;start;ACCEPTED;IN_PROGRESS;;;;2026-08-12 19:19:02.840054
1480;224;7.0;complete;IN_PROGRESS;DONE;;;;2026-08-12 21:44:40.829499
1481;224;;begin_review;DONE;AI_REVIEW;;;;2026-08-12 21:44:40.829499
1482;224;4.0;close;AI_REVIEW;CLOSED;;;;2026-08-12 21:55:52.555502
1483;225;3.0;create;;ISSUED;;;{'priority': 'normal'};2026-08-13 03:47:34.808892
1484;225;15.0;accept;ISSUED;ACCEPTED;;;;2026-08-13 04:04:07.842241
1485;225;15.0;start;ACCEPTED;IN_PROGRESS;;;;2026-08-13 04:18:53.943282
1486;225;15.0;complete;IN_PROGRESS;DONE;;;;2026-08-13 06:13:47.575008
1487;225;;begin_review;DONE;AI_REVIEW;;;;2026-08-13 06:13:47.575008
1488;225;3.0;close;AI_REVIEW;CLOSED;;;;2026-08-13 06:32:17.155994
1489;226;3.0;create;;ISSUED;;;{'priority': 'planned'};2026-08-13 04:29:23.221347
1490;226;12.0;accept;ISSUED;ACCEPTED;;;;2026-08-13 05:11:47.700747
1491;226;12.0;start;ACCEPTED;IN_PROGRESS;;;;2026-08-13 05:20:38.608413
1492;226;12.0;complete;IN_PROGRESS;DONE;;;;2026-08-13 06:03:20.105024
1493;226;;begin_review;DONE;AI_REVIEW;;;;2026-08-13 06:03:20.105024
1494;226;3.0;close;AI_REVIEW;CLOSED;;;;2026-08-13 06:31:14.323686
1495;227;3.0;create;;ISSUED;;;{'priority': 'planned'};2026-08-13 04:38:54.835688
1496;227;10.0;accept;ISSUED;ACCEPTED;;;;2026-08-13 05:49:26.138602
1497;227;10.0;start;ACCEPTED;IN_PROGRESS;;;;2026-08-13 05:56:59.988324
1498;227;10.0;pause;IN_PROGRESS;PAUSED;ждёт запчасти;;;2026-08-13 06:16:46.315056
1499;227;10.0;resume;PAUSED;IN_PROGRESS;;;;2026-08-13 07:58:46.315056
1500;227;10.0;complete;IN_PROGRESS;DONE;;;;2026-08-13 08:49:50.185193
1501;227;;begin_review;DONE;AI_REVIEW;;;;2026-08-13 08:49:50.185193
1502;227;3.0;close;AI_REVIEW;CLOSED;;;;2026-08-13 09:34:25.703314
1503;228;3.0;create;;ISSUED;;;{'priority': 'normal'};2026-08-13 05:06:59.577796
1504;228;12.0;accept;ISSUED;ACCEPTED;;;;2026-08-13 05:18:56.313260
1505;228;12.0;start;ACCEPTED;IN_PROGRESS;;;;2026-08-13 05:37:04.545335
1506;228;12.0;complete;IN_PROGRESS;DONE;;;;2026-08-13 07:07:23.222627
1507;228;;begin_review;DONE;AI_REVIEW;;;;2026-08-13 07:07:23.222627
1508;228;;send_to_rework;AI_REVIEW;REWORK;Вердикт ИИ: требует доработки;;;2026-08-13 07:07:38.222627
1509;228;12.0;resume_rework;REWORK;IN_PROGRESS;;;;2026-08-13 08:05:16.677511
1510;228;12.0;complete;IN_PROGRESS;DONE;;;;2026-08-13 08:41:29.271843
1511;228;;begin_review;DONE;AI_REVIEW;;;;2026-08-13 08:41:29.271843
1512;228;3.0;close;AI_REVIEW;CLOSED;;;;2026-08-13 09:09:12.182218
1513;229;3.0;create;;ISSUED;;;{'priority': 'planned'};2026-08-13 05:22:47.046951
1514;229;6.0;queue;ISSUED;QUEUED;;;;2026-08-13 05:26:24.101409
1515;229;6.0;accept;QUEUED;ACCEPTED;;;;2026-08-13 07:07:27.173394
1516;229;6.0;start;ACCEPTED;IN_PROGRESS;;;;2026-08-13 07:26:22.525822
1517;229;6.0;complete;IN_PROGRESS;DONE;;;;2026-08-13 08:33:43.078425
1518;229;;begin_review;DONE;AI_REVIEW;;;;2026-08-13 08:33:43.078425
1519;229;3.0;close;AI_REVIEW;CLOSED;;;;2026-08-13 09:17:46.057670
1520;230;3.0;create;;ISSUED;;;{'priority': 'planned'};2026-08-13 06:01:10.186605
1521;230;15.0;accept;ISSUED;ACCEPTED;;;;2026-08-13 06:24:44.831273
1522;230;15.0;start;ACCEPTED;IN_PROGRESS;;;;2026-08-13 06:32:04.088106
1523;230;15.0;complete;IN_PROGRESS;DONE;;;;2026-08-13 07:45:35.798186
1524;230;;begin_review;DONE;AI_REVIEW;;;;2026-08-13 07:45:35.798186
1525;230;3.0;close;AI_REVIEW;CLOSED;;;;2026-08-13 08:47:39.320481
1526;231;3.0;create;;ISSUED;;;{'priority': 'planned'};2026-08-13 07:49:11.214309
1527;231;17.0;accept;ISSUED;ACCEPTED;;;;2026-08-13 09:13:07.186015
1528;231;17.0;start;ACCEPTED;IN_PROGRESS;;;;2026-08-13 09:32:02.201842
1529;231;17.0;complete;IN_PROGRESS;DONE;;;;2026-08-13 12:38:52.423190
1530;231;;begin_review;DONE;AI_REVIEW;;;;2026-08-13 12:38:52.423190
1531;231;3.0;close;AI_REVIEW;CLOSED;;;;2026-08-13 14:29:45.547958
1532;232;3.0;create;;ISSUED;;;{'priority': 'emergency'};2026-08-13 12:27:24.500009
1533;232;6.0;accept;ISSUED;ACCEPTED;;;;2026-08-13 12:30:56.570425
1534;232;6.0;start;ACCEPTED;IN_PROGRESS;;;;2026-08-13 12:36:42.183913
1535;232;6.0;complete;IN_PROGRESS;DONE;;;;2026-08-13 17:34:07.972148
1536;232;;begin_review;DONE;AI_REVIEW;;;;2026-08-13 17:34:07.972148
1537;232;3.0;close;AI_REVIEW;CLOSED;;;;2026-08-13 18:16:06.332109
1538;233;3.0;create;;ISSUED;;;{'priority': 'normal'};2026-08-13 13:32:53.079706
1539;233;6.0;accept;ISSUED;ACCEPTED;;;;2026-08-13 13:53:57.103616
1540;233;6.0;start;ACCEPTED;IN_PROGRESS;;;;2026-08-13 14:02:13.956615
1541;233;6.0;complete;IN_PROGRESS;DONE;;;;2026-08-13 15:29:20.966994
1542;233;;begin_review;DONE;AI_REVIEW;;;;2026-08-13 15:29:20.966994
1543;233;3.0;close;AI_REVIEW;CLOSED;;;;2026-08-13 16:17:00.962380
1544;234;4.0;create;;ISSUED;;;{'priority': 'normal'};2026-08-13 16:30:34.872380
1545;234;19.0;queue;ISSUED;QUEUED;;;;2026-08-13 16:35:40.344849
1546;234;19.0;accept;QUEUED;ACCEPTED;;;;2026-08-13 18:06:31.978378
1547;234;19.0;start;ACCEPTED;IN_PROGRESS;;;;2026-08-13 18:25:36.394752
1548;234;19.0;complete;IN_PROGRESS;DONE;;;;2026-08-13 19:38:05.229459
1549;234;;begin_review;DONE;AI_REVIEW;;;;2026-08-13 19:38:05.229459
1550;234;4.0;close;AI_REVIEW;CLOSED;;;;2026-08-13 19:50:36.651519
1551;235;3.0;create;;ISSUED;;;{'priority': 'planned'};2026-08-14 04:25:50.259087
1552;235;6.0;accept;ISSUED;ACCEPTED;;;;2026-08-14 04:42:31.497247
1553;235;6.0;start;ACCEPTED;IN_PROGRESS;;;;2026-08-14 04:45:46.297021
1554;235;6.0;complete;IN_PROGRESS;DONE;;;;2026-08-14 05:41:59.778176
1555;235;;begin_review;DONE;AI_REVIEW;;;;2026-08-14 05:41:59.778176
1556;235;3.0;close;AI_REVIEW;CLOSED;;;;2026-08-14 07:14:50.740110
1557;236;3.0;create;;ISSUED;;;{'priority': 'planned'};2026-08-14 04:29:09.580145
1558;236;10.0;accept;ISSUED;ACCEPTED;;;;2026-08-14 05:17:41.381369
1559;236;10.0;start;ACCEPTED;IN_PROGRESS;;;;2026-08-14 05:29:19.728163
1560;236;10.0;complete;IN_PROGRESS;DONE;;;;2026-08-14 06:11:43.147090
1561;236;;begin_review;DONE;AI_REVIEW;;;;2026-08-14 06:11:43.147090
1562;236;3.0;close;AI_REVIEW;CLOSED;;;;2026-08-14 08:10:13.175540
1563;237;3.0;create;;ISSUED;;;{'priority': 'planned'};2026-08-14 04:37:45.680742
1564;237;12.0;accept;ISSUED;ACCEPTED;;;;2026-08-14 06:02:28.013859
1565;237;12.0;start;ACCEPTED;IN_PROGRESS;;;;2026-08-14 06:13:27.415181
1566;237;12.0;complete;IN_PROGRESS;DONE;;;;2026-08-14 06:52:43.304705
1567;237;;begin_review;DONE;AI_REVIEW;;;;2026-08-14 06:52:43.304705
1568;237;3.0;close;AI_REVIEW;CLOSED;;;;2026-08-14 08:06:20.593015
1569;238;3.0;create;;ISSUED;;;{'priority': 'normal'};2026-08-14 08:00:29.167803
1570;238;5.0;accept;ISSUED;ACCEPTED;;;;2026-08-14 08:24:23.670524
1571;238;5.0;start;ACCEPTED;IN_PROGRESS;;;;2026-08-14 08:37:12.689352
1572;238;5.0;complete;IN_PROGRESS;DONE;;;;2026-08-14 09:27:42.157517
1573;238;;begin_review;DONE;AI_REVIEW;;;;2026-08-14 09:27:42.157517
1574;238;3.0;close;AI_REVIEW;CLOSED;;;;2026-08-14 10:27:51.740918
1575;239;3.0;create;;ISSUED;;;{'priority': 'normal'};2026-08-14 10:41:04.123496
1576;239;10.0;accept;ISSUED;ACCEPTED;;;;2026-08-14 11:04:43.554943
1577;239;10.0;start;ACCEPTED;IN_PROGRESS;;;;2026-08-14 11:08:46.005342
1578;239;10.0;complete;IN_PROGRESS;DONE;;;;2026-08-14 15:42:55.078753
1579;239;;begin_review;DONE;AI_REVIEW;;;;2026-08-14 15:42:55.078753
1580;239;3.0;close;AI_REVIEW;CLOSED;;;;2026-08-14 16:04:20.238214
1581;240;4.0;create;;ISSUED;;;{'priority': 'normal'};2026-08-14 19:33:56.318359
1582;240;19.0;accept;ISSUED;ACCEPTED;;;;2026-08-14 19:57:14.115708
1583;240;19.0;start;ACCEPTED;IN_PROGRESS;;;;2026-08-14 20:15:55.522930
1584;240;19.0;complete;IN_PROGRESS;DONE;;;;2026-08-14 21:40:50.144541
1585;240;;begin_review;DONE;AI_REVIEW;;;;2026-08-14 21:40:50.144541
1586;240;4.0;close;AI_REVIEW;CLOSED;;;;2026-08-14 22:29:24.194850
1587;241;4.0;create;;ISSUED;;;{'priority': 'normal'};2026-08-14 19:56:16.693899
1588;241;8.0;accept;ISSUED;ACCEPTED;;;;2026-08-14 20:09:57.903758
1589;241;8.0;start;ACCEPTED;IN_PROGRESS;;;;2026-08-14 20:28:52.689912
1590;241;8.0;complete;IN_PROGRESS;DONE;;;;2026-08-14 21:47:53.465858
1591;241;;begin_review;DONE;AI_REVIEW;;;;2026-08-14 21:47:53.465858
1592;241;;send_to_rework;AI_REVIEW;REWORK;Вердикт ИИ: требует доработки;;;2026-08-14 21:48:08.465858
1593;241;8.0;resume_rework;REWORK;IN_PROGRESS;;;;2026-08-14 21:59:46.489690
1594;241;8.0;complete;IN_PROGRESS;DONE;;;;2026-08-14 22:21:36.726322
1595;241;;begin_review;DONE;AI_REVIEW;;;;2026-08-14 22:21:36.726322
1596;241;4.0;close;AI_REVIEW;CLOSED;;;;2026-08-14 23:37:36.367772
1597;242;4.0;create;;ISSUED;;;{'priority': 'normal'};2026-08-14 21:44:02.626782
1598;242;11.0;queue;ISSUED;QUEUED;;;;2026-08-14 21:53:48.311556
1599;242;11.0;accept;QUEUED;ACCEPTED;;;;2026-08-14 22:38:51.062702
1600;242;11.0;start;ACCEPTED;IN_PROGRESS;;;;2026-08-14 22:52:27.051809
1601;242;11.0;complete;IN_PROGRESS;DONE;;;;2026-08-15 04:05:36.601781
1602;242;;begin_review;DONE;AI_REVIEW;;;;2026-08-15 04:05:36.601781
1603;242;4.0;close;AI_REVIEW;CLOSED;;;;2026-08-15 04:33:06.352695
1604;243;4.0;create;;ISSUED;;;{'priority': 'emergency'};2026-08-14 22:15:11.048224
1605;243;11.0;accept;ISSUED;ACCEPTED;;;;2026-08-14 22:16:15.663465
1606;243;11.0;start;ACCEPTED;IN_PROGRESS;;;;2026-08-14 22:17:19.124902
1607;243;11.0;complete;IN_PROGRESS;DONE;;;;2026-08-15 02:57:02.297649
1608;243;;begin_review;DONE;AI_REVIEW;;;;2026-08-15 02:57:02.297649
1609;243;4.0;close;AI_REVIEW;CLOSED;;;;2026-08-15 03:31:25.882125
1610;244;4.0;create;;ISSUED;;;{'priority': 'high'};2026-08-15 01:49:55.621038
1611;244;7.0;accept;ISSUED;ACCEPTED;;;;2026-08-15 01:55:42.485212
1612;244;7.0;start;ACCEPTED;IN_PROGRESS;;;;2026-08-15 02:02:23.803313
1613;244;7.0;complete;IN_PROGRESS;DONE;;;;2026-08-15 02:55:49.873394
1614;244;;begin_review;DONE;AI_REVIEW;;;;2026-08-15 02:55:49.873394
1615;244;4.0;close;AI_REVIEW;CLOSED;;;;2026-08-15 04:51:20.706736
1616;245;3.0;create;;ISSUED;;;{'priority': 'high'};2026-08-15 04:38:14.262287
1617;245;10.0;accept;ISSUED;ACCEPTED;;;;2026-08-15 04:41:50.924474
1618;245;10.0;start;ACCEPTED;IN_PROGRESS;;;;2026-08-15 04:49:13.579855
1619;245;10.0;complete;IN_PROGRESS;DONE;;;;2026-08-15 11:53:28.886032
1620;245;;begin_review;DONE;AI_REVIEW;;;;2026-08-15 11:53:28.886032
1621;245;3.0;close;AI_REVIEW;CLOSED;;;;2026-08-15 12:06:43.950634
1622;246;3.0;create;;ISSUED;;;{'priority': 'high'};2026-08-15 05:14:13.342994
1623;246;5.0;accept;ISSUED;ACCEPTED;;;;2026-08-15 05:25:12.486417
1624;246;5.0;start;ACCEPTED;IN_PROGRESS;;;;2026-08-15 05:27:44.343845
1625;246;5.0;complete;IN_PROGRESS;DONE;;;;2026-08-15 09:54:24.554622
1626;246;;begin_review;DONE;AI_REVIEW;;;;2026-08-15 09:54:24.554622
1627;246;3.0;close;AI_REVIEW;CLOSED;;;;2026-08-15 11:19:59.133836
1628;247;3.0;create;;ISSUED;;;{'priority': 'normal'};2026-08-15 12:29:45.412375
1629;247;10.0;accept;ISSUED;ACCEPTED;;;;2026-08-15 12:37:13.770422
1630;247;10.0;start;ACCEPTED;IN_PROGRESS;;;;2026-08-15 12:42:56.068769
1631;247;10.0;complete;IN_PROGRESS;DONE;;;;2026-08-15 14:31:34.797511
1632;247;;begin_review;DONE;AI_REVIEW;;;;2026-08-15 14:31:34.797511
1633;247;3.0;close;AI_REVIEW;CLOSED;;;;2026-08-15 14:45:17.613583
1634;248;3.0;create;;ISSUED;;;{'priority': 'planned'};2026-08-16 04:31:47.137199
1635;248;12.0;queue;ISSUED;QUEUED;;;;2026-08-16 04:40:13.547865
1636;248;12.0;accept;QUEUED;ACCEPTED;;;;2026-08-16 06:24:05.312036
1637;248;12.0;start;ACCEPTED;IN_PROGRESS;;;;2026-08-16 06:43:27.668905
1638;248;12.0;complete;IN_PROGRESS;DONE;;;;2026-08-16 07:39:13.695836
1639;248;;begin_review;DONE;AI_REVIEW;;;;2026-08-16 07:39:13.695836
1640;248;3.0;close;AI_REVIEW;CLOSED;;;;2026-08-16 08:30:08.660113
1641;249;3.0;create;;ISSUED;;;{'priority': 'planned'};2026-08-16 05:31:54.007891
1642;249;6.0;accept;ISSUED;ACCEPTED;;;;2026-08-16 05:42:46.332808
1643;249;6.0;start;ACCEPTED;IN_PROGRESS;;;;2026-08-16 05:50:41.511748
1644;249;6.0;complete;IN_PROGRESS;DONE;;;;2026-08-16 06:46:00.668919
1645;249;;begin_review;DONE;AI_REVIEW;;;;2026-08-16 06:46:00.668919
1646;249;3.0;close;AI_REVIEW;CLOSED;;;;2026-08-16 08:07:06.051674
1647;250;3.0;create;;ISSUED;;;{'priority': 'planned'};2026-08-16 05:43:24.289682
1648;250;6.0;accept;ISSUED;ACCEPTED;;;;2026-08-16 06:09:10.481293
1649;250;6.0;start;ACCEPTED;IN_PROGRESS;;;;2026-08-16 06:25:37.424500
1650;250;6.0;complete;IN_PROGRESS;DONE;;;;2026-08-16 07:21:45.715738
1651;250;;begin_review;DONE;AI_REVIEW;;;;2026-08-16 07:21:45.715738
1652;250;3.0;close;AI_REVIEW;CLOSED;;;;2026-08-16 09:05:55.995980
1653;251;3.0;create;;ISSUED;;;{'priority': 'planned'};2026-08-16 05:47:57.221409
1654;251;5.0;queue;ISSUED;QUEUED;;;;2026-08-16 05:56:31.708555
1655;251;5.0;accept;QUEUED;ACCEPTED;;;;2026-08-16 07:08:53.632716
1656;251;5.0;start;ACCEPTED;IN_PROGRESS;;;;2026-08-16 07:27:01.128603
1657;251;5.0;pause;IN_PROGRESS;PAUSED;ждёт остановки оборудования;;;2026-08-16 08:00:42.289409
1658;251;5.0;resume;PAUSED;IN_PROGRESS;;;;2026-08-16 09:05:42.289409
1659;251;5.0;complete;IN_PROGRESS;DONE;;;;2026-08-16 09:39:46.224128
1660;251;;begin_review;DONE;AI_REVIEW;;;;2026-08-16 09:39:46.224128
1661;251;3.0;close;AI_REVIEW;CLOSED;;;;2026-08-16 11:00:17.465223
1662;252;3.0;create;;ISSUED;;;{'priority': 'planned'};2026-08-16 07:48:40.241139
1663;252;15.0;accept;ISSUED;ACCEPTED;;;;2026-08-16 08:06:53.410472
1664;252;15.0;start;ACCEPTED;IN_PROGRESS;;;;2026-08-16 08:12:55.345978
1665;252;15.0;complete;IN_PROGRESS;DONE;;;;2026-08-16 10:36:48.377120
1666;252;;begin_review;DONE;AI_REVIEW;;;;2026-08-16 10:36:48.377120
1667;252;3.0;close;AI_REVIEW;CLOSED;;;;2026-08-16 10:56:29.287472
1668;253;4.0;create;;ISSUED;;;{'priority': 'emergency'};2026-08-16 20:49:18.257185
1669;253;11.0;accept;ISSUED;ACCEPTED;;;;2026-08-16 20:52:54.499862
1670;253;11.0;start;ACCEPTED;IN_PROGRESS;;;;2026-08-16 20:55:12.406169
1671;253;11.0;complete;IN_PROGRESS;DONE;;;;2026-08-17 06:15:04.925325
1672;253;;begin_review;DONE;AI_REVIEW;;;;2026-08-17 06:15:04.925325
1673;253;4.0;close;AI_REVIEW;CLOSED;;;;2026-08-17 07:47:54.955183
1674;254;4.0;create;;ISSUED;;;{'priority': 'normal'};2026-08-16 23:50:35.443391
1675;254;8.0;accept;ISSUED;ACCEPTED;;;;2026-08-17 00:09:11.616641
1676;254;8.0;start;ACCEPTED;IN_PROGRESS;;;;2026-08-17 00:23:05.787135
1677;254;8.0;complete;IN_PROGRESS;DONE;;;;2026-08-17 02:29:13.097709
1678;254;;begin_review;DONE;AI_REVIEW;;;;2026-08-17 02:29:13.097709
1679;254;4.0;close;AI_REVIEW;CLOSED;;;;2026-08-17 03:33:37.495661
1680;255;4.0;create;;ISSUED;;;{'priority': 'normal'};2026-08-17 00:10:24.180571
1681;255;7.0;accept;ISSUED;ACCEPTED;;;;2026-08-17 00:26:34.166402
1682;255;7.0;start;ACCEPTED;IN_PROGRESS;;;;2026-08-17 00:34:41.852553
1683;255;7.0;complete;IN_PROGRESS;DONE;;;;2026-08-17 06:47:27.509874
1684;255;;begin_review;DONE;AI_REVIEW;;;;2026-08-17 06:47:27.509874
1685;255;4.0;close;AI_REVIEW;CLOSED;;;;2026-08-17 07:39:52.309816
1686;256;4.0;create;;ISSUED;;;{'priority': 'normal'};2026-08-17 01:15:01.211256
1687;256;8.0;queue;ISSUED;QUEUED;;;;2026-08-17 01:18:47.070517
1688;256;8.0;accept;QUEUED;ACCEPTED;;;;2026-08-17 03:31:51.755282
1689;256;8.0;start;ACCEPTED;IN_PROGRESS;;;;2026-08-17 03:45:32.008882
1690;256;8.0;complete;IN_PROGRESS;DONE;;;;2026-08-17 10:45:52.918447
1691;256;;begin_review;DONE;AI_REVIEW;;;;2026-08-17 10:45:52.918447
1692;256;4.0;close;AI_REVIEW;CLOSED;;;;2026-08-17 11:51:45.235487
1693;257;3.0;create;;ISSUED;;;{'priority': 'planned'};2026-08-17 04:31:36.401165
1694;257;10.0;accept;ISSUED;ACCEPTED;;;;2026-08-17 04:45:32.246289
1695;257;10.0;start;ACCEPTED;IN_PROGRESS;;;;2026-08-17 04:54:25.370620
1696;257;10.0;complete;IN_PROGRESS;DONE;;;;2026-08-17 06:11:51.326395
1697;257;;begin_review;DONE;AI_REVIEW;;;;2026-08-17 06:11:51.326395
1698;257;3.0;close;AI_REVIEW;CLOSED;;;;2026-08-17 06:46:00.552841
1699;258;3.0;create;;ISSUED;;;{'priority': 'planned'};2026-08-17 05:16:16.927999
1700;258;5.0;accept;ISSUED;ACCEPTED;;;;2026-08-17 05:45:23.010236
1701;258;5.0;start;ACCEPTED;IN_PROGRESS;;;;2026-08-17 05:56:57.712499
1702;258;5.0;complete;IN_PROGRESS;DONE;;;;2026-08-17 07:07:26.360660
1703;258;;begin_review;DONE;AI_REVIEW;;;;2026-08-17 07:07:26.360660
1704;258;3.0;close;AI_REVIEW;CLOSED;;;;2026-08-17 08:35:04.992753
1705;259;3.0;create;;ISSUED;;;{'priority': 'high'};2026-08-17 12:05:16.953353
1706;259;10.0;accept;ISSUED;ACCEPTED;;;;2026-08-17 12:13:30.224363
1707;259;10.0;start;ACCEPTED;IN_PROGRESS;;;;2026-08-17 12:28:48.442373
1708;259;10.0;complete;IN_PROGRESS;DONE;;;;2026-08-17 14:12:02.692344
1709;259;;begin_review;DONE;AI_REVIEW;;;;2026-08-17 14:12:02.692344
1710;259;3.0;close;AI_REVIEW;CLOSED;;;;2026-08-17 15:58:58.992023
1711;260;4.0;create;;ISSUED;;;{'priority': 'normal'};2026-08-17 20:55:39.713210
1712;260;14.0;accept;ISSUED;ACCEPTED;;;;2026-08-17 21:11:50.771102
1713;260;14.0;start;ACCEPTED;IN_PROGRESS;;;;2026-08-17 21:18:18.082366
1714;260;14.0;complete;IN_PROGRESS;DONE;;;;2026-08-18 04:19:30.124183
1715;260;;begin_review;DONE;AI_REVIEW;;;;2026-08-18 04:19:30.124183
1716;260;4.0;close;AI_REVIEW;CLOSED;;;;2026-08-18 04:30:59.627138
1717;261;4.0;create;;ISSUED;;;{'priority': 'emergency'};2026-08-17 22:23:54.304326
1718;261;8.0;accept;ISSUED;ACCEPTED;;;;2026-08-17 22:27:34.751361
1719;261;8.0;start;ACCEPTED;IN_PROGRESS;;;;2026-08-17 22:32:27.109250
1720;261;8.0;complete;IN_PROGRESS;DONE;;;;2026-08-18 01:42:01.692445
1721;261;;begin_review;DONE;AI_REVIEW;;;;2026-08-18 01:42:01.692445
1722;261;4.0;close;AI_REVIEW;CLOSED;;;;2026-08-18 03:13:32.374479
1723;262;4.0;create;;ISSUED;;;{'priority': 'high'};2026-08-18 01:56:52.786026
1724;262;18.0;accept;ISSUED;ACCEPTED;;;;2026-08-18 02:05:16.026278
1725;262;18.0;start;ACCEPTED;IN_PROGRESS;;;;2026-08-18 02:24:38.715583
1726;262;18.0;complete;IN_PROGRESS;DONE;;;;2026-08-18 16:28:20.851983
1727;262;;begin_review;DONE;AI_REVIEW;;;;2026-08-18 16:28:20.851983
1728;262;4.0;close;AI_REVIEW;CLOSED;;;;2026-08-18 17:42:05.663074
1729;263;3.0;create;;ISSUED;;;{'priority': 'planned'};2026-08-18 05:13:04.585522
1730;263;6.0;queue;ISSUED;QUEUED;;;;2026-08-18 05:21:14.065290
1731;263;6.0;accept;QUEUED;ACCEPTED;;;;2026-08-18 06:54:54.032248
1732;263;6.0;start;ACCEPTED;IN_PROGRESS;;;;2026-08-18 07:11:09.959859
1733;263;6.0;pause;IN_PROGRESS;PAUSED;ждёт запчасти;;;2026-08-18 07:42:42.245125
1734;263;6.0;resume;PAUSED;IN_PROGRESS;;;;2026-08-18 09:11:42.245125
1735;263;6.0;complete;IN_PROGRESS;DONE;;;;2026-08-18 09:48:50.883257
1736;263;;begin_review;DONE;AI_REVIEW;;;;2026-08-18 09:48:50.883257
1737;263;3.0;close;AI_REVIEW;CLOSED;;;;2026-08-18 10:22:45.230251
1738;264;3.0;create;;ISSUED;;;{'priority': 'planned'};2026-08-18 05:58:13.594949
1739;264;5.0;accept;ISSUED;ACCEPTED;;;;2026-08-18 06:42:39.144526
1740;264;5.0;start;ACCEPTED;IN_PROGRESS;;;;2026-08-18 06:56:32.218106
1741;264;5.0;complete;IN_PROGRESS;DONE;;;;2026-08-18 07:50:48.388269
1742;264;;begin_review;DONE;AI_REVIEW;;;;2026-08-18 07:50:48.388269
1743;264;3.0;close;AI_REVIEW;CLOSED;;;;2026-08-18 09:41:48.903195
1744;265;3.0;create;;ISSUED;;;{'priority': 'normal'};2026-08-18 08:38:17.130562
1745;265;15.0;queue;ISSUED;QUEUED;;;;2026-08-18 08:45:23.520712
1746;265;15.0;accept;QUEUED;ACCEPTED;;;;2026-08-18 09:55:36.199230
1747;265;15.0;start;ACCEPTED;IN_PROGRESS;;;;2026-08-18 10:04:47.241921
1748;265;15.0;complete;IN_PROGRESS;DONE;;;;2026-08-18 18:19:50.654676
1749;265;;begin_review;DONE;AI_REVIEW;;;;2026-08-18 18:19:50.654676
1750;265;3.0;close;AI_REVIEW;CLOSED;;;;2026-08-18 20:11:49.637758
1751;266;3.0;create;;ISSUED;;;{'priority': 'normal'};2026-08-18 11:36:03.035112
1752;266;12.0;accept;ISSUED;ACCEPTED;;;;2026-08-18 11:42:47.583110
1753;266;12.0;start;ACCEPTED;IN_PROGRESS;;;;2026-08-18 11:52:44.836548
1754;266;12.0;complete;IN_PROGRESS;DONE;;;;2026-08-18 13:05:27.260380
1755;266;;begin_review;DONE;AI_REVIEW;;;;2026-08-18 13:05:27.260380
1756;266;3.0;close;AI_REVIEW;CLOSED;;;;2026-08-18 14:23:07.636814
1757;267;4.0;create;;ISSUED;;;{'priority': 'normal'};2026-08-18 16:50:36.930638
1758;267;11.0;accept;ISSUED;ACCEPTED;;;;2026-08-18 17:17:54.788748
1759;267;11.0;start;ACCEPTED;IN_PROGRESS;;;;2026-08-18 17:35:42.818402
1760;267;11.0;complete;IN_PROGRESS;DONE;;;;2026-08-18 22:14:08.637222
1761;267;;begin_review;DONE;AI_REVIEW;;;;2026-08-18 22:14:08.637222
1762;267;4.0;close;AI_REVIEW;CLOSED;;;;2026-08-18 23:59:13.110443
1763;268;4.0;create;;ISSUED;;;{'priority': 'normal'};2026-08-18 20:20:38.930517
1764;268;7.0;accept;ISSUED;ACCEPTED;;;;2026-08-18 20:49:45.921625
1765;268;7.0;start;ACCEPTED;IN_PROGRESS;;;;2026-08-18 20:54:13.236595
1766;268;7.0;complete;IN_PROGRESS;DONE;;;;2026-08-18 23:41:50.969092
1767;268;;begin_review;DONE;AI_REVIEW;;;;2026-08-18 23:41:50.969092
1768;268;4.0;close;AI_REVIEW;CLOSED;;;;2026-08-19 01:28:38.302909
1769;269;4.0;create;;ISSUED;;;{'priority': 'high'};2026-08-18 22:36:47.733479
1770;269;19.0;accept;ISSUED;ACCEPTED;;;;2026-08-18 22:43:51.216182
1771;269;19.0;start;ACCEPTED;IN_PROGRESS;;;;2026-08-18 22:52:53.187187
1772;269;19.0;complete;IN_PROGRESS;DONE;;;;2026-08-19 05:34:44.866644
1773;269;;begin_review;DONE;AI_REVIEW;;;;2026-08-19 05:34:44.866644
1774;269;4.0;close;AI_REVIEW;CLOSED;;;;2026-08-19 07:14:47.297307
1775;270;3.0;create;;ISSUED;;;{'priority': 'planned'};2026-08-19 04:13:09.473739
1776;270;10.0;accept;ISSUED;ACCEPTED;;;;2026-08-19 05:06:53.542662
1777;270;10.0;start;ACCEPTED;IN_PROGRESS;;;;2026-08-19 05:17:27.793733
1778;270;10.0;complete;IN_PROGRESS;DONE;;;;2026-08-19 06:01:45.799601
1779;270;;begin_review;DONE;AI_REVIEW;;;;2026-08-19 06:01:45.799601
1780;270;3.0;close;AI_REVIEW;CLOSED;;;;2026-08-19 06:42:56.386254
1781;271;3.0;create;;ISSUED;;;{'priority': 'normal'};2026-08-19 05:00:11.990578
1782;271;13.0;reject;ISSUED;REJECTED;нет материалов;;;2026-08-19 05:04:00.984743
1783;271;3.0;reissue;REJECTED;ISSUED;;;{'to_assignee_id': 17};2026-08-19 05:07:24.005913
1784;271;17.0;accept;ISSUED;ACCEPTED;;;;2026-08-19 05:23:02.015427
1785;271;17.0;start;ACCEPTED;IN_PROGRESS;;;;2026-08-19 05:38:02.925916
1786;271;17.0;complete;IN_PROGRESS;DONE;;;;2026-08-19 08:44:48.169106
1787;271;;begin_review;DONE;AI_REVIEW;;;;2026-08-19 08:44:48.169106
1788;271;3.0;close;AI_REVIEW;CLOSED;;;;2026-08-19 10:07:13.899142
1789;272;3.0;create;;ISSUED;;;{'priority': 'high'};2026-08-19 08:04:32.576401
1790;272;10.0;accept;ISSUED;ACCEPTED;;;;2026-08-19 08:13:07.959487
1791;272;10.0;start;ACCEPTED;IN_PROGRESS;;;;2026-08-19 08:25:30.081558
1792;272;10.0;complete;IN_PROGRESS;DONE;;;;2026-08-19 09:56:46.395834
1793;272;;begin_review;DONE;AI_REVIEW;;;;2026-08-19 09:56:46.395834
1794;272;3.0;close;AI_REVIEW;CLOSED;;;;2026-08-19 10:18:27.450707
1795;273;3.0;create;;ISSUED;;;{'priority': 'high'};2026-08-19 08:24:18.430351
1796;273;17.0;accept;ISSUED;ACCEPTED;;;;2026-08-19 08:33:38.018582
1797;273;17.0;start;ACCEPTED;IN_PROGRESS;;;;2026-08-19 08:39:53.565143
1798;273;17.0;complete;IN_PROGRESS;DONE;;;;2026-08-19 14:58:24.931099
1799;273;;begin_review;DONE;AI_REVIEW;;;;2026-08-19 14:58:24.931099
1800;273;3.0;close;AI_REVIEW;CLOSED;;;;2026-08-19 16:25:16.520891
1801;274;4.0;create;;ISSUED;;;{'priority': 'emergency'};2026-08-19 17:55:27.592867
1802;274;18.0;accept;ISSUED;ACCEPTED;;;;2026-08-19 17:58:10.873206
1803;274;18.0;start;ACCEPTED;IN_PROGRESS;;;;2026-08-19 18:00:10.793535
1804;274;18.0;complete;IN_PROGRESS;DONE;;;;2026-08-19 21:14:27.308927
1805;274;;begin_review;DONE;AI_REVIEW;;;;2026-08-19 21:14:27.308927
1806;274;4.0;close;AI_REVIEW;CLOSED;;;;2026-08-19 23:02:43.029603
1807;275;4.0;create;;ISSUED;;;{'priority': 'normal'};2026-08-19 20:27:50.644651
1808;275;11.0;accept;ISSUED;ACCEPTED;;;;2026-08-19 20:49:16.069805
1809;275;11.0;start;ACCEPTED;IN_PROGRESS;;;;2026-08-19 21:08:30.432908
1810;275;11.0;complete;IN_PROGRESS;DONE;;;;2026-08-20 04:42:41.435787
1811;275;;begin_review;DONE;AI_REVIEW;;;;2026-08-20 04:42:41.435787
1812;275;4.0;close;AI_REVIEW;CLOSED;;;;2026-08-20 05:06:40.905521
1813;276;3.0;create;;ISSUED;;;{'priority': 'planned'};2026-08-20 05:25:55.341213
1814;276;6.0;accept;ISSUED;ACCEPTED;;;;2026-08-20 05:40:02.440455
1815;276;6.0;start;ACCEPTED;IN_PROGRESS;;;;2026-08-20 05:51:46.221520
1816;276;6.0;complete;IN_PROGRESS;DONE;;;;2026-08-20 06:25:07.260606
1817;276;;begin_review;DONE;AI_REVIEW;;;;2026-08-20 06:25:07.260606
1818;276;3.0;close;AI_REVIEW;CLOSED;;;;2026-08-20 07:30:07.570859
1819;277;3.0;create;;ISSUED;;;{'priority': 'normal'};2026-08-20 13:10:23.672632
1820;277;10.0;queue;ISSUED;QUEUED;;;;2026-08-20 13:15:38.001134
1821;277;10.0;accept;QUEUED;ACCEPTED;;;;2026-08-20 15:34:53.653565
1822;277;10.0;start;ACCEPTED;IN_PROGRESS;;;;2026-08-20 15:41:37.750883
1823;277;10.0;complete;IN_PROGRESS;DONE;;;;2026-08-20 18:32:16.265443
1824;277;;begin_review;DONE;AI_REVIEW;;;;2026-08-20 18:32:16.265443
1825;277;3.0;close;AI_REVIEW;CLOSED;;;;2026-08-20 20:26:33.049580
1826;278;4.0;create;;ISSUED;;;{'priority': 'high'};2026-08-20 15:18:11.507413
1827;278;19.0;accept;ISSUED;ACCEPTED;;;;2026-08-20 15:24:21.251518
1828;278;19.0;start;ACCEPTED;IN_PROGRESS;;;;2026-08-20 15:39:39.684062
1829;278;19.0;complete;IN_PROGRESS;DONE;;;;2026-08-20 18:07:54.877041
1830;278;;begin_review;DONE;AI_REVIEW;;;;2026-08-20 18:07:54.877041
1831;278;4.0;close;AI_REVIEW;CLOSED;;;;2026-08-20 18:20:48.812250
1832;279;4.0;create;;ISSUED;;;{'priority': 'high'};2026-08-20 20:55:50.670192
1833;279;14.0;accept;ISSUED;ACCEPTED;;;;2026-08-20 21:03:22.167768
1834;279;14.0;start;ACCEPTED;IN_PROGRESS;;;;2026-08-20 21:06:18.479419
1835;279;14.0;complete;IN_PROGRESS;DONE;;;;2026-08-21 00:08:45.977350
1836;279;;begin_review;DONE;AI_REVIEW;;;;2026-08-21 00:08:45.977350
1837;279;4.0;close;AI_REVIEW;CLOSED;;;;2026-08-21 00:25:08.265894
1838;280;3.0;create;;ISSUED;;;{'priority': 'high'};2026-08-21 04:31:23.702013
1839;280;6.0;accept;ISSUED;ACCEPTED;;;;2026-08-21 04:42:16.703216
1840;280;6.0;start;ACCEPTED;IN_PROGRESS;;;;2026-08-21 04:58:33.338526
1841;280;6.0;pause;IN_PROGRESS;PAUSED;ждёт запчасти;;;2026-08-21 06:04:05.553171
1842;280;6.0;resume;PAUSED;IN_PROGRESS;;;;2026-08-21 07:11:05.553171
1843;280;6.0;complete;IN_PROGRESS;DONE;;;;2026-08-21 08:38:13.818284
1844;280;;begin_review;DONE;AI_REVIEW;;;;2026-08-21 08:38:13.818284
1845;280;3.0;close;AI_REVIEW;CLOSED;;;;2026-08-21 10:31:47.236403
1846;281;3.0;create;;ISSUED;;;{'priority': 'planned'};2026-08-21 05:26:29.197099
1847;281;12.0;queue;ISSUED;QUEUED;;;;2026-08-21 05:35:31.405476
1848;281;12.0;accept;QUEUED;ACCEPTED;;;;2026-08-21 06:36:58.505279
1849;281;12.0;start;ACCEPTED;IN_PROGRESS;;;;2026-08-21 06:48:43.237988
1850;281;12.0;complete;IN_PROGRESS;DONE;;;;2026-08-21 07:33:34.677576
1851;281;;begin_review;DONE;AI_REVIEW;;;;2026-08-21 07:33:34.677576
1852;281;3.0;close;AI_REVIEW;CLOSED;;;;2026-08-21 09:05:11.274723
1853;282;3.0;create;;ISSUED;;;{'priority': 'emergency'};2026-08-21 06:07:57.957303
1854;282;13.0;accept;ISSUED;ACCEPTED;;;;2026-08-21 06:11:24.905651
1855;282;13.0;start;ACCEPTED;IN_PROGRESS;;;;2026-08-21 06:13:07.494021
1856;282;13.0;complete;IN_PROGRESS;DONE;;;;2026-08-21 07:55:48.404317
1857;282;;begin_review;DONE;AI_REVIEW;;;;2026-08-21 07:55:48.404317
1858;282;3.0;close;AI_REVIEW;CLOSED;;;;2026-08-21 09:40:42.704865
1859;283;3.0;create;;ISSUED;;;{'priority': 'high'};2026-08-21 08:19:21.922770
1860;283;15.0;accept;ISSUED;ACCEPTED;;;;2026-08-21 08:25:40.573749
1861;283;15.0;start;ACCEPTED;IN_PROGRESS;;;;2026-08-21 08:28:37.014172
1862;283;15.0;complete;IN_PROGRESS;DONE;;;;2026-08-21 10:06:27.412004
1863;283;;begin_review;DONE;AI_REVIEW;;;;2026-08-21 10:06:27.412004
1864;283;3.0;close;AI_REVIEW;CLOSED;;;;2026-08-21 11:47:40.392407
1865;284;3.0;create;;ISSUED;;;{'priority': 'normal'};2026-08-21 10:12:47.165186
1866;284;10.0;accept;ISSUED;ACCEPTED;;;;2026-08-21 10:30:43.501729
1867;284;10.0;start;ACCEPTED;IN_PROGRESS;;;;2026-08-21 10:49:52.173210
1868;284;10.0;complete;IN_PROGRESS;DONE;;;;2026-08-21 16:11:06.152626
1869;284;;begin_review;DONE;AI_REVIEW;;;;2026-08-21 16:11:06.152626
1870;284;3.0;close;AI_REVIEW;CLOSED;;;;2026-08-21 16:51:58.773489
1871;285;3.0;create;;ISSUED;;;{'priority': 'high'};2026-08-21 12:21:58.405389
1872;285;9.0;accept;ISSUED;ACCEPTED;;;;2026-08-21 12:29:41.054968
1873;285;9.0;start;ACCEPTED;IN_PROGRESS;;;;2026-08-21 12:32:22.749673
1874;285;9.0;complete;IN_PROGRESS;DONE;;;;2026-08-21 15:59:18.300974
1875;285;;begin_review;DONE;AI_REVIEW;;;;2026-08-21 15:59:18.300974
1876;285;3.0;close;AI_REVIEW;CLOSED;;;;2026-08-21 17:55:33.145227
1877;286;3.0;create;;ISSUED;;;{'priority': 'high'};2026-08-21 13:04:58.088019
1878;286;12.0;accept;ISSUED;ACCEPTED;;;;2026-08-21 13:07:45.816155
1879;286;12.0;start;ACCEPTED;IN_PROGRESS;;;;2026-08-21 13:25:54.623981
1880;286;12.0;complete;IN_PROGRESS;DONE;;;;2026-08-21 18:31:26.723409
1881;286;;begin_review;DONE;AI_REVIEW;;;;2026-08-21 18:31:26.723409
1882;286;3.0;close;AI_REVIEW;CLOSED;;;;2026-08-21 19:53:36.179206
1883;287;3.0;create;;ISSUED;;;{'priority': 'emergency'};2026-08-21 14:27:18.392941
1884;287;6.0;accept;ISSUED;ACCEPTED;;;;2026-08-21 14:28:51.558930
1885;287;6.0;start;ACCEPTED;IN_PROGRESS;;;;2026-08-21 14:32:23.574686
1886;287;6.0;complete;IN_PROGRESS;DONE;;;;2026-08-21 15:58:41.467385
1887;287;;begin_review;DONE;AI_REVIEW;;;;2026-08-21 15:58:41.467385
1888;287;3.0;close;AI_REVIEW;CLOSED;;;;2026-08-21 16:17:12.829727
1889;288;4.0;create;;ISSUED;;;{'priority': 'normal'};2026-08-21 15:54:04.456817
1890;288;18.0;accept;ISSUED;ACCEPTED;;;;2026-08-21 16:07:06.058983
1891;288;18.0;start;ACCEPTED;IN_PROGRESS;;;;2026-08-21 16:23:54.567362
1892;288;18.0;complete;IN_PROGRESS;DONE;;;;2026-08-21 20:51:55.903154
1893;288;;begin_review;DONE;AI_REVIEW;;;;2026-08-21 20:51:55.903154
1894;288;4.0;close;AI_REVIEW;CLOSED;;;;2026-08-21 21:33:55.662531
1895;289;4.0;create;;ISSUED;;;{'priority': 'high'};2026-08-21 21:58:46.772404
1896;289;8.0;accept;ISSUED;ACCEPTED;;;;2026-08-21 22:03:54.635863
1897;289;8.0;start;ACCEPTED;IN_PROGRESS;;;;2026-08-21 22:18:47.665271
1898;289;8.0;complete;IN_PROGRESS;DONE;;;;2026-08-22 00:52:45.784714
1899;289;;begin_review;DONE;AI_REVIEW;;;;2026-08-22 00:52:45.784714
1900;289;4.0;close;AI_REVIEW;CLOSED;;;;2026-08-22 02:51:55.092897
1901;290;3.0;create;;ISSUED;;;{'priority': 'normal'};2026-08-22 04:01:43.673829
1902;290;12.0;accept;ISSUED;ACCEPTED;;;;2026-08-22 04:19:16.800991
1903;290;12.0;start;ACCEPTED;IN_PROGRESS;;;;2026-08-22 04:23:27.742754
1904;290;12.0;complete;IN_PROGRESS;DONE;;;;2026-08-22 09:02:34.161176
1905;290;;begin_review;DONE;AI_REVIEW;;;;2026-08-22 09:02:34.161176
1906;290;3.0;close;AI_REVIEW;CLOSED;;;;2026-08-22 10:59:31.980396
1907;291;3.0;create;;ISSUED;;;{'priority': 'planned'};2026-08-22 05:22:01.543192
1908;291;10.0;accept;ISSUED;ACCEPTED;;;;2026-08-22 06:04:49.187098
1909;291;10.0;start;ACCEPTED;IN_PROGRESS;;;;2026-08-22 06:08:15.252375
1910;291;10.0;complete;IN_PROGRESS;DONE;;;;2026-08-22 07:10:10.249866
1911;291;;begin_review;DONE;AI_REVIEW;;;;2026-08-22 07:10:10.249866
1912;291;3.0;close;AI_REVIEW;CLOSED;;;;2026-08-22 09:00:11.403732
1913;292;3.0;create;;ISSUED;;;{'priority': 'planned'};2026-08-22 06:29:24.746933
1914;292;15.0;accept;ISSUED;ACCEPTED;;;;2026-08-22 07:06:44.291586
1915;292;15.0;start;ACCEPTED;IN_PROGRESS;;;;2026-08-22 07:10:51.692730
1916;292;15.0;complete;IN_PROGRESS;DONE;;;;2026-08-22 09:00:39.941170
1917;292;;begin_review;DONE;AI_REVIEW;;;;2026-08-22 09:00:39.941170
1918;292;3.0;close;AI_REVIEW;CLOSED;;;;2026-08-22 10:47:04.218770
1919;293;3.0;create;;ISSUED;;;{'priority': 'planned'};2026-08-22 07:15:56.755653
1920;293;15.0;accept;ISSUED;ACCEPTED;;;;2026-08-22 08:27:11.201528
1921;293;15.0;start;ACCEPTED;IN_PROGRESS;;;;2026-08-22 08:41:59.493952
1922;293;15.0;complete;IN_PROGRESS;DONE;;;;2026-08-22 10:40:04.473919
1923;293;;begin_review;DONE;AI_REVIEW;;;;2026-08-22 10:40:04.473919
1924;293;3.0;close;AI_REVIEW;CLOSED;;;;2026-08-22 12:38:58.034912
1925;294;4.0;create;;ISSUED;;;{'priority': 'high'};2026-08-22 21:14:43.518420
1926;294;7.0;accept;ISSUED;ACCEPTED;;;;2026-08-22 21:20:44.908924
1927;294;7.0;start;ACCEPTED;IN_PROGRESS;;;;2026-08-22 21:32:46.404967
1928;294;7.0;complete;IN_PROGRESS;DONE;;;;2026-08-22 22:46:51.617667
1929;294;;begin_review;DONE;AI_REVIEW;;;;2026-08-22 22:46:51.617667
1930;294;4.0;close;AI_REVIEW;CLOSED;;;;2026-08-23 00:06:15.108850
1931;295;3.0;create;;ISSUED;;;{'priority': 'normal'};2026-08-23 03:08:31.861209
1932;295;10.0;accept;ISSUED;ACCEPTED;;;;2026-08-23 03:31:04.267303
1933;295;10.0;start;ACCEPTED;IN_PROGRESS;;;;2026-08-23 03:43:40.990085
1934;295;10.0;complete;IN_PROGRESS;DONE;;;;2026-08-23 05:46:48.561453
1935;295;;begin_review;DONE;AI_REVIEW;;;;2026-08-23 05:46:48.561453
1936;295;;send_to_rework;AI_REVIEW;REWORK;Вердикт ИИ: требует доработки;;;2026-08-23 05:47:03.561453
1937;295;10.0;resume_rework;REWORK;IN_PROGRESS;;;;2026-08-23 06:08:40.352088
1938;295;10.0;complete;IN_PROGRESS;DONE;;;;2026-08-23 07:03:12.184648
1939;295;;begin_review;DONE;AI_REVIEW;;;;2026-08-23 07:03:12.184648
1940;295;3.0;close;AI_REVIEW;CLOSED;;;;2026-08-23 08:16:59.050811
1941;296;3.0;create;;ISSUED;;;{'priority': 'normal'};2026-08-23 09:20:55.043531
1942;296;15.0;queue;ISSUED;QUEUED;;;;2026-08-23 09:23:12.369674
1943;296;15.0;accept;QUEUED;ACCEPTED;;;;2026-08-23 11:29:01.469679
1944;296;15.0;start;ACCEPTED;IN_PROGRESS;;;;2026-08-23 11:44:14.865487
1945;296;15.0;complete;IN_PROGRESS;DONE;;;;2026-08-23 14:48:11.057652
1946;296;;begin_review;DONE;AI_REVIEW;;;;2026-08-23 14:48:11.057652
1947;296;3.0;close;AI_REVIEW;CLOSED;;;;2026-08-23 15:13:41.678278
1948;297;4.0;create;;ISSUED;;;{'priority': 'normal'};2026-08-24 01:45:21.762826
1949;297;7.0;reject;ISSUED;REJECTED;нет материалов;;;2026-08-24 01:52:46.677695
1950;297;4.0;reissue;REJECTED;ISSUED;;;{'to_assignee_id': 8};2026-08-24 01:55:50.276853
1951;297;8.0;queue;ISSUED;QUEUED;;;;2026-08-24 01:58:39.972960
1952;297;8.0;accept;QUEUED;ACCEPTED;;;;2026-08-24 04:21:06.059435
1953;297;8.0;start;ACCEPTED;IN_PROGRESS;;;;2026-08-24 04:33:22.917811
1954;297;8.0;complete;IN_PROGRESS;DONE;;;;2026-08-24 05:49:06.086675
1955;297;;begin_review;DONE;AI_REVIEW;;;;2026-08-24 05:49:06.086675
1956;297;4.0;close;AI_REVIEW;CLOSED;;;;2026-08-24 07:48:20.396528
1957;298;3.0;create;;ISSUED;;;{'priority': 'planned'};2026-08-24 05:04:42.484306
1958;298;10.0;accept;ISSUED;ACCEPTED;;;;2026-08-24 06:14:15.016476
1959;298;10.0;start;ACCEPTED;IN_PROGRESS;;;;2026-08-24 06:20:15.253594
1960;298;10.0;complete;IN_PROGRESS;DONE;;;;2026-08-24 07:12:10.201665
1961;298;;begin_review;DONE;AI_REVIEW;;;;2026-08-24 07:12:10.201665
1962;298;3.0;close;AI_REVIEW;CLOSED;;;;2026-08-24 08:54:43.646534
1963;299;3.0;create;;ISSUED;;;{'priority': 'planned'};2026-08-24 05:39:47.991811
1964;299;5.0;accept;ISSUED;ACCEPTED;;;;2026-08-24 06:09:28.377715
1965;299;5.0;start;ACCEPTED;IN_PROGRESS;;;;2026-08-24 06:22:01.628558
1966;299;5.0;complete;IN_PROGRESS;DONE;;;;2026-08-24 07:37:29.061398
1967;299;;begin_review;DONE;AI_REVIEW;;;;2026-08-24 07:37:29.061398
1968;299;3.0;close;AI_REVIEW;CLOSED;;;;2026-08-24 09:21:46.296253
1969;300;3.0;create;;ISSUED;;;{'priority': 'emergency'};2026-08-24 06:10:37.519036
1970;300;3.0;cancel;ISSUED;CANCELLED;Дубль заявки — работы выполнены по другому наряду;;;2026-08-24 06:17:58.767698
1971;301;4.0;create;;ISSUED;;;{'priority': 'normal'};2026-08-24 15:03:46.435402
1972;301;19.0;accept;ISSUED;ACCEPTED;;;;2026-08-24 15:23:20.108122
1973;301;19.0;start;ACCEPTED;IN_PROGRESS;;;;2026-08-24 15:36:41.616617
1974;301;19.0;complete;IN_PROGRESS;DONE;;;;2026-08-24 19:43:22.957897
1975;301;;begin_review;DONE;AI_REVIEW;;;;2026-08-24 19:43:22.957897
1976;301;4.0;close;AI_REVIEW;CLOSED;;;;2026-08-24 20:05:44.582876
1977;302;4.0;create;;ISSUED;;;{'priority': 'normal'};2026-08-24 17:30:43.634831
1978;302;16.0;accept;ISSUED;ACCEPTED;;;;2026-08-24 17:36:51.261902
1979;302;16.0;start;ACCEPTED;IN_PROGRESS;;;;2026-08-24 17:47:13.176709
1980;302;16.0;complete;IN_PROGRESS;DONE;;;;2026-08-24 22:19:10.745894
1981;302;;begin_review;DONE;AI_REVIEW;;;;2026-08-24 22:19:10.745894
1982;302;4.0;close;AI_REVIEW;CLOSED;;;;2026-08-24 23:54:04.617035
1983;303;3.0;create;;ISSUED;;;{'priority': 'normal'};2026-08-25 03:40:27.960781
1984;303;9.0;accept;ISSUED;ACCEPTED;;;;2026-08-25 03:50:30.293782
1985;303;9.0;start;ACCEPTED;IN_PROGRESS;;;;2026-08-25 03:53:29.297817
1986;303;9.0;complete;IN_PROGRESS;DONE;;;;2026-08-25 09:50:17.606741
1987;303;;begin_review;DONE;AI_REVIEW;;;;2026-08-25 09:50:17.606741
1988;303;3.0;close;AI_REVIEW;CLOSED;;;;2026-08-25 10:02:29.078191
1989;304;3.0;create;;ISSUED;;;{'priority': 'normal'};2026-08-25 05:02:09.316895
1990;304;15.0;accept;ISSUED;ACCEPTED;;;;2026-08-25 05:25:50.257859
1991;304;15.0;start;ACCEPTED;IN_PROGRESS;;;;2026-08-25 05:28:58.799822
1992;304;15.0;complete;IN_PROGRESS;DONE;;;;2026-08-25 09:24:28.200939
1993;304;;begin_review;DONE;AI_REVIEW;;;;2026-08-25 09:24:28.200939
1994;304;3.0;close;AI_REVIEW;CLOSED;;;;2026-08-25 10:27:48.540582
1995;305;3.0;create;;ISSUED;;;{'priority': 'planned'};2026-08-25 05:10:01.437060
1996;305;10.0;queue;ISSUED;QUEUED;;;;2026-08-25 05:16:42.477032
1997;305;10.0;accept;QUEUED;ACCEPTED;;;;2026-08-25 07:06:09.423273
1998;305;10.0;start;ACCEPTED;IN_PROGRESS;;;;2026-08-25 07:08:45.903528
1999;305;10.0;complete;IN_PROGRESS;DONE;;;;2026-08-25 09:02:46.523793
2000;305;;begin_review;DONE;AI_REVIEW;;;;2026-08-25 09:02:46.523793
2001;305;3.0;close;AI_REVIEW;CLOSED;;;;2026-08-25 09:23:17.197844
2002;306;3.0;create;;ISSUED;;;{'priority': 'planned'};2026-08-25 06:52:49.801389
2003;306;17.0;accept;ISSUED;ACCEPTED;;;;2026-08-25 07:27:48.311969
2004;306;17.0;start;ACCEPTED;IN_PROGRESS;;;;2026-08-25 07:35:37.936839
2005;306;17.0;complete;IN_PROGRESS;DONE;;;;2026-08-25 09:36:21.827393
2006;306;;begin_review;DONE;AI_REVIEW;;;;2026-08-25 09:36:21.827393
2007;306;3.0;close;AI_REVIEW;CLOSED;;;;2026-08-25 10:49:44.755192
2008;307;3.0;create;;ISSUED;;;{'priority': 'high'};2026-08-25 10:25:21.339213
2009;307;15.0;accept;ISSUED;ACCEPTED;;;;2026-08-25 10:30:08.473953
2010;307;15.0;start;ACCEPTED;IN_PROGRESS;;;;2026-08-25 10:37:15.650777
2011;307;15.0;complete;IN_PROGRESS;DONE;;;;2026-08-25 13:40:00.937608
2012;307;;begin_review;DONE;AI_REVIEW;;;;2026-08-25 13:40:00.937608
2013;307;3.0;close;AI_REVIEW;CLOSED;;;;2026-08-25 14:39:11.700499
2014;308;3.0;create;;ISSUED;;;{'priority': 'normal'};2026-08-25 11:43:08.016654
2015;308;12.0;accept;ISSUED;ACCEPTED;;;;2026-08-25 12:12:28.840887
2016;308;12.0;start;ACCEPTED;IN_PROGRESS;;;;2026-08-25 12:16:11.861045
2017;308;12.0;complete;IN_PROGRESS;DONE;;;;2026-08-25 13:15:48.447087
2018;308;;begin_review;DONE;AI_REVIEW;;;;2026-08-25 13:15:48.447087
2019;308;3.0;close;AI_REVIEW;CLOSED;;;;2026-08-25 13:53:31.804490
2020;309;3.0;create;;ISSUED;;;{'priority': 'high'};2026-08-25 14:11:48.248402
2021;309;15.0;accept;ISSUED;ACCEPTED;;;;2026-08-25 14:19:47.486456
2022;309;15.0;start;ACCEPTED;IN_PROGRESS;;;;2026-08-25 14:37:28.628605
2023;309;15.0;complete;IN_PROGRESS;DONE;;;;2026-08-25 16:21:42.766333
2024;309;;begin_review;DONE;AI_REVIEW;;;;2026-08-25 16:21:42.766333
2025;309;3.0;close;AI_REVIEW;CLOSED;;;;2026-08-25 16:40:14.295663
2026;310;4.0;create;;ISSUED;;;{'priority': 'normal'};2026-08-26 01:06:17.806425
2027;310;14.0;queue;ISSUED;QUEUED;;;;2026-08-26 01:11:14.111105
2028;310;14.0;accept;QUEUED;ACCEPTED;;;;2026-08-26 03:37:35.058043
2029;310;14.0;start;ACCEPTED;IN_PROGRESS;;;;2026-08-26 03:40:17.244947
2030;310;14.0;complete;IN_PROGRESS;DONE;;;;2026-08-26 06:03:50.550617
2031;310;;begin_review;DONE;AI_REVIEW;;;;2026-08-26 06:03:50.550617
2032;310;4.0;close;AI_REVIEW;CLOSED;;;;2026-08-26 07:21:30.213833
2033;311;3.0;create;;ISSUED;;;{'priority': 'high'};2026-08-26 04:28:35.005777
2034;311;9.0;accept;ISSUED;ACCEPTED;;;;2026-08-26 04:32:37.682882
2035;311;9.0;start;ACCEPTED;IN_PROGRESS;;;;2026-08-26 04:45:40.802689
2036;311;9.0;complete;IN_PROGRESS;DONE;;;;2026-08-26 14:40:25.737721
2037;311;;begin_review;DONE;AI_REVIEW;;;;2026-08-26 14:40:25.737721
2038;311;3.0;close;AI_REVIEW;CLOSED;;;;2026-08-26 15:06:58.041627
2039;312;3.0;create;;ISSUED;;;{'priority': 'high'};2026-08-26 12:05:35.845966
2040;312;5.0;accept;ISSUED;ACCEPTED;;;;2026-08-26 12:14:32.273069
2041;312;5.0;start;ACCEPTED;IN_PROGRESS;;;;2026-08-26 12:26:13.023083
2042;312;5.0;complete;IN_PROGRESS;DONE;;;;2026-08-26 15:11:18.638534
2043;312;;begin_review;DONE;AI_REVIEW;;;;2026-08-26 15:11:18.638534
2044;312;3.0;close;AI_REVIEW;CLOSED;;;;2026-08-26 16:56:48.053380
2045;313;4.0;create;;ISSUED;;;{'priority': 'high'};2026-08-26 18:58:44.701840
2046;313;11.0;accept;ISSUED;ACCEPTED;;;;2026-08-26 19:07:09.661453
2047;313;11.0;start;ACCEPTED;IN_PROGRESS;;;;2026-08-26 19:12:48.456614
2048;313;11.0;complete;IN_PROGRESS;DONE;;;;2026-08-27 03:37:13.179395
2049;313;;begin_review;DONE;AI_REVIEW;;;;2026-08-27 03:37:13.179395
2050;313;4.0;close;AI_REVIEW;CLOSED;;;;2026-08-27 03:47:30.806580
2051;314;4.0;create;;ISSUED;;;{'priority': 'normal'};2026-08-27 01:52:12.755286
2052;314;18.0;queue;ISSUED;QUEUED;;;;2026-08-27 01:54:41.757215
2053;314;18.0;accept;QUEUED;ACCEPTED;;;;2026-08-27 04:08:23.747115
2054;314;18.0;start;ACCEPTED;IN_PROGRESS;;;;2026-08-27 04:16:12.952021
2055;314;18.0;complete;IN_PROGRESS;DONE;;;;2026-08-27 07:18:01.873224
2056;314;;begin_review;DONE;AI_REVIEW;;;;2026-08-27 07:18:01.873224
2057;314;4.0;close;AI_REVIEW;CLOSED;;;;2026-08-27 08:25:26.978874
2058;315;4.0;create;;ISSUED;;;{'priority': 'normal'};2026-08-27 02:21:09.732214
2059;315;7.0;accept;ISSUED;ACCEPTED;;;;2026-08-27 02:43:22.115452
2060;315;7.0;start;ACCEPTED;IN_PROGRESS;;;;2026-08-27 03:00:29.181644
2061;315;7.0;complete;IN_PROGRESS;DONE;;;;2026-08-27 08:49:50.138375
2062;315;;begin_review;DONE;AI_REVIEW;;;;2026-08-27 08:49:50.138375
2063;315;4.0;close;AI_REVIEW;CLOSED;;;;2026-08-27 10:36:13.684295
2064;316;3.0;create;;ISSUED;;;{'priority': 'planned'};2026-08-27 04:16:44.673085
2065;316;5.0;queue;ISSUED;QUEUED;;;;2026-08-27 04:24:28.392472
2066;316;5.0;accept;QUEUED;ACCEPTED;;;;2026-08-27 04:45:51.637361
2067;316;5.0;start;ACCEPTED;IN_PROGRESS;;;;2026-08-27 04:55:49.084374
2068;316;5.0;complete;IN_PROGRESS;DONE;;;;2026-08-27 05:56:34.588482
2069;316;;begin_review;DONE;AI_REVIEW;;;;2026-08-27 05:56:34.588482
2070;316;3.0;close;AI_REVIEW;CLOSED;;;;2026-08-27 06:50:23.328896
2071;317;3.0;create;;ISSUED;;;{'priority': 'planned'};2026-08-27 05:32:11.857759
2072;317;12.0;queue;ISSUED;QUEUED;;;;2026-08-27 05:38:20.835455
2073;317;12.0;accept;QUEUED;ACCEPTED;;;;2026-08-27 06:02:18.162106
2074;317;12.0;start;ACCEPTED;IN_PROGRESS;;;;2026-08-27 06:17:13.633980
2075;317;12.0;complete;IN_PROGRESS;DONE;;;;2026-08-27 07:15:07.282798
2076;317;;begin_review;DONE;AI_REVIEW;;;;2026-08-27 07:15:07.282798
2077;317;3.0;close;AI_REVIEW;CLOSED;;;;2026-08-27 07:28:17.606801
2078;318;3.0;create;;ISSUED;;;{'priority': 'normal'};2026-08-27 05:43:29.566692
2079;318;6.0;accept;ISSUED;ACCEPTED;;;;2026-08-27 06:09:19.767771
2080;318;6.0;start;ACCEPTED;IN_PROGRESS;;;;2026-08-27 06:12:20.299605
2081;318;6.0;pause;IN_PROGRESS;PAUSED;ждёт запчасти;;;2026-08-27 06:52:40.074165
2082;318;6.0;resume;PAUSED;IN_PROGRESS;;;;2026-08-27 08:45:40.074165
2083;318;6.0;complete;IN_PROGRESS;DONE;;;;2026-08-27 09:48:00.699667
2084;318;;begin_review;DONE;AI_REVIEW;;;;2026-08-27 09:48:00.699667
2085;318;;send_to_rework;AI_REVIEW;REWORK;Вердикт ИИ: требует доработки;;;2026-08-27 09:48:15.699667
2086;318;6.0;resume_rework;REWORK;IN_PROGRESS;;;;2026-08-27 09:58:58.213304
2087;318;6.0;complete;IN_PROGRESS;DONE;;;;2026-08-27 11:05:29.093720
2088;318;;begin_review;DONE;AI_REVIEW;;;;2026-08-27 11:05:29.093720
2089;318;3.0;close;AI_REVIEW;CLOSED;;;;2026-08-27 12:46:14.407506
2090;319;3.0;create;;ISSUED;;;{'priority': 'normal'};2026-08-27 07:56:50.252089
2091;319;17.0;accept;ISSUED;ACCEPTED;;;;2026-08-27 08:07:16.603326
2092;319;17.0;start;ACCEPTED;IN_PROGRESS;;;;2026-08-27 08:12:51.181399
2093;319;17.0;complete;IN_PROGRESS;DONE;;;;2026-08-27 13:13:48.415099
2094;319;;begin_review;DONE;AI_REVIEW;;;;2026-08-27 13:13:48.415099
2095;319;3.0;close;AI_REVIEW;CLOSED;;;;2026-08-27 13:33:46.122445
2096;320;4.0;create;;ISSUED;;;{'priority': 'high'};2026-08-27 15:55:45.594731
2097;320;19.0;accept;ISSUED;ACCEPTED;;;;2026-08-27 16:05:25.628272
2098;320;19.0;start;ACCEPTED;IN_PROGRESS;;;;2026-08-27 16:21:37.463885
2099;320;19.0;pause;IN_PROGRESS;PAUSED;ждёт запчасти;;;2026-08-27 18:19:53.222746
2100;320;19.0;resume;PAUSED;IN_PROGRESS;;;;2026-08-27 19:28:53.222746
2101;320;19.0;complete;IN_PROGRESS;DONE;;;;2026-08-27 22:26:22.037765
2102;320;;begin_review;DONE;AI_REVIEW;;;;2026-08-27 22:26:22.037765
2103;320;4.0;close;AI_REVIEW;CLOSED;;;;2026-08-28 00:08:14.854507
2104;321;4.0;create;;ISSUED;;;{'priority': 'emergency'};2026-08-27 16:33:39.156494
2105;321;8.0;accept;ISSUED;ACCEPTED;;;;2026-08-27 16:35:32.244316
2106;321;8.0;start;ACCEPTED;IN_PROGRESS;;;;2026-08-27 16:40:01.511764
2107;321;8.0;complete;IN_PROGRESS;DONE;;;;2026-08-27 19:04:13.859606
2108;321;;begin_review;DONE;AI_REVIEW;;;;2026-08-27 19:04:13.859606
2109;321;;send_to_rework;AI_REVIEW;REWORK;Вердикт ИИ: требует доработки;;;2026-08-27 19:04:28.859606
2110;321;8.0;resume_rework;REWORK;IN_PROGRESS;;;;2026-08-27 19:22:15.972286
2111;321;8.0;complete;IN_PROGRESS;DONE;;;;2026-08-27 20:22:04.559766
2112;321;;begin_review;DONE;AI_REVIEW;;;;2026-08-27 20:22:04.559766
2113;321;4.0;close;AI_REVIEW;CLOSED;;;;2026-08-27 21:47:05.876962
2114;322;4.0;create;;ISSUED;;;{'priority': 'normal'};2026-08-27 23:47:50.849806
2115;322;16.0;accept;ISSUED;ACCEPTED;;;;2026-08-28 00:10:54.723298
2116;322;16.0;start;ACCEPTED;IN_PROGRESS;;;;2026-08-28 00:17:45.189420
2117;322;16.0;complete;IN_PROGRESS;DONE;;;;2026-08-28 02:18:43.582950
2118;322;;begin_review;DONE;AI_REVIEW;;;;2026-08-28 02:18:43.582950
2119;322;4.0;close;AI_REVIEW;CLOSED;;;;2026-08-28 03:41:08.394679
2120;323;3.0;create;;ISSUED;;;{'priority': 'high'};2026-08-28 05:17:27.583763
2121;323;5.0;accept;ISSUED;ACCEPTED;;;;2026-08-28 05:19:32.322744
2122;323;5.0;start;ACCEPTED;IN_PROGRESS;;;;2026-08-28 05:29:07.443128
2123;323;5.0;complete;IN_PROGRESS;DONE;;;;2026-08-28 06:40:57.364242
2124;323;;begin_review;DONE;AI_REVIEW;;;;2026-08-28 06:40:57.364242
2125;323;3.0;close;AI_REVIEW;CLOSED;;;;2026-08-28 07:43:02.939931
2126;324;3.0;create;;ISSUED;;;{'priority': 'planned'};2026-08-28 05:31:37.157729
2127;324;5.0;accept;ISSUED;ACCEPTED;;;;2026-08-28 06:08:38.973380
2128;324;5.0;start;ACCEPTED;IN_PROGRESS;;;;2026-08-28 06:22:51.813689
2129;324;5.0;complete;IN_PROGRESS;DONE;;;;2026-08-28 07:51:31.852368
2130;324;;begin_review;DONE;AI_REVIEW;;;;2026-08-28 07:51:31.852368
2131;324;3.0;close;AI_REVIEW;CLOSED;;;;2026-08-28 09:48:29.875534
2132;325;3.0;create;;ISSUED;;;{'priority': 'normal'};2026-08-28 05:46:16.109658
2133;325;6.0;queue;ISSUED;QUEUED;;;;2026-08-28 05:48:04.924929
2134;325;6.0;accept;QUEUED;ACCEPTED;;;;2026-08-28 07:51:09.259775
2135;325;6.0;start;ACCEPTED;IN_PROGRESS;;;;2026-08-28 07:55:42.037597
2136;325;6.0;complete;IN_PROGRESS;DONE;;;;2026-08-28 13:14:13.786202
2137;325;;begin_review;DONE;AI_REVIEW;;;;2026-08-28 13:14:13.786202
2138;325;3.0;close;AI_REVIEW;CLOSED;;;;2026-08-28 14:05:23.887751
2139;326;4.0;create;;ISSUED;;;{'priority': 'emergency'};2026-08-28 18:07:38.973094
2140;326;18.0;accept;ISSUED;ACCEPTED;;;;2026-08-28 18:10:03.717219
2141;326;18.0;start;ACCEPTED;IN_PROGRESS;;;;2026-08-28 18:14:29.753151
2142;326;18.0;complete;IN_PROGRESS;DONE;;;;2026-08-28 20:39:54.217574
2143;326;;begin_review;DONE;AI_REVIEW;;;;2026-08-28 20:39:54.217574
2144;326;4.0;close;AI_REVIEW;CLOSED;;;;2026-08-28 21:48:39.377719
2145;327;4.0;create;;ISSUED;;;{'priority': 'normal'};2026-08-28 18:08:44.053495
2146;327;11.0;queue;ISSUED;QUEUED;;;;2026-08-28 18:17:42.271085
2147;327;11.0;accept;QUEUED;ACCEPTED;;;;2026-08-28 19:00:51.919338
2148;327;11.0;start;ACCEPTED;IN_PROGRESS;;;;2026-08-28 19:07:05.889526
2149;327;11.0;pause;IN_PROGRESS;PAUSED;ждёт остановки оборудования;;;2026-08-28 20:39:30.354035
2150;327;11.0;resume;PAUSED;IN_PROGRESS;;;;2026-08-28 23:06:30.354035
2151;327;11.0;complete;IN_PROGRESS;DONE;;;;2026-08-29 00:37:04.347148
2152;327;;begin_review;DONE;AI_REVIEW;;;;2026-08-29 00:37:04.347148
2153;327;4.0;close;AI_REVIEW;CLOSED;;;;2026-08-29 01:39:56.650723
2154;328;4.0;create;;ISSUED;;;{'priority': 'normal'};2026-08-28 18:39:34.180151
2155;328;11.0;accept;ISSUED;ACCEPTED;;;;2026-08-28 18:45:26.597652
2156;328;11.0;start;ACCEPTED;IN_PROGRESS;;;;2026-08-28 19:01:57.324903
2157;328;11.0;complete;IN_PROGRESS;DONE;;;;2026-08-28 22:49:33.257021
2158;328;;begin_review;DONE;AI_REVIEW;;;;2026-08-28 22:49:33.257021
2159;328;4.0;close;AI_REVIEW;CLOSED;;;;2026-08-28 23:32:52.756807
2160;329;4.0;create;;ISSUED;;;{'priority': 'normal'};2026-08-28 22:00:12.338913
2161;329;16.0;accept;ISSUED;ACCEPTED;;;;2026-08-28 22:13:16.315924
2162;329;16.0;start;ACCEPTED;IN_PROGRESS;;;;2026-08-28 22:23:47.746992
2163;329;16.0;complete;IN_PROGRESS;DONE;;;;2026-08-29 00:04:59.769766
2164;329;;begin_review;DONE;AI_REVIEW;;;;2026-08-29 00:04:59.769766
2165;329;4.0;close;AI_REVIEW;CLOSED;;;;2026-08-29 01:44:24.481488
2166;330;3.0;create;;ISSUED;;;{'priority': 'normal'};2026-08-29 05:31:00.023064
2167;330;10.0;queue;ISSUED;QUEUED;;;;2026-08-29 05:36:24.418626
2168;330;10.0;accept;QUEUED;ACCEPTED;;;;2026-08-29 06:44:07.830769
2169;330;10.0;start;ACCEPTED;IN_PROGRESS;;;;2026-08-29 07:02:08.129979
2170;330;10.0;complete;IN_PROGRESS;DONE;;;;2026-08-29 13:47:55.877287
2171;330;;begin_review;DONE;AI_REVIEW;;;;2026-08-29 13:47:55.877287
2172;330;3.0;close;AI_REVIEW;CLOSED;;;;2026-08-29 14:56:22.249619
2173;331;3.0;create;;ISSUED;;;{'priority': 'planned'};2026-08-29 08:45:19.729739
2174;331;17.0;queue;ISSUED;QUEUED;;;;2026-08-29 08:47:10.798929
2175;331;17.0;accept;QUEUED;ACCEPTED;;;;2026-08-29 10:41:39.740683
2176;331;17.0;start;ACCEPTED;IN_PROGRESS;;;;2026-08-29 10:55:03.294308
2177;331;17.0;complete;IN_PROGRESS;DONE;;;;2026-08-29 12:49:42.140300
2178;331;;begin_review;DONE;AI_REVIEW;;;;2026-08-29 12:49:42.140300
2179;331;3.0;close;AI_REVIEW;CLOSED;;;;2026-08-29 14:39:05.771455
2180;332;3.0;create;;ISSUED;;;{'priority': 'high'};2026-08-30 04:09:41.004333
2181;332;12.0;accept;ISSUED;ACCEPTED;;;;2026-08-30 04:13:09.054601
2182;332;12.0;start;ACCEPTED;IN_PROGRESS;;;;2026-08-30 04:32:44.045400
2183;332;12.0;complete;IN_PROGRESS;DONE;;;;2026-08-30 11:33:23.567382
2184;332;;begin_review;DONE;AI_REVIEW;;;;2026-08-30 11:33:23.567382
2185;332;3.0;close;AI_REVIEW;CLOSED;;;;2026-08-30 12:31:04.240252
2186;333;3.0;create;;ISSUED;;;{'priority': 'planned'};2026-08-30 04:15:24.418544
2187;333;5.0;accept;ISSUED;ACCEPTED;;;;2026-08-30 05:45:00.026904
2188;333;5.0;start;ACCEPTED;IN_PROGRESS;;;;2026-08-30 05:58:04.854893
2189;333;5.0;complete;IN_PROGRESS;DONE;;;;2026-08-30 07:03:48.551943
2190;333;;begin_review;DONE;AI_REVIEW;;;;2026-08-30 07:03:48.551943
2191;333;3.0;close;AI_REVIEW;CLOSED;;;;2026-08-30 08:27:40.053571
2192;334;3.0;create;;ISSUED;;;{'priority': 'planned'};2026-08-30 06:48:11.601461
2193;334;17.0;accept;ISSUED;ACCEPTED;;;;2026-08-30 07:20:00.462598
2194;334;17.0;start;ACCEPTED;IN_PROGRESS;;;;2026-08-30 07:29:20.220013
2195;334;17.0;complete;IN_PROGRESS;DONE;;;;2026-08-30 08:50:12.036657
2196;334;;begin_review;DONE;AI_REVIEW;;;;2026-08-30 08:50:12.036657
2197;334;3.0;close;AI_REVIEW;CLOSED;;;;2026-08-30 09:24:55.880148
2198;335;3.0;create;;ISSUED;;;{'priority': 'emergency'};2026-08-30 09:38:01.745516
2199;335;9.0;accept;ISSUED;ACCEPTED;;;;2026-08-30 09:39:53.555152
2200;335;9.0;start;ACCEPTED;IN_PROGRESS;;;;2026-08-30 09:44:27.165233
2201;335;9.0;complete;IN_PROGRESS;DONE;;;;2026-08-30 15:35:48.046437
2202;335;;begin_review;DONE;AI_REVIEW;;;;2026-08-30 15:35:48.046437
2203;335;3.0;close;AI_REVIEW;CLOSED;;;;2026-08-30 16:04:30.134946
2204;336;3.0;create;;ISSUED;;;{'priority': 'normal'};2026-08-30 11:09:34.976154
2205;336;10.0;accept;ISSUED;ACCEPTED;;;;2026-08-30 11:14:42.321952
2206;336;10.0;start;ACCEPTED;IN_PROGRESS;;;;2026-08-30 11:25:27.783552
2207;336;10.0;complete;IN_PROGRESS;DONE;;;;2026-08-30 21:43:48.142594
2208;336;;begin_review;DONE;AI_REVIEW;;;;2026-08-30 21:43:48.142594
2209;336;3.0;close;AI_REVIEW;CLOSED;;;;2026-08-30 22:47:47.137980
2210;337;3.0;create;;ISSUED;;;{'priority': 'high'};2026-08-30 13:12:46.968310
2211;337;6.0;accept;ISSUED;ACCEPTED;;;;2026-08-30 13:23:16.769224
2212;337;6.0;start;ACCEPTED;IN_PROGRESS;;;;2026-08-30 13:27:01.507432
2213;337;6.0;complete;IN_PROGRESS;DONE;;;;2026-08-30 15:00:49.603287
2214;337;;begin_review;DONE;AI_REVIEW;;;;2026-08-30 15:00:49.603287
2215;337;3.0;close;AI_REVIEW;CLOSED;;;;2026-08-30 16:26:22.772890
2216;338;3.0;create;;ISSUED;;;{'priority': 'normal'};2026-08-30 14:12:44.235981
2217;338;17.0;queue;ISSUED;QUEUED;;;;2026-08-30 14:17:22.377604
2218;338;17.0;accept;QUEUED;ACCEPTED;;;;2026-08-30 16:15:45.637446
2219;338;17.0;start;ACCEPTED;IN_PROGRESS;;;;2026-08-30 16:22:54.823545
2220;338;17.0;pause;IN_PROGRESS;PAUSED;ждёт остановки оборудования;;;2026-08-30 17:48:59.206884
2221;338;17.0;resume;PAUSED;IN_PROGRESS;;;;2026-08-30 19:41:59.206884
2222;338;17.0;complete;IN_PROGRESS;DONE;;;;2026-08-30 20:57:51.585651
2223;338;;begin_review;DONE;AI_REVIEW;;;;2026-08-30 20:57:51.585651
2224;338;3.0;close;AI_REVIEW;CLOSED;;;;2026-08-30 22:03:13.769933
2225;339;4.0;create;;ISSUED;;;{'priority': 'high'};2026-08-30 21:12:45.824756
2226;339;7.0;accept;ISSUED;ACCEPTED;;;;2026-08-30 21:17:15.789209
2227;339;7.0;start;ACCEPTED;IN_PROGRESS;;;;2026-08-30 21:29:30.639848
2228;339;7.0;complete;IN_PROGRESS;DONE;;;;2026-08-30 22:34:32.302158
2229;339;;begin_review;DONE;AI_REVIEW;;;;2026-08-30 22:34:32.302158
2230;339;4.0;close;AI_REVIEW;CLOSED;;;;2026-08-31 00:20:44.993458
2231;340;4.0;create;;ISSUED;;;{'priority': 'high'};2026-08-30 22:29:35.243700
2232;340;7.0;accept;ISSUED;ACCEPTED;;;;2026-08-30 22:40:31.911095
2233;340;7.0;start;ACCEPTED;IN_PROGRESS;;;;2026-08-30 22:46:15.478948
2234;340;7.0;complete;IN_PROGRESS;DONE;;;;2026-08-30 23:50:38.865252
2235;340;;begin_review;DONE;AI_REVIEW;;;;2026-08-30 23:50:38.865252
2236;340;4.0;close;AI_REVIEW;CLOSED;;;;2026-08-31 01:20:04.370589
2237;341;4.0;create;;ISSUED;;;{'priority': 'high'};2026-08-31 00:30:20.414188
2238;341;7.0;accept;ISSUED;ACCEPTED;;;;2026-08-31 00:37:32.274697
2239;341;7.0;start;ACCEPTED;IN_PROGRESS;;;;2026-08-31 00:48:00.100660
2240;341;7.0;complete;IN_PROGRESS;DONE;;;;2026-08-31 05:55:12.130317
2241;341;;begin_review;DONE;AI_REVIEW;;;;2026-08-31 05:55:12.130317
2242;341;4.0;close;AI_REVIEW;CLOSED;;;;2026-08-31 07:36:18.961395
2243;342;3.0;create;;ISSUED;;;{'priority': 'normal'};2026-08-31 04:31:04.091262
2244;342;5.0;accept;ISSUED;ACCEPTED;;;;2026-08-31 04:45:56.965469
2245;342;5.0;start;ACCEPTED;IN_PROGRESS;;;;2026-08-31 05:02:07.382881
2246;342;5.0;complete;IN_PROGRESS;DONE;;;;2026-08-31 07:02:59.327035
2247;342;;begin_review;DONE;AI_REVIEW;;;;2026-08-31 07:02:59.327035
2248;342;3.0;close;AI_REVIEW;CLOSED;;;;2026-08-31 08:29:17.853012
2249;343;3.0;create;;ISSUED;;;{'priority': 'planned'};2026-08-31 04:45:25.447516
2250;343;6.0;accept;ISSUED;ACCEPTED;;;;2026-08-31 05:15:00.144048
2251;343;6.0;start;ACCEPTED;IN_PROGRESS;;;;2026-08-31 05:21:40.943566
2252;343;6.0;complete;IN_PROGRESS;DONE;;;;2026-08-31 06:11:56.744665
2253;343;;begin_review;DONE;AI_REVIEW;;;;2026-08-31 06:11:56.744665
2254;343;3.0;close;AI_REVIEW;CLOSED;;;;2026-08-31 07:02:44.362048
2255;344;3.0;create;;ISSUED;;;{'priority': 'normal'};2026-08-31 10:18:44.237048
2256;344;15.0;accept;ISSUED;ACCEPTED;;;;2026-08-31 10:29:57.918057
2257;344;15.0;start;ACCEPTED;IN_PROGRESS;;;;2026-08-31 10:44:48.043201
2258;344;15.0;complete;IN_PROGRESS;DONE;;;;2026-08-31 13:30:19.044605
2259;344;;begin_review;DONE;AI_REVIEW;;;;2026-08-31 13:30:19.044605
2260;344;3.0;close;AI_REVIEW;CLOSED;;;;2026-08-31 14:08:51.224343
2261;345;3.0;create;;ISSUED;;;{'priority': 'high'};2026-08-31 14:24:20.465111
2262;345;12.0;accept;ISSUED;ACCEPTED;;;;2026-08-31 14:32:12.746366
2263;345;12.0;start;ACCEPTED;IN_PROGRESS;;;;2026-08-31 14:43:13.929279
2264;345;12.0;complete;IN_PROGRESS;DONE;;;;2026-08-31 16:45:24.864109
2265;345;;begin_review;DONE;AI_REVIEW;;;;2026-08-31 16:45:24.864109
2266;345;3.0;close;AI_REVIEW;CLOSED;;;;2026-08-31 17:18:07.297223
2267;346;4.0;create;;ISSUED;;;{'priority': 'high'};2026-08-31 15:57:26.599738
2268;346;14.0;accept;ISSUED;ACCEPTED;;;;2026-08-31 16:04:02.192765
2269;346;14.0;start;ACCEPTED;IN_PROGRESS;;;;2026-08-31 16:22:27.911471
2270;346;14.0;complete;IN_PROGRESS;DONE;;;;2026-08-31 17:53:49.598442
2271;346;;begin_review;DONE;AI_REVIEW;;;;2026-08-31 17:53:49.598442
2272;346;4.0;close;AI_REVIEW;CLOSED;;;;2026-08-31 19:01:21.060495
2273;347;4.0;create;;ISSUED;;;{'priority': 'normal'};2026-08-31 19:54:28.029859
2274;347;7.0;accept;ISSUED;ACCEPTED;;;;2026-08-31 20:20:37.216485
2275;347;7.0;start;ACCEPTED;IN_PROGRESS;;;;2026-08-31 20:26:43.823610
2276;347;7.0;complete;IN_PROGRESS;DONE;;;;2026-09-01 00:11:31.788253
2277;347;;begin_review;DONE;AI_REVIEW;;;;2026-09-01 00:11:31.788253
2278;347;4.0;close;AI_REVIEW;CLOSED;;;;2026-09-01 00:44:22.819756
2279;348;4.0;create;;ISSUED;;;{'priority': 'normal'};2026-08-31 22:02:44.865156
2280;348;11.0;accept;ISSUED;ACCEPTED;;;;2026-08-31 22:14:21.415665
2281;348;11.0;start;ACCEPTED;IN_PROGRESS;;;;2026-08-31 22:27:46.033823
2282;348;11.0;pause;IN_PROGRESS;PAUSED;ждёт запчасти;;;2026-08-31 22:49:03.239640
2283;348;11.0;resume;PAUSED;IN_PROGRESS;;;;2026-09-01 00:35:03.239640
2284;348;11.0;complete;IN_PROGRESS;DONE;;;;2026-09-01 01:20:26.941815
2285;348;;begin_review;DONE;AI_REVIEW;;;;2026-09-01 01:20:26.941815
2286;348;4.0;close;AI_REVIEW;CLOSED;;;;2026-09-01 02:15:14.256355
2287;349;4.0;create;;ISSUED;;;{'priority': 'normal'};2026-08-31 22:35:32.184192
2288;349;11.0;accept;ISSUED;ACCEPTED;;;;2026-08-31 22:46:11.868433
2289;349;11.0;start;ACCEPTED;IN_PROGRESS;;;;2026-08-31 22:59:48.770445
2290;349;11.0;complete;IN_PROGRESS;DONE;;;;2026-09-01 03:42:23.952732
2291;349;;begin_review;DONE;AI_REVIEW;;;;2026-09-01 03:42:23.952732
2292;349;4.0;close;AI_REVIEW;CLOSED;;;;2026-09-01 03:59:36.645266
2293;350;3.0;create;;ISSUED;;;{'priority': 'planned'};2026-09-01 04:18:20.442734
2294;350;6.0;queue;ISSUED;QUEUED;;;;2026-09-01 04:27:05.938875
2295;350;6.0;accept;QUEUED;ACCEPTED;;;;2026-09-01 05:31:36.906302
2296;350;6.0;start;ACCEPTED;IN_PROGRESS;;;;2026-09-01 05:45:58.821944
2297;350;6.0;complete;IN_PROGRESS;DONE;;;;2026-09-01 06:58:41.431951
2298;350;;begin_review;DONE;AI_REVIEW;;;;2026-09-01 06:58:41.431951
2299;350;3.0;close;AI_REVIEW;CLOSED;;;;2026-09-01 07:31:49.358665
2300;351;3.0;create;;ISSUED;;;{'priority': 'high'};2026-09-01 11:17:11.197642
2301;351;6.0;accept;ISSUED;ACCEPTED;;;;2026-09-01 11:27:42.612013
2302;351;6.0;start;ACCEPTED;IN_PROGRESS;;;;2026-09-01 11:40:41.545101
2303;351;6.0;complete;IN_PROGRESS;DONE;;;;2026-09-01 19:11:12.430356
2304;351;;begin_review;DONE;AI_REVIEW;;;;2026-09-01 19:11:12.430356
2305;351;3.0;close;AI_REVIEW;CLOSED;;;;2026-09-01 20:04:29.808916
2306;352;3.0;create;;ISSUED;;;{'priority': 'normal'};2026-09-01 11:44:18.913994
2307;352;15.0;accept;ISSUED;ACCEPTED;;;;2026-09-01 11:56:51.765367
2308;352;15.0;start;ACCEPTED;IN_PROGRESS;;;;2026-09-01 12:13:21.565784
2309;352;15.0;complete;IN_PROGRESS;DONE;;;;2026-09-01 14:03:11.394705
2310;352;;begin_review;DONE;AI_REVIEW;;;;2026-09-01 14:03:11.394705
2311;352;3.0;close;AI_REVIEW;CLOSED;;;;2026-09-01 14:30:50.153153
2312;353;4.0;create;;ISSUED;;;{'priority': 'emergency'};2026-09-01 16:09:37.123922
2313;353;11.0;accept;ISSUED;ACCEPTED;;;;2026-09-01 16:12:23.853170
2314;353;11.0;start;ACCEPTED;IN_PROGRESS;;;;2026-09-01 16:18:09.466780
2315;353;11.0;complete;IN_PROGRESS;DONE;;;;2026-09-01 18:00:52.815887
2316;353;;begin_review;DONE;AI_REVIEW;;;;2026-09-01 18:00:52.815887
2317;353;4.0;close;AI_REVIEW;CLOSED;;;;2026-09-01 19:31:26.979423
2318;354;3.0;create;;ISSUED;;;{'priority': 'planned'};2026-09-02 05:15:17.611500
2319;354;10.0;accept;ISSUED;ACCEPTED;;;;2026-09-02 06:11:13.234478
2320;354;10.0;start;ACCEPTED;IN_PROGRESS;;;;2026-09-02 06:23:20.017774
2321;354;10.0;complete;IN_PROGRESS;DONE;;;;2026-09-02 07:20:44.636129
2322;354;;begin_review;DONE;AI_REVIEW;;;;2026-09-02 07:20:44.636129
2323;354;3.0;close;AI_REVIEW;CLOSED;;;;2026-09-02 08:10:28.751573
2324;355;3.0;create;;ISSUED;;;{'priority': 'planned'};2026-09-02 06:14:10.576122
2325;355;17.0;queue;ISSUED;QUEUED;;;;2026-09-02 06:18:04.060373
2326;355;17.0;accept;QUEUED;ACCEPTED;;;;2026-09-02 07:07:39.982165
2327;355;17.0;start;ACCEPTED;IN_PROGRESS;;;;2026-09-02 07:16:11.162263
2328;355;17.0;complete;IN_PROGRESS;DONE;;;;2026-09-02 08:45:47.793407
2329;355;;begin_review;DONE;AI_REVIEW;;;;2026-09-02 08:45:47.793407
2330;355;3.0;close;AI_REVIEW;CLOSED;;;;2026-09-02 10:24:27.821156
2331;356;3.0;create;;ISSUED;;;{'priority': 'high'};2026-09-02 10:12:46.800646
2332;356;13.0;accept;ISSUED;ACCEPTED;;;;2026-09-02 10:14:56.521408
2333;356;13.0;start;ACCEPTED;IN_PROGRESS;;;;2026-09-02 10:24:48.704878
2334;356;13.0;complete;IN_PROGRESS;DONE;;;;2026-09-02 12:00:08.203855
2335;356;;begin_review;DONE;AI_REVIEW;;;;2026-09-02 12:00:08.203855
2336;356;3.0;close;AI_REVIEW;CLOSED;;;;2026-09-02 13:06:37.306241
2337;357;3.0;create;;ISSUED;;;{'priority': 'normal'};2026-09-02 10:40:37.718129
2338;357;5.0;accept;ISSUED;ACCEPTED;;;;2026-09-02 11:04:20.444891
2339;357;5.0;start;ACCEPTED;IN_PROGRESS;;;;2026-09-02 11:14:05.867358
2340;357;5.0;complete;IN_PROGRESS;DONE;;;;2026-09-02 17:48:55.572475
2341;357;;begin_review;DONE;AI_REVIEW;;;;2026-09-02 17:48:55.572475
2342;357;3.0;close;AI_REVIEW;CLOSED;;;;2026-09-02 18:31:14.743472
2343;358;4.0;create;;ISSUED;;;{'priority': 'normal'};2026-09-02 15:19:42.851531
2344;358;19.0;reject;ISSUED;REJECTED;нет допуска;;;2026-09-02 15:23:03.934308
2345;358;4.0;reissue;REJECTED;ISSUED;;;{'to_assignee_id': 14};2026-09-02 15:28:23.714901
2346;358;14.0;accept;ISSUED;ACCEPTED;;;;2026-09-02 15:40:12.838133
2347;358;14.0;start;ACCEPTED;IN_PROGRESS;;;;2026-09-02 15:50:27.211719
2348;358;14.0;complete;IN_PROGRESS;DONE;;;;2026-09-02 18:39:56.876779
2349;358;;begin_review;DONE;AI_REVIEW;;;;2026-09-02 18:39:56.876779
2350;358;4.0;close;AI_REVIEW;CLOSED;;;;2026-09-02 20:15:41.334015
2351;359;4.0;create;;ISSUED;;;{'priority': 'normal'};2026-09-02 21:30:29.461302
2352;359;19.0;accept;ISSUED;ACCEPTED;;;;2026-09-02 21:39:42.229548
2353;359;19.0;start;ACCEPTED;IN_PROGRESS;;;;2026-09-02 21:45:27.741382
2354;359;19.0;complete;IN_PROGRESS;DONE;;;;2026-09-03 01:59:58.600702
2355;359;;begin_review;DONE;AI_REVIEW;;;;2026-09-03 01:59:58.600702
2356;359;4.0;close;AI_REVIEW;CLOSED;;;;2026-09-03 02:59:07.562457
2357;360;3.0;create;;ISSUED;;;{'priority': 'planned'};2026-09-03 05:24:09.539810
2358;360;6.0;accept;ISSUED;ACCEPTED;;;;2026-09-03 06:21:22.582342
2359;360;6.0;start;ACCEPTED;IN_PROGRESS;;;;2026-09-03 06:25:37.203604
2360;360;6.0;complete;IN_PROGRESS;DONE;;;;2026-09-03 08:00:22.368401
2361;360;;begin_review;DONE;AI_REVIEW;;;;2026-09-03 08:00:22.368401
2362;360;3.0;close;AI_REVIEW;CLOSED;;;;2026-09-03 08:33:30.529645
2363;361;3.0;create;;ISSUED;;;{'priority': 'planned'};2026-09-03 05:25:33.232604
2364;361;5.0;accept;ISSUED;ACCEPTED;;;;2026-09-03 05:55:58.598380
2365;361;5.0;start;ACCEPTED;IN_PROGRESS;;;;2026-09-03 05:59:59.550127
2366;361;5.0;complete;IN_PROGRESS;DONE;;;;2026-09-03 06:58:45.343753
2367;361;;begin_review;DONE;AI_REVIEW;;;;2026-09-03 06:58:45.343753
2368;361;3.0;close;AI_REVIEW;CLOSED;;;;2026-09-03 08:25:53.355718
2369;362;4.0;create;;ISSUED;;;{'priority': 'normal'};2026-09-03 16:06:37.767508
2370;362;11.0;accept;ISSUED;ACCEPTED;;;;2026-09-03 16:29:19.766669
2371;362;11.0;start;ACCEPTED;IN_PROGRESS;;;;2026-09-03 16:47:28.884360
2372;362;11.0;complete;IN_PROGRESS;DONE;;;;2026-09-03 22:51:14.781271
2373;362;;begin_review;DONE;AI_REVIEW;;;;2026-09-03 22:51:14.781271
2374;362;4.0;close;AI_REVIEW;CLOSED;;;;2026-09-04 00:22:51.761298
2375;363;4.0;create;;ISSUED;;;{'priority': 'high'};2026-09-03 17:50:42.215900
2376;363;14.0;accept;ISSUED;ACCEPTED;;;;2026-09-03 17:54:44.662038
2377;363;14.0;start;ACCEPTED;IN_PROGRESS;;;;2026-09-03 18:04:00.608679
2378;363;14.0;complete;IN_PROGRESS;DONE;;;;2026-09-03 21:28:19.202353
2379;363;;begin_review;DONE;AI_REVIEW;;;;2026-09-03 21:28:19.202353
2380;363;4.0;close;AI_REVIEW;CLOSED;;;;2026-09-03 22:16:40.400635
2381;364;3.0;create;;ISSUED;;;{'priority': 'high'};2026-09-04 04:47:15.543465
2382;364;10.0;accept;ISSUED;ACCEPTED;;;;2026-09-04 04:53:24.589571
2383;364;10.0;start;ACCEPTED;IN_PROGRESS;;;;2026-09-04 05:11:34.584443
2384;364;10.0;complete;IN_PROGRESS;DONE;;;;2026-09-04 10:06:18.642479
2385;364;;begin_review;DONE;AI_REVIEW;;;;2026-09-04 10:06:18.642479
2386;364;;send_to_rework;AI_REVIEW;REWORK;Вердикт ИИ: требует доработки;;;2026-09-04 10:06:33.642479
2387;364;10.0;resume_rework;REWORK;IN_PROGRESS;;;;2026-09-04 10:41:12.047606
2388;364;10.0;complete;IN_PROGRESS;DONE;;;;2026-09-04 11:59:22.622893
2389;364;;begin_review;DONE;AI_REVIEW;;;;2026-09-04 11:59:22.622893
2390;364;3.0;close;AI_REVIEW;CLOSED;;;;2026-09-04 12:23:39.353134
2391;365;3.0;create;;ISSUED;;;{'priority': 'planned'};2026-09-04 04:56:45.405189
2392;365;10.0;queue;ISSUED;QUEUED;;;;2026-09-04 04:58:36.591352
2393;365;10.0;accept;QUEUED;ACCEPTED;;;;2026-09-04 06:11:06.531904
2394;365;10.0;start;ACCEPTED;IN_PROGRESS;;;;2026-09-04 06:29:04.403261
2395;365;10.0;complete;IN_PROGRESS;DONE;;;;2026-09-04 07:16:01.948479
2396;365;;begin_review;DONE;AI_REVIEW;;;;2026-09-04 07:16:01.948479
2397;365;3.0;close;AI_REVIEW;CLOSED;;;;2026-09-04 07:40:31.215320
2398;366;3.0;create;;ISSUED;;;{'priority': 'planned'};2026-09-04 05:18:39.158390
2399;366;12.0;queue;ISSUED;QUEUED;;;;2026-09-04 05:26:16.819966
2400;366;12.0;accept;QUEUED;ACCEPTED;;;;2026-09-04 07:36:52.657642
2401;366;12.0;start;ACCEPTED;IN_PROGRESS;;;;2026-09-04 07:52:20.428460
2402;366;12.0;complete;IN_PROGRESS;DONE;;;;2026-09-04 09:21:03.742150
2403;366;;begin_review;DONE;AI_REVIEW;;;;2026-09-04 09:21:03.742150
2404;366;3.0;close;AI_REVIEW;CLOSED;;;;2026-09-04 09:32:21.044720
2405;367;3.0;create;;ISSUED;;;{'priority': 'planned'};2026-09-04 05:21:48.314657
2406;367;12.0;accept;ISSUED;ACCEPTED;;;;2026-09-04 06:22:06.136680
2407;367;12.0;start;ACCEPTED;IN_PROGRESS;;;;2026-09-04 06:38:48.485328
2408;367;12.0;complete;IN_PROGRESS;DONE;;;;2026-09-04 07:43:00.581399
2409;367;;begin_review;DONE;AI_REVIEW;;;;2026-09-04 07:43:00.581399
2410;367;3.0;close;AI_REVIEW;CLOSED;;;;2026-09-04 08:30:06.461701
2411;368;3.0;create;;ISSUED;;;{'priority': 'high'};2026-09-04 05:27:54.125801
2412;368;6.0;accept;ISSUED;ACCEPTED;;;;2026-09-04 05:30:52.027848
2413;368;6.0;start;ACCEPTED;IN_PROGRESS;;;;2026-09-04 05:48:16.739383
2414;368;6.0;complete;IN_PROGRESS;DONE;;;;2026-09-04 09:21:57.976848
2415;368;;begin_review;DONE;AI_REVIEW;;;;2026-09-04 09:21:57.976848
2416;368;3.0;close;AI_REVIEW;CLOSED;;;;2026-09-04 09:45:51.551922
2417;369;3.0;create;;ISSUED;;;{'priority': 'normal'};2026-09-04 07:43:27.477403
2418;369;15.0;accept;ISSUED;ACCEPTED;;;;2026-09-04 08:12:32.871337
2419;369;15.0;start;ACCEPTED;IN_PROGRESS;;;;2026-09-04 08:32:02.285484
2420;369;15.0;complete;IN_PROGRESS;DONE;;;;2026-09-04 15:50:09.929942
2421;369;;begin_review;DONE;AI_REVIEW;;;;2026-09-04 15:50:09.929942
2422;369;3.0;close;AI_REVIEW;CLOSED;;;;2026-09-04 16:25:30.725339
2423;370;3.0;create;;ISSUED;;;{'priority': 'normal'};2026-09-04 09:18:01.898755
2424;370;17.0;queue;ISSUED;QUEUED;;;;2026-09-04 09:24:44.427570
2425;370;17.0;accept;QUEUED;ACCEPTED;;;;2026-09-04 11:05:06.264819
2426;370;17.0;start;ACCEPTED;IN_PROGRESS;;;;2026-09-04 11:22:16.962715
2427;370;17.0;complete;IN_PROGRESS;DONE;;;;2026-09-04 17:08:08.446453
2428;370;;begin_review;DONE;AI_REVIEW;;;;2026-09-04 17:08:08.446453
2429;370;3.0;close;AI_REVIEW;CLOSED;;;;2026-09-04 18:37:30.660929
2430;371;4.0;create;;ISSUED;;;{'priority': 'normal'};2026-09-04 19:21:41.530521
2431;371;11.0;accept;ISSUED;ACCEPTED;;;;2026-09-04 19:30:19.713296
2432;371;11.0;start;ACCEPTED;IN_PROGRESS;;;;2026-09-04 19:45:31.850626
2433;371;11.0;complete;IN_PROGRESS;DONE;;;;2026-09-04 23:57:25.617061
2434;371;;begin_review;DONE;AI_REVIEW;;;;2026-09-04 23:57:25.617061
2435;371;4.0;close;AI_REVIEW;CLOSED;;;;2026-09-05 00:34:46.200854
2436;372;3.0;create;;ISSUED;;;{'priority': 'high'};2026-09-05 03:09:31.047825
2437;372;9.0;accept;ISSUED;ACCEPTED;;;;2026-09-05 03:18:46.635202
2438;372;9.0;start;ACCEPTED;IN_PROGRESS;;;;2026-09-05 03:31:19.439309
2439;372;9.0;complete;IN_PROGRESS;DONE;;;;2026-09-05 07:57:41.281103
2440;372;;begin_review;DONE;AI_REVIEW;;;;2026-09-05 07:57:41.281103
2441;372;3.0;close;AI_REVIEW;CLOSED;;;;2026-09-05 09:07:13.593675
2442;373;3.0;create;;ISSUED;;;{'priority': 'planned'};2026-09-05 04:08:34.098069
2443;373;12.0;accept;ISSUED;ACCEPTED;;;;2026-09-05 05:18:54.499305
2444;373;12.0;start;ACCEPTED;IN_PROGRESS;;;;2026-09-05 05:33:52.106669
2445;373;12.0;complete;IN_PROGRESS;DONE;;;;2026-09-05 06:17:39.762916
2446;373;;begin_review;DONE;AI_REVIEW;;;;2026-09-05 06:17:39.762916
2447;373;3.0;close;AI_REVIEW;CLOSED;;;;2026-09-05 06:38:59.894009
2448;374;3.0;create;;ISSUED;;;{'priority': 'normal'};2026-09-05 04:55:30.145101
2449;374;12.0;accept;ISSUED;ACCEPTED;;;;2026-09-05 05:17:26.735556
2450;374;12.0;start;ACCEPTED;IN_PROGRESS;;;;2026-09-05 05:27:13.811055
2451;374;12.0;complete;IN_PROGRESS;DONE;;;;2026-09-05 14:17:55.025615
2452;374;;begin_review;DONE;AI_REVIEW;;;;2026-09-05 14:17:55.025615
2453;374;3.0;close;AI_REVIEW;CLOSED;;;;2026-09-05 15:53:49.110335
2454;375;3.0;create;;ISSUED;;;{'priority': 'normal'};2026-09-05 06:36:35.906917
2455;375;12.0;accept;ISSUED;ACCEPTED;;;;2026-09-05 06:40:44.110912
2456;375;12.0;start;ACCEPTED;IN_PROGRESS;;;;2026-09-05 06:44:40.532406
2457;375;12.0;pause;IN_PROGRESS;PAUSED;ждёт запчасти;;;2026-09-05 07:07:10.328246
2458;375;12.0;resume;PAUSED;IN_PROGRESS;;;;2026-09-05 08:23:10.328246
2459;375;12.0;complete;IN_PROGRESS;DONE;;;;2026-09-05 09:22:55.457760
2460;375;;begin_review;DONE;AI_REVIEW;;;;2026-09-05 09:22:55.457760
2461;375;3.0;close;AI_REVIEW;CLOSED;;;;2026-09-05 10:21:21.075310
2462;376;3.0;create;;ISSUED;;;{'priority': 'high'};2026-09-05 09:54:16.977777
2463;376;12.0;accept;ISSUED;ACCEPTED;;;;2026-09-05 10:02:33.848787
2464;376;12.0;start;ACCEPTED;IN_PROGRESS;;;;2026-09-05 10:18:33.690021
2465;376;12.0;complete;IN_PROGRESS;DONE;;;;2026-09-05 13:34:12.434400
2466;376;;begin_review;DONE;AI_REVIEW;;;;2026-09-05 13:34:12.434400
2467;376;;send_to_rework;AI_REVIEW;REWORK;Вердикт ИИ: требует доработки;;;2026-09-05 13:34:27.434400
2468;376;12.0;resume_rework;REWORK;IN_PROGRESS;;;;2026-09-05 14:02:23.201198
2469;376;12.0;complete;IN_PROGRESS;DONE;;;;2026-09-05 15:10:11.850331
2470;376;;begin_review;DONE;AI_REVIEW;;;;2026-09-05 15:10:11.850331
2471;376;3.0;close;AI_REVIEW;CLOSED;;;;2026-09-05 16:46:24.335025
2472;377;4.0;create;;ISSUED;;;{'priority': 'emergency'};2026-09-05 18:37:38.259907
2473;377;11.0;accept;ISSUED;ACCEPTED;;;;2026-09-05 18:40:32.525226
2474;377;11.0;start;ACCEPTED;IN_PROGRESS;;;;2026-09-05 18:45:23.108568
2475;377;11.0;complete;IN_PROGRESS;DONE;;;;2026-09-05 21:31:17.106442
2476;377;;begin_review;DONE;AI_REVIEW;;;;2026-09-05 21:31:17.106442
2477;377;4.0;close;AI_REVIEW;CLOSED;;;;2026-09-05 21:52:25.674349
2478;378;3.0;create;;ISSUED;;;{'priority': 'planned'};2026-09-06 04:08:30.172919
2479;378;10.0;accept;ISSUED;ACCEPTED;;;;2026-09-06 04:58:16.697846
2480;378;10.0;start;ACCEPTED;IN_PROGRESS;;;;2026-09-06 05:03:37.785363
2481;378;10.0;complete;IN_PROGRESS;DONE;;;;2026-09-06 05:59:12.226932
2482;378;;begin_review;DONE;AI_REVIEW;;;;2026-09-06 05:59:12.226932
2483;378;3.0;close;AI_REVIEW;CLOSED;;;;2026-09-06 07:13:12.416047
2484;379;3.0;create;;ISSUED;;;{'priority': 'planned'};2026-09-06 04:27:36.826075
2485;379;6.0;accept;ISSUED;ACCEPTED;;;;2026-09-06 05:09:27.087990
2486;379;6.0;start;ACCEPTED;IN_PROGRESS;;;;2026-09-06 05:23:58.374964
2487;379;6.0;complete;IN_PROGRESS;DONE;;;;2026-09-06 06:15:08.609472
2488;379;;begin_review;DONE;AI_REVIEW;;;;2026-09-06 06:15:08.609472
2489;379;3.0;close;AI_REVIEW;CLOSED;;;;2026-09-06 06:36:32.541247
2490;380;3.0;create;;ISSUED;;;{'priority': 'planned'};2026-09-06 04:29:35.718055
2491;380;12.0;accept;ISSUED;ACCEPTED;;;;2026-09-06 05:05:30.132280
2492;380;12.0;start;ACCEPTED;IN_PROGRESS;;;;2026-09-06 05:11:32.943125
2493;380;12.0;complete;IN_PROGRESS;DONE;;;;2026-09-06 06:25:24.168671
2494;380;;begin_review;DONE;AI_REVIEW;;;;2026-09-06 06:25:24.168671
2495;380;3.0;close;AI_REVIEW;CLOSED;;;;2026-09-06 07:00:14.664173
2496;381;3.0;create;;ISSUED;;;{'priority': 'planned'};2026-09-06 04:54:10.700218
2497;381;5.0;queue;ISSUED;QUEUED;;;;2026-09-06 05:03:51.579079
2498;381;5.0;accept;QUEUED;ACCEPTED;;;;2026-09-06 07:15:20.323558
2499;381;5.0;start;ACCEPTED;IN_PROGRESS;;;;2026-09-06 07:26:02.258710
2500;381;5.0;complete;IN_PROGRESS;DONE;;;;2026-09-06 08:22:12.006578
2501;381;;begin_review;DONE;AI_REVIEW;;;;2026-09-06 08:22:12.006578
2502;381;3.0;close;AI_REVIEW;CLOSED;;;;2026-09-06 10:20:12.653445
2503;382;3.0;create;;ISSUED;;;{'priority': 'planned'};2026-09-06 05:09:16.935446
2504;382;6.0;accept;ISSUED;ACCEPTED;;;;2026-09-06 06:33:19.363437
2505;382;6.0;start;ACCEPTED;IN_PROGRESS;;;;2026-09-06 06:39:32.845710
2506;382;6.0;complete;IN_PROGRESS;DONE;;;;2026-09-06 07:40:49.281193
2507;382;;begin_review;DONE;AI_REVIEW;;;;2026-09-06 07:40:49.281193
2508;382;3.0;close;AI_REVIEW;CLOSED;;;;2026-09-06 08:49:42.656625
2509;383;3.0;create;;ISSUED;;;{'priority': 'planned'};2026-09-06 07:24:14.938788
2510;383;15.0;accept;ISSUED;ACCEPTED;;;;2026-09-06 08:31:51.448772
2511;383;15.0;start;ACCEPTED;IN_PROGRESS;;;;2026-09-06 08:46:46.418471
2512;383;15.0;complete;IN_PROGRESS;DONE;;;;2026-09-06 11:07:03.277669
2513;383;;begin_review;DONE;AI_REVIEW;;;;2026-09-06 11:07:03.277669
2514;383;3.0;close;AI_REVIEW;CLOSED;;;;2026-09-06 12:05:13.225960
2515;384;3.0;create;;ISSUED;;;{'priority': 'normal'};2026-09-06 10:13:42.826817
2516;384;12.0;accept;ISSUED;ACCEPTED;;;;2026-09-06 10:31:48.400404
2517;384;12.0;start;ACCEPTED;IN_PROGRESS;;;;2026-09-06 10:34:50.549831
2518;384;12.0;complete;IN_PROGRESS;DONE;;;;2026-09-06 11:09:21.759142
2519;384;;begin_review;DONE;AI_REVIEW;;;;2026-09-06 11:09:21.759142
2520;384;3.0;close;AI_REVIEW;CLOSED;;;;2026-09-06 12:43:26.569434
2521;385;3.0;create;;ISSUED;;;{'priority': 'normal'};2026-09-06 11:24:09.285515
2522;385;6.0;accept;ISSUED;ACCEPTED;;;;2026-09-06 11:45:22.247062
2523;385;6.0;start;ACCEPTED;IN_PROGRESS;;;;2026-09-06 11:53:19.222967
2524;385;6.0;complete;IN_PROGRESS;DONE;;;;2026-09-06 17:07:52.961190
2525;385;;begin_review;DONE;AI_REVIEW;;;;2026-09-06 17:07:52.961190
2526;385;3.0;close;AI_REVIEW;CLOSED;;;;2026-09-06 18:16:09.456253
2527;386;3.0;create;;ISSUED;;;{'priority': 'emergency'};2026-09-06 12:48:12.762486
2528;386;6.0;accept;ISSUED;ACCEPTED;;;;2026-09-06 12:51:01.037070
2529;386;6.0;start;ACCEPTED;IN_PROGRESS;;;;2026-09-06 12:55:48.683371
2530;386;6.0;complete;IN_PROGRESS;DONE;;;;2026-09-06 14:10:22.652570
2531;386;;begin_review;DONE;AI_REVIEW;;;;2026-09-06 14:10:22.652570
2532;386;3.0;close;AI_REVIEW;CLOSED;;;;2026-09-06 15:12:33.742480
2533;387;4.0;create;;ISSUED;;;{'priority': 'emergency'};2026-09-06 19:43:47.168519
2534;387;18.0;accept;ISSUED;ACCEPTED;;;;2026-09-06 19:45:51.096770
2535;387;18.0;start;ACCEPTED;IN_PROGRESS;;;;2026-09-06 19:50:23.275655
2536;387;18.0;complete;IN_PROGRESS;DONE;;;;2026-09-07 00:09:24.251726
2537;387;;begin_review;DONE;AI_REVIEW;;;;2026-09-07 00:09:24.251726
2538;387;4.0;close;AI_REVIEW;CLOSED;;;;2026-09-07 00:26:06.197595
2539;388;4.0;create;;ISSUED;;;{'priority': 'high'};2026-09-07 00:11:45.464165
2540;388;4.0;cancel;ISSUED;CANCELLED;Дубль заявки — работы выполнены по другому наряду;;;2026-09-07 00:51:14.234476
2541;389;3.0;create;;ISSUED;;;{'priority': 'planned'};2026-09-07 04:36:54.101703
2542;389;3.0;cancel;ISSUED;CANCELLED;Дубль заявки — работы выполнены по другому наряду;;;2026-09-07 04:55:22.084095
2543;390;3.0;create;;ISSUED;;;{'priority': 'planned'};2026-09-07 05:00:04.220014
2544;390;10.0;accept;ISSUED;ACCEPTED;;;;2026-09-07 05:40:03.432906
2545;390;10.0;start;ACCEPTED;IN_PROGRESS;;;;2026-09-07 05:43:18.373276
2546;390;10.0;complete;IN_PROGRESS;DONE;;;;2026-09-07 06:22:13.435670
2547;390;;begin_review;DONE;AI_REVIEW;;;;2026-09-07 06:22:13.435670
2548;390;3.0;close;AI_REVIEW;CLOSED;;;;2026-09-07 07:49:55.461606
2549;391;3.0;create;;ISSUED;;;{'priority': 'high'};2026-09-07 06:02:59.795039
2550;391;6.0;accept;ISSUED;ACCEPTED;;;;2026-09-07 06:10:22.348947
2551;391;6.0;start;ACCEPTED;IN_PROGRESS;;;;2026-09-07 06:29:37.022826
2552;391;6.0;complete;IN_PROGRESS;DONE;;;;2026-09-07 07:48:49.778306
2553;391;;begin_review;DONE;AI_REVIEW;;;;2026-09-07 07:48:49.778306
2554;391;3.0;close;AI_REVIEW;CLOSED;;;;2026-09-07 08:59:06.449170
2555;392;3.0;create;;ISSUED;;;{'priority': 'emergency'};2026-09-07 11:47:19.710403
2556;392;12.0;accept;ISSUED;ACCEPTED;;;;2026-09-07 11:50:20.077317
2557;392;12.0;start;ACCEPTED;IN_PROGRESS;;;;2026-09-07 11:51:39.716392
2558;392;12.0;complete;IN_PROGRESS;DONE;;;;2026-09-07 12:43:43.233779
2559;392;;begin_review;DONE;AI_REVIEW;;;;2026-09-07 12:43:43.233779
2560;392;3.0;close;AI_REVIEW;CLOSED;;;;2026-09-07 13:03:43.526709
2561;393;4.0;create;;ISSUED;;;{'priority': 'normal'};2026-09-07 16:35:16.036664
2562;393;19.0;accept;ISSUED;ACCEPTED;;;;2026-09-07 16:52:21.146629
2563;393;19.0;start;ACCEPTED;IN_PROGRESS;;;;2026-09-07 17:07:58.623978
2564;393;19.0;complete;IN_PROGRESS;DONE;;;;2026-09-07 22:38:09.829173
2565;393;;begin_review;DONE;AI_REVIEW;;;;2026-09-07 22:38:09.829173
2566;393;4.0;close;AI_REVIEW;CLOSED;;;;2026-09-08 00:37:18.925739
2567;394;4.0;create;;ISSUED;;;{'priority': 'normal'};2026-09-08 00:03:02.628252
2568;394;11.0;queue;ISSUED;QUEUED;;;;2026-09-08 00:12:33.889374
2569;394;11.0;accept;QUEUED;ACCEPTED;;;;2026-09-08 01:12:29.424053
2570;394;11.0;start;ACCEPTED;IN_PROGRESS;;;;2026-09-08 01:25:03.891501
2571;394;11.0;complete;IN_PROGRESS;DONE;;;;2026-09-08 07:30:31.760536
2572;394;;begin_review;DONE;AI_REVIEW;;;;2026-09-08 07:30:31.760536
2573;394;4.0;close;AI_REVIEW;CLOSED;;;;2026-09-08 08:00:08.475312
2574;395;3.0;create;;ISSUED;;;{'priority': 'planned'};2026-09-08 05:42:38.287591
2575;395;6.0;queue;ISSUED;QUEUED;;;;2026-09-08 05:45:34.113899
2576;395;6.0;accept;QUEUED;ACCEPTED;;;;2026-09-08 07:05:00.537199
2577;395;6.0;start;ACCEPTED;IN_PROGRESS;;;;2026-09-08 07:10:21.099023
2578;395;6.0;complete;IN_PROGRESS;DONE;;;;2026-09-08 07:59:38.056169
2579;395;;begin_review;DONE;AI_REVIEW;;;;2026-09-08 07:59:38.056169
2580;395;3.0;close;AI_REVIEW;CLOSED;;;;2026-09-08 08:10:09.332147
2581;396;3.0;create;;ISSUED;;;{'priority': 'emergency'};2026-09-08 12:43:48.693730
2582;396;6.0;accept;ISSUED;ACCEPTED;;;;2026-09-08 12:47:46.369119
2583;396;6.0;start;ACCEPTED;IN_PROGRESS;;;;2026-09-08 12:52:54.340782
2584;396;6.0;pause;IN_PROGRESS;PAUSED;ждёт запчасти;;;2026-09-08 13:08:42.483254
2585;396;6.0;resume;PAUSED;IN_PROGRESS;;;;2026-09-08 14:57:42.483254
2586;396;6.0;complete;IN_PROGRESS;DONE;;;;2026-09-08 15:38:47.937848
2587;396;;begin_review;DONE;AI_REVIEW;;;;2026-09-08 15:38:47.937848
2588;396;3.0;close;AI_REVIEW;CLOSED;;;;2026-09-08 16:34:32.794486
2589;397;4.0;create;;ISSUED;;;{'priority': 'normal'};2026-09-08 15:55:14.680148
2590;397;16.0;accept;ISSUED;ACCEPTED;;;;2026-09-08 16:11:25.590864
2591;397;16.0;start;ACCEPTED;IN_PROGRESS;;;;2026-09-08 16:24:13.730861
2592;397;16.0;complete;IN_PROGRESS;DONE;;;;2026-09-08 18:36:55.288688
2593;397;;begin_review;DONE;AI_REVIEW;;;;2026-09-08 18:36:55.288688
2594;397;4.0;close;AI_REVIEW;CLOSED;;;;2026-09-08 19:22:55.987216
2595;398;4.0;create;;ISSUED;;;{'priority': 'emergency'};2026-09-08 18:44:23.334510
2596;398;19.0;accept;ISSUED;ACCEPTED;;;;2026-09-08 18:47:32.038718
2597;398;19.0;start;ACCEPTED;IN_PROGRESS;;;;2026-09-08 18:52:00.544488
2598;398;19.0;complete;IN_PROGRESS;DONE;;;;2026-09-08 21:01:46.822800
2599;398;;begin_review;DONE;AI_REVIEW;;;;2026-09-08 21:01:46.822800
2600;398;4.0;close;AI_REVIEW;CLOSED;;;;2026-09-08 23:01:17.508658
2601;399;4.0;create;;ISSUED;;;{'priority': 'high'};2026-09-08 21:22:16.487503
2602;399;8.0;accept;ISSUED;ACCEPTED;;;;2026-09-08 21:26:07.174500
2603;399;8.0;start;ACCEPTED;IN_PROGRESS;;;;2026-09-08 21:41:50.719224
2604;399;8.0;complete;IN_PROGRESS;DONE;;;;2026-09-09 01:20:24.390902
2605;399;;begin_review;DONE;AI_REVIEW;;;;2026-09-09 01:20:24.390902
2606;399;4.0;close;AI_REVIEW;CLOSED;;;;2026-09-09 01:35:13.193025
2607;400;3.0;create;;ISSUED;;;{'priority': 'high'};2026-09-09 04:42:33.405521
2608;400;13.0;accept;ISSUED;ACCEPTED;;;;2026-09-09 04:46:18.722924
2609;400;13.0;start;ACCEPTED;IN_PROGRESS;;;;2026-09-09 04:56:37.721185
2610;400;13.0;complete;IN_PROGRESS;DONE;;;;2026-09-09 07:57:15.247169
2611;400;;begin_review;DONE;AI_REVIEW;;;;2026-09-09 07:57:15.247169
2612;400;3.0;close;AI_REVIEW;CLOSED;;;;2026-09-09 08:14:25.114059
2613;401;4.0;create;;ISSUED;;;{'priority': 'normal'};2026-09-09 16:11:04.585602
2614;401;19.0;accept;ISSUED;ACCEPTED;;;;2026-09-09 16:24:04.588480
2615;401;19.0;start;ACCEPTED;IN_PROGRESS;;;;2026-09-09 16:28:39.553875
2616;401;19.0;complete;IN_PROGRESS;DONE;;;;2026-09-09 17:38:52.037826
2617;401;;begin_review;DONE;AI_REVIEW;;;;2026-09-09 17:38:52.037826
2618;401;4.0;close;AI_REVIEW;CLOSED;;;;2026-09-09 19:29:03.393446
2619;402;4.0;create;;ISSUED;;;{'priority': 'high'};2026-09-10 00:05:32.880667
2620;402;11.0;accept;ISSUED;ACCEPTED;;;;2026-09-10 00:16:39.025315
2621;402;11.0;start;ACCEPTED;IN_PROGRESS;;;;2026-09-10 00:22:55.707887
2622;402;11.0;complete;IN_PROGRESS;DONE;;;;2026-09-10 06:20:45.533607
2623;402;;begin_review;DONE;AI_REVIEW;;;;2026-09-10 06:20:45.533607
2624;402;4.0;close;AI_REVIEW;CLOSED;;;;2026-09-10 07:11:14.849039
2625;403;3.0;create;;ISSUED;;;{'priority': 'planned'};2026-09-10 04:06:42.753222
2626;403;10.0;queue;ISSUED;QUEUED;;;;2026-09-10 04:08:05.732862
2627;403;10.0;accept;QUEUED;ACCEPTED;;;;2026-09-10 05:21:26.630175
2628;403;10.0;start;ACCEPTED;IN_PROGRESS;;;;2026-09-10 05:39:16.819602
2629;403;10.0;complete;IN_PROGRESS;DONE;;;;2026-09-10 06:16:19.443046
2630;403;;begin_review;DONE;AI_REVIEW;;;;2026-09-10 06:16:19.443046
2631;403;3.0;close;AI_REVIEW;CLOSED;;;;2026-09-10 07:39:30.907652
2632;404;3.0;create;;ISSUED;;;{'priority': 'planned'};2026-09-10 04:12:17.965268
2633;404;10.0;queue;ISSUED;QUEUED;;;;2026-09-10 04:15:15.123296
2634;404;10.0;accept;QUEUED;ACCEPTED;;;;2026-09-10 05:00:04.650885
2635;404;10.0;start;ACCEPTED;IN_PROGRESS;;;;2026-09-10 05:05:34.820978
2636;404;10.0;complete;IN_PROGRESS;DONE;;;;2026-09-10 06:47:11.325945
2637;404;;begin_review;DONE;AI_REVIEW;;;;2026-09-10 06:47:11.325945
2638;404;3.0;close;AI_REVIEW;CLOSED;;;;2026-09-10 07:09:08.417145
2639;405;3.0;create;;ISSUED;;;{'priority': 'high'};2026-09-10 13:34:12.901719
2640;405;10.0;accept;ISSUED;ACCEPTED;;;;2026-09-10 13:41:43.917563
2641;405;10.0;start;ACCEPTED;IN_PROGRESS;;;;2026-09-10 13:46:33.174458
2642;405;10.0;complete;IN_PROGRESS;DONE;;;;2026-09-10 19:07:22.956554
2643;405;;begin_review;DONE;AI_REVIEW;;;;2026-09-10 19:07:22.956554
2644;405;3.0;close;AI_REVIEW;CLOSED;;;;2026-09-10 19:52:11.795114
2645;406;4.0;create;;ISSUED;;;{'priority': 'emergency'};2026-09-10 20:45:46.499295
2646;406;8.0;accept;ISSUED;ACCEPTED;;;;2026-09-10 20:48:14.102593
2647;406;8.0;start;ACCEPTED;IN_PROGRESS;;;;2026-09-10 20:52:17.210006
2648;406;8.0;complete;IN_PROGRESS;DONE;;;;2026-09-10 22:50:07.686219
2649;406;;begin_review;DONE;AI_REVIEW;;;;2026-09-10 22:50:07.686219
2650;406;4.0;close;AI_REVIEW;CLOSED;;;;2026-09-11 00:39:19.591015
2651;407;3.0;create;;ISSUED;;;{'priority': 'planned'};2026-09-11 04:07:03.891122
2652;407;10.0;accept;ISSUED;ACCEPTED;;;;2026-09-11 04:22:20.801926
2653;407;10.0;start;ACCEPTED;IN_PROGRESS;;;;2026-09-11 04:35:33.892147
2654;407;10.0;complete;IN_PROGRESS;DONE;;;;2026-09-11 05:33:16.987349
2655;407;;begin_review;DONE;AI_REVIEW;;;;2026-09-11 05:33:16.987349
2656;407;3.0;close;AI_REVIEW;CLOSED;;;;2026-09-11 06:28:20.874629
2657;408;3.0;create;;ISSUED;;;{'priority': 'planned'};2026-09-11 04:12:15.913991
2658;408;6.0;queue;ISSUED;QUEUED;;;;2026-09-11 04:20:53.831133
2659;408;6.0;accept;QUEUED;ACCEPTED;;;;2026-09-11 05:13:19.071552
2660;408;6.0;start;ACCEPTED;IN_PROGRESS;;;;2026-09-11 05:17:21.500827
2661;408;6.0;complete;IN_PROGRESS;DONE;;;;2026-09-11 06:42:12.036549
2662;408;;begin_review;DONE;AI_REVIEW;;;;2026-09-11 06:42:12.036549
2663;408;3.0;close;AI_REVIEW;CLOSED;;;;2026-09-11 06:54:23.090563
2664;409;3.0;create;;ISSUED;;;{'priority': 'high'};2026-09-11 05:22:40.635378
2665;409;10.0;accept;ISSUED;ACCEPTED;;;;2026-09-11 05:25:31.641686
2666;409;10.0;start;ACCEPTED;IN_PROGRESS;;;;2026-09-11 05:34:11.207300
2667;409;10.0;complete;IN_PROGRESS;DONE;;;;2026-09-11 08:13:05.125127
2668;409;;begin_review;DONE;AI_REVIEW;;;;2026-09-11 08:13:05.125127
2669;409;3.0;close;AI_REVIEW;CLOSED;;;;2026-09-11 09:51:00.621743
2670;410;3.0;create;;ISSUED;;;{'priority': 'emergency'};2026-09-11 14:00:07.767073
2671;410;5.0;accept;ISSUED;ACCEPTED;;;;2026-09-11 14:02:22.960032
2672;410;5.0;start;ACCEPTED;IN_PROGRESS;;;;2026-09-11 14:04:13.678080
2673;410;5.0;complete;IN_PROGRESS;DONE;;;;2026-09-11 15:55:07.697961
2674;410;;begin_review;DONE;AI_REVIEW;;;;2026-09-11 15:55:07.697961
2675;410;3.0;close;AI_REVIEW;CLOSED;;;;2026-09-11 17:27:37.682274
2676;411;4.0;create;;ISSUED;;;{'priority': 'normal'};2026-09-11 18:53:31.326837
2677;411;11.0;queue;ISSUED;QUEUED;;;;2026-09-11 19:02:22.228451
2678;411;11.0;accept;QUEUED;ACCEPTED;;;;2026-09-11 21:22:49.280662
2679;411;11.0;start;ACCEPTED;IN_PROGRESS;;;;2026-09-11 21:25:00.812772
2680;411;11.0;complete;IN_PROGRESS;DONE;;;;2026-09-11 23:31:15.550456
2681;411;;begin_review;DONE;AI_REVIEW;;;;2026-09-11 23:31:15.550456
2682;411;4.0;close;AI_REVIEW;CLOSED;;;;2026-09-11 23:55:48.995332
2683;412;4.0;create;;ISSUED;;;{'priority': 'emergency'};2026-09-12 00:38:34.636046
2684;412;16.0;accept;ISSUED;ACCEPTED;;;;2026-09-12 00:41:02.625522
2685;412;16.0;start;ACCEPTED;IN_PROGRESS;;;;2026-09-12 00:43:22.627281
2686;412;16.0;complete;IN_PROGRESS;DONE;;;;2026-09-12 02:48:59.814495
2687;412;;begin_review;DONE;AI_REVIEW;;;;2026-09-12 02:48:59.814495
2688;412;4.0;close;AI_REVIEW;CLOSED;;;;2026-09-12 03:00:03.473105
2689;413;3.0;create;;ISSUED;;;{'priority': 'emergency'};2026-09-12 04:28:29.382336
2690;413;5.0;accept;ISSUED;ACCEPTED;;;;2026-09-12 04:32:06.011063
2691;413;5.0;start;ACCEPTED;IN_PROGRESS;;;;2026-09-12 04:36:11.249264
2692;413;5.0;complete;IN_PROGRESS;DONE;;;;2026-09-12 07:10:30.053192
2693;413;;begin_review;DONE;AI_REVIEW;;;;2026-09-12 07:10:30.053192
2694;413;3.0;close;AI_REVIEW;CLOSED;;;;2026-09-12 09:05:09.239871
2695;414;3.0;create;;ISSUED;;;{'priority': 'planned'};2026-09-12 08:25:02.847920
2696;414;15.0;accept;ISSUED;ACCEPTED;;;;2026-09-12 08:51:51.899316
2697;414;15.0;start;ACCEPTED;IN_PROGRESS;;;;2026-09-12 09:06:46.236827
2698;414;15.0;complete;IN_PROGRESS;DONE;;;;2026-09-12 10:50:34.108343
2699;414;;begin_review;DONE;AI_REVIEW;;;;2026-09-12 10:50:34.108343
2700;414;3.0;close;AI_REVIEW;CLOSED;;;;2026-09-12 11:21:02.136552
2701;415;3.0;create;;ISSUED;;;{'priority': 'planned'};2026-09-12 08:53:35.119385
2702;415;17.0;accept;ISSUED;ACCEPTED;;;;2026-09-12 10:12:27.434236
2703;415;17.0;start;ACCEPTED;IN_PROGRESS;;;;2026-09-12 10:22:25.351871
2704;415;17.0;complete;IN_PROGRESS;DONE;;;;2026-09-12 12:22:53.906241
2705;415;;begin_review;DONE;AI_REVIEW;;;;2026-09-12 12:22:53.906241
2706;415;3.0;close;AI_REVIEW;CLOSED;;;;2026-09-12 12:53:43.587125
2707;416;3.0;create;;ISSUED;;;{'priority': 'normal'};2026-09-12 11:39:03.335052
2708;416;5.0;accept;ISSUED;ACCEPTED;;;;2026-09-12 12:02:28.518763
2709;416;5.0;start;ACCEPTED;IN_PROGRESS;;;;2026-09-12 12:08:34.451552
2710;416;5.0;complete;IN_PROGRESS;DONE;;;;2026-09-12 13:14:40.660455
2711;416;;begin_review;DONE;AI_REVIEW;;;;2026-09-12 13:14:40.660455
2712;416;3.0;close;AI_REVIEW;CLOSED;;;;2026-09-12 13:31:47.372482
2713;417;3.0;create;;ISSUED;;;{'priority': 'emergency'};2026-09-12 14:25:59.798581
2714;417;5.0;accept;ISSUED;ACCEPTED;;;;2026-09-12 14:29:11.723133
2715;417;5.0;start;ACCEPTED;IN_PROGRESS;;;;2026-09-12 14:33:17.676750
2716;417;5.0;pause;IN_PROGRESS;PAUSED;ждёт запчасти;;;2026-09-12 17:40:08.867800
2717;417;5.0;resume;PAUSED;IN_PROGRESS;;;;2026-09-12 18:50:08.867800
2718;417;5.0;complete;IN_PROGRESS;DONE;;;;2026-09-12 22:48:38.418099
2719;417;;begin_review;DONE;AI_REVIEW;;;;2026-09-12 22:48:38.418099
2720;417;3.0;close;AI_REVIEW;CLOSED;;;;2026-09-13 00:22:36.940462
2721;418;4.0;create;;ISSUED;;;{'priority': 'high'};2026-09-12 20:27:54.033114
2722;418;11.0;accept;ISSUED;ACCEPTED;;;;2026-09-12 20:36:48.551885
2723;418;11.0;start;ACCEPTED;IN_PROGRESS;;;;2026-09-12 20:46:11.062874
2724;418;11.0;complete;IN_PROGRESS;DONE;;;;2026-09-13 03:19:13.888023
2725;418;;begin_review;DONE;AI_REVIEW;;;;2026-09-13 03:19:13.888023
2726;418;4.0;close;AI_REVIEW;CLOSED;;;;2026-09-13 05:04:57.541359
2727;419;4.0;create;;ISSUED;;;{'priority': 'emergency'};2026-09-13 00:46:47.702644
2728;419;8.0;accept;ISSUED;ACCEPTED;;;;2026-09-13 00:49:05.891272
2729;419;8.0;start;ACCEPTED;IN_PROGRESS;;;;2026-09-13 00:54:11.112711
2730;419;8.0;pause;IN_PROGRESS;PAUSED;ждёт остановки оборудования;;;2026-09-13 02:56:54.107162
2731;419;8.0;resume;PAUSED;IN_PROGRESS;;;;2026-09-13 04:09:54.107162
2732;419;8.0;complete;IN_PROGRESS;DONE;;;;2026-09-13 06:41:04.539309
2733;419;;begin_review;DONE;AI_REVIEW;;;;2026-09-13 06:41:04.539309
2734;419;4.0;close;AI_REVIEW;CLOSED;;;;2026-09-13 08:04:18.748044
2735;420;3.0;create;;ISSUED;;;{'priority': 'planned'};2026-09-13 04:57:02.033122
2736;420;6.0;queue;ISSUED;QUEUED;;;;2026-09-13 05:00:56.605672
2737;420;6.0;accept;QUEUED;ACCEPTED;;;;2026-09-13 06:22:54.867629
2738;420;6.0;start;ACCEPTED;IN_PROGRESS;;;;2026-09-13 06:30:07.335233
2739;420;6.0;pause;IN_PROGRESS;PAUSED;ждёт запчасти;;;2026-09-13 06:55:01.160861
2740;420;6.0;resume;PAUSED;IN_PROGRESS;;;;2026-09-13 08:08:01.160861
2741;420;6.0;complete;IN_PROGRESS;DONE;;;;2026-09-13 08:58:15.515255
2742;420;;begin_review;DONE;AI_REVIEW;;;;2026-09-13 08:58:15.515255
2743;420;3.0;close;AI_REVIEW;CLOSED;;;;2026-09-13 10:43:18.558996
2744;421;3.0;create;;ISSUED;;;{'priority': 'high'};2026-09-13 08:59:39.793647
2745;421;9.0;accept;ISSUED;ACCEPTED;;;;2026-09-13 09:05:49.993994
2746;421;9.0;start;ACCEPTED;IN_PROGRESS;;;;2026-09-13 09:11:36.206462
2747;421;9.0;complete;IN_PROGRESS;DONE;;;;2026-09-13 14:34:27.379423
2748;421;;begin_review;DONE;AI_REVIEW;;;;2026-09-13 14:34:27.379423
2749;421;3.0;close;AI_REVIEW;CLOSED;;;;2026-09-13 15:47:24.394161
2750;422;4.0;create;;ISSUED;;;{'priority': 'high'};2026-09-13 23:11:46.740589
2751;422;8.0;accept;ISSUED;ACCEPTED;;;;2026-09-13 23:19:24.719401
2752;422;8.0;start;ACCEPTED;IN_PROGRESS;;;;2026-09-13 23:37:26.521016
2753;422;8.0;complete;IN_PROGRESS;DONE;;;;2026-09-14 00:19:54.090772
2754;422;;begin_review;DONE;AI_REVIEW;;;;2026-09-14 00:19:54.090772
2755;422;4.0;close;AI_REVIEW;CLOSED;;;;2026-09-14 01:55:25.150011
2756;423;4.0;create;;ISSUED;;;{'priority': 'emergency'};2026-09-14 02:03:35.533639
2757;423;8.0;accept;ISSUED;ACCEPTED;;;;2026-09-14 02:07:08.132740
2758;423;8.0;start;ACCEPTED;IN_PROGRESS;;;;2026-09-14 02:08:25.839116
2759;423;8.0;complete;IN_PROGRESS;DONE;;;;2026-09-14 03:13:01.261057
2760;423;;begin_review;DONE;AI_REVIEW;;;;2026-09-14 03:13:01.261057
2761;423;4.0;close;AI_REVIEW;CLOSED;;;;2026-09-14 03:29:40.976536
2762;424;3.0;create;;ISSUED;;;{'priority': 'normal'};2026-09-14 05:03:36.610614
2763;424;9.0;accept;ISSUED;ACCEPTED;;;;2026-09-14 05:29:37.986248
2764;424;9.0;start;ACCEPTED;IN_PROGRESS;;;;2026-09-14 05:37:00.017422
2765;424;9.0;pause;IN_PROGRESS;PAUSED;ждёт остановки оборудования;;;2026-09-14 06:44:18.810000
2766;424;9.0;resume;PAUSED;IN_PROGRESS;;;;2026-09-14 07:24:18.810000
2767;424;9.0;complete;IN_PROGRESS;DONE;;;;2026-09-14 08:44:50.694597
2768;424;;begin_review;DONE;AI_REVIEW;;;;2026-09-14 08:44:50.694597
2769;424;3.0;close;AI_REVIEW;CLOSED;;;;2026-09-14 09:44:59.919957
2770;425;3.0;create;;ISSUED;;;{'priority': 'planned'};2026-09-14 05:26:48.138474
2771;425;10.0;accept;ISSUED;ACCEPTED;;;;2026-09-14 05:49:50.063720
2772;425;10.0;start;ACCEPTED;IN_PROGRESS;;;;2026-09-14 05:54:08.882258
2773;425;10.0;complete;IN_PROGRESS;DONE;;;;2026-09-14 07:23:11.580498
2774;425;;begin_review;DONE;AI_REVIEW;;;;2026-09-14 07:23:11.580498
2775;425;3.0;close;AI_REVIEW;CLOSED;;;;2026-09-14 09:05:09.664425
2776;426;3.0;create;;ISSUED;;;{'priority': 'emergency'};2026-09-14 06:42:26.589853
2777;426;5.0;accept;ISSUED;ACCEPTED;;;;2026-09-14 06:45:42.758300
2778;426;5.0;start;ACCEPTED;IN_PROGRESS;;;;2026-09-14 06:46:54.572742
2779;426;5.0;complete;IN_PROGRESS;DONE;;;;2026-09-14 07:48:08.352593
2780;426;;begin_review;DONE;AI_REVIEW;;;;2026-09-14 07:48:08.352593
2781;426;3.0;close;AI_REVIEW;CLOSED;;;;2026-09-14 08:35:20.195718
2782;427;3.0;create;;ISSUED;;;{'priority': 'high'};2026-09-14 08:33:37.041411
2783;427;15.0;accept;ISSUED;ACCEPTED;;;;2026-09-14 08:40:51.849017
2784;427;15.0;start;ACCEPTED;IN_PROGRESS;;;;2026-09-14 08:54:25.013222
2785;427;15.0;complete;IN_PROGRESS;DONE;;;;2026-09-14 10:47:31.659031
2786;427;;begin_review;DONE;AI_REVIEW;;;;2026-09-14 10:47:31.659031
2787;427;3.0;close;AI_REVIEW;CLOSED;;;;2026-09-14 12:14:13.758312
2788;428;3.0;create;;ISSUED;;;{'priority': 'normal'};2026-09-14 10:54:53.204039
2789;428;9.0;accept;ISSUED;ACCEPTED;;;;2026-09-14 11:23:39.366092
2790;428;9.0;start;ACCEPTED;IN_PROGRESS;;;;2026-09-14 11:28:08.053055
2791;428;9.0;complete;IN_PROGRESS;DONE;;;;2026-09-14 14:04:22.172142
2792;428;;begin_review;DONE;AI_REVIEW;;;;2026-09-14 14:04:22.172142
2793;428;3.0;close;AI_REVIEW;CLOSED;;;;2026-09-14 14:18:19.809022
2794;429;3.0;create;;ISSUED;;;{'priority': 'emergency'};2026-09-14 11:51:16.641779
2795;429;6.0;accept;ISSUED;ACCEPTED;;;;2026-09-14 11:53:19.530455
2796;429;6.0;start;ACCEPTED;IN_PROGRESS;;;;2026-09-14 11:54:43.718686
2797;429;6.0;complete;IN_PROGRESS;DONE;;;;2026-09-14 14:05:28.740400
2798;429;;begin_review;DONE;AI_REVIEW;;;;2026-09-14 14:05:28.740400
2799;429;3.0;close;AI_REVIEW;CLOSED;;;;2026-09-14 14:51:27.323751
2800;430;4.0;create;;ISSUED;;;{'priority': 'high'};2026-09-14 21:46:10.966490
2801;430;11.0;accept;ISSUED;ACCEPTED;;;;2026-09-14 21:54:12.987204
2802;430;11.0;start;ACCEPTED;IN_PROGRESS;;;;2026-09-14 22:07:56.508511
2803;430;11.0;complete;IN_PROGRESS;DONE;;;;2026-09-15 02:10:14.562622
2804;430;;begin_review;DONE;AI_REVIEW;;;;2026-09-15 02:10:14.562622
2805;430;4.0;close;AI_REVIEW;CLOSED;;;;2026-09-15 02:26:13.388482
2806;431;4.0;create;;ISSUED;;;{'priority': 'high'};2026-09-14 23:37:33.897251
2807;431;11.0;accept;ISSUED;ACCEPTED;;;;2026-09-14 23:41:22.448739
2808;431;11.0;start;ACCEPTED;IN_PROGRESS;;;;2026-09-14 23:49:23.095314
2809;431;11.0;complete;IN_PROGRESS;DONE;;;;2026-09-15 01:19:19.324371
2810;431;;begin_review;DONE;AI_REVIEW;;;;2026-09-15 01:19:19.324371
2811;431;4.0;close;AI_REVIEW;CLOSED;;;;2026-09-15 03:06:36.445919
2812;432;4.0;create;;ISSUED;;;{'priority': 'normal'};2026-09-15 00:01:08.777898
2813;432;7.0;accept;ISSUED;ACCEPTED;;;;2026-09-15 00:12:20.361308
2814;432;7.0;start;ACCEPTED;IN_PROGRESS;;;;2026-09-15 00:21:12.295897
2815;432;7.0;pause;IN_PROGRESS;PAUSED;ждёт запчасти;;;2026-09-15 01:20:06.363053
2816;432;7.0;resume;PAUSED;IN_PROGRESS;;;;2026-09-15 02:44:06.363053
2817;432;7.0;complete;IN_PROGRESS;DONE;;;;2026-09-15 05:07:32.162147
2818;432;;begin_review;DONE;AI_REVIEW;;;;2026-09-15 05:07:32.162147
2819;432;4.0;close;AI_REVIEW;CLOSED;;;;2026-09-15 07:00:04.983378
2820;433;3.0;create;;ISSUED;;;{'priority': 'planned'};2026-09-15 04:43:26.374395
2821;433;10.0;accept;ISSUED;ACCEPTED;;;;2026-09-15 06:09:38.014363
2822;433;10.0;start;ACCEPTED;IN_PROGRESS;;;;2026-09-15 06:25:54.197891
2823;433;10.0;complete;IN_PROGRESS;DONE;;;;2026-09-15 07:16:12.782353
2824;433;;begin_review;DONE;AI_REVIEW;;;;2026-09-15 07:16:12.782353
2825;433;3.0;close;AI_REVIEW;CLOSED;;;;2026-09-15 08:42:18.672381
2826;434;3.0;create;;ISSUED;;;{'priority': 'planned'};2026-09-15 05:31:30.077761
2827;434;5.0;accept;ISSUED;ACCEPTED;;;;2026-09-15 05:43:53.588712
2828;434;5.0;start;ACCEPTED;IN_PROGRESS;;;;2026-09-15 05:54:50.806023
2829;434;5.0;complete;IN_PROGRESS;DONE;;;;2026-09-15 07:13:27.368771
2830;434;;begin_review;DONE;AI_REVIEW;;;;2026-09-15 07:13:27.368771
2831;434;3.0;close;AI_REVIEW;CLOSED;;;;2026-09-15 07:52:51.446063
2832;435;3.0;create;;ISSUED;;;{'priority': 'normal'};2026-09-15 05:59:30.905219
2833;435;9.0;queue;ISSUED;QUEUED;;;;2026-09-15 06:06:22.003617
2834;435;9.0;accept;QUEUED;ACCEPTED;;;;2026-09-15 08:19:55.466521
2835;435;9.0;start;ACCEPTED;IN_PROGRESS;;;;2026-09-15 08:36:57.690401
2836;435;9.0;complete;IN_PROGRESS;DONE;;;;2026-09-15 10:42:22.645672
2837;435;;begin_review;DONE;AI_REVIEW;;;;2026-09-15 10:42:22.645672
2838;435;3.0;close;AI_REVIEW;CLOSED;;;;2026-09-15 11:27:39.339844
2839;436;3.0;create;;ISSUED;;;{'priority': 'high'};2026-09-15 07:49:10.447862
2840;436;9.0;accept;ISSUED;ACCEPTED;;;;2026-09-15 07:54:38.910134
2841;436;9.0;start;ACCEPTED;IN_PROGRESS;;;;2026-09-15 08:01:54.755632
2842;436;9.0;complete;IN_PROGRESS;DONE;;;;2026-09-15 15:22:38.402333
2843;436;;begin_review;DONE;AI_REVIEW;;;;2026-09-15 15:22:38.402333
2844;436;3.0;close;AI_REVIEW;CLOSED;;;;2026-09-15 17:13:39.173641
2845;437;3.0;create;;ISSUED;;;{'priority': 'planned'};2026-09-15 08:25:16.985351
2846;437;15.0;accept;ISSUED;ACCEPTED;;;;2026-09-15 09:41:50.648188
2847;437;15.0;start;ACCEPTED;IN_PROGRESS;;;;2026-09-15 09:46:42.830395
2848;437;15.0;complete;IN_PROGRESS;DONE;;;;2026-09-15 12:08:29.454159
2849;437;;begin_review;DONE;AI_REVIEW;;;;2026-09-15 12:08:29.454159
2850;437;3.0;close;AI_REVIEW;CLOSED;;;;2026-09-15 13:04:34.696205
2851;438;3.0;create;;ISSUED;;;{'priority': 'normal'};2026-09-15 08:25:27.082528
2852;438;5.0;queue;ISSUED;QUEUED;;;;2026-09-15 08:31:24.324753
2853;438;5.0;accept;QUEUED;ACCEPTED;;;;2026-09-15 10:53:54.185663
2854;438;5.0;start;ACCEPTED;IN_PROGRESS;;;;2026-09-15 11:09:13.073828
2855;438;5.0;complete;IN_PROGRESS;DONE;;;;2026-09-15 12:40:12.381993
2856;438;;begin_review;DONE;AI_REVIEW;;;;2026-09-15 12:40:12.381993
2857;438;3.0;close;AI_REVIEW;CLOSED;;;;2026-09-15 14:05:51.868210
2858;439;3.0;create;;ISSUED;;;{'priority': 'normal'};2026-09-15 08:44:52.929801
2859;439;5.0;accept;ISSUED;ACCEPTED;;;;2026-09-15 09:12:03.209451
2860;439;5.0;start;ACCEPTED;IN_PROGRESS;;;;2026-09-15 09:17:26.607074
2861;439;5.0;complete;IN_PROGRESS;DONE;;;;2026-09-15 15:18:19.130906
2862;439;;begin_review;DONE;AI_REVIEW;;;;2026-09-15 15:18:19.130906
2863;439;3.0;close;AI_REVIEW;CLOSED;;;;2026-09-15 15:41:38.229436
2864;440;3.0;create;;ISSUED;;;{'priority': 'normal'};2026-09-15 08:58:59.940267
2865;440;6.0;queue;ISSUED;QUEUED;;;;2026-09-15 09:08:30.172556
2866;440;6.0;accept;QUEUED;ACCEPTED;;;;2026-09-15 10:54:30.535953
2867;440;6.0;start;ACCEPTED;IN_PROGRESS;;;;2026-09-15 10:56:41.949882
2868;440;6.0;complete;IN_PROGRESS;DONE;;;;2026-09-15 19:32:11.832414
2869;440;;begin_review;DONE;AI_REVIEW;;;;2026-09-15 19:32:11.832414
2870;440;3.0;close;AI_REVIEW;CLOSED;;;;2026-09-15 20:34:17.575837
2871;441;3.0;create;;ISSUED;;;{'priority': 'emergency'};2026-09-15 09:34:16.362333
2872;441;10.0;accept;ISSUED;ACCEPTED;;;;2026-09-15 09:37:02.044782
2873;441;10.0;start;ACCEPTED;IN_PROGRESS;;;;2026-09-15 09:42:26.235507
2874;441;10.0;complete;IN_PROGRESS;DONE;;;;2026-09-15 11:54:27.905091
2875;441;;begin_review;DONE;AI_REVIEW;;;;2026-09-15 11:54:27.905091
2876;441;3.0;close;AI_REVIEW;CLOSED;;;;2026-09-15 12:41:34.630900
2877;442;3.0;create;;ISSUED;;;{'priority': 'normal'};2026-09-16 03:49:45.788421
2878;442;12.0;accept;ISSUED;ACCEPTED;;;;2026-09-16 04:04:56.730784
2879;442;12.0;start;ACCEPTED;IN_PROGRESS;;;;2026-09-16 04:17:59.545418
2880;442;12.0;pause;IN_PROGRESS;PAUSED;ждёт запчасти;;;2026-09-16 04:45:43.352891
2881;442;12.0;resume;PAUSED;IN_PROGRESS;;;;2026-09-16 06:19:43.352891
2882;442;12.0;complete;IN_PROGRESS;DONE;;;;2026-09-16 06:52:16.404089
2883;442;;begin_review;DONE;AI_REVIEW;;;;2026-09-16 06:52:16.404089
2884;442;3.0;close;AI_REVIEW;CLOSED;;;;2026-09-16 08:19:04.633394
2885;443;3.0;create;;ISSUED;;;{'priority': 'high'};2026-09-16 03:52:27.593170
2886;443;10.0;accept;ISSUED;ACCEPTED;;;;2026-09-16 03:57:21.765164
2887;443;10.0;start;ACCEPTED;IN_PROGRESS;;;;2026-09-16 04:05:19.694017
2888;443;10.0;complete;IN_PROGRESS;DONE;;;;2026-09-16 07:17:34.830739
2889;443;;begin_review;DONE;AI_REVIEW;;;;2026-09-16 07:17:34.830739
2890;443;3.0;close;AI_REVIEW;CLOSED;;;;2026-09-16 08:42:42.849433
2891;444;3.0;create;;ISSUED;;;{'priority': 'emergency'};2026-09-16 04:23:03.242669
2892;444;10.0;accept;ISSUED;ACCEPTED;;;;2026-09-16 04:26:28.758001
2893;444;10.0;start;ACCEPTED;IN_PROGRESS;;;;2026-09-16 04:32:13.170343
2894;444;10.0;complete;IN_PROGRESS;DONE;;;;2026-09-16 08:32:48.383907
2895;444;;begin_review;DONE;AI_REVIEW;;;;2026-09-16 08:32:48.383907
2896;444;3.0;close;AI_REVIEW;CLOSED;;;;2026-09-16 09:34:54.526728
2897;445;3.0;create;;ISSUED;;;{'priority': 'planned'};2026-09-16 04:43:46.791689
2898;445;6.0;accept;ISSUED;ACCEPTED;;;;2026-09-16 04:59:08.096728
2899;445;6.0;start;ACCEPTED;IN_PROGRESS;;;;2026-09-16 05:02:42.319120
2900;445;6.0;complete;IN_PROGRESS;DONE;;;;2026-09-16 06:45:47.419854
2901;445;;begin_review;DONE;AI_REVIEW;;;;2026-09-16 06:45:47.419854
2902;445;3.0;close;AI_REVIEW;CLOSED;;;;2026-09-16 07:44:51.693829
2903;446;3.0;create;;ISSUED;;;{'priority': 'planned'};2026-09-16 05:35:02.971423
2904;446;12.0;accept;ISSUED;ACCEPTED;;;;2026-09-16 07:02:43.125222
2905;446;12.0;start;ACCEPTED;IN_PROGRESS;;;;2026-09-16 07:16:31.888935
2906;446;12.0;pause;IN_PROGRESS;PAUSED;ждёт остановки оборудования;;;2026-09-16 07:34:09.564057
2907;446;12.0;resume;PAUSED;IN_PROGRESS;;;;2026-09-16 08:21:09.564057
2908;446;12.0;complete;IN_PROGRESS;DONE;;;;2026-09-16 09:04:59.483817
2909;446;;begin_review;DONE;AI_REVIEW;;;;2026-09-16 09:04:59.483817
2910;446;3.0;close;AI_REVIEW;CLOSED;;;;2026-09-16 09:44:14.341437
2911;447;3.0;create;;ISSUED;;;{'priority': 'normal'};2026-09-16 09:24:09.025864
2912;447;5.0;accept;ISSUED;ACCEPTED;;;;2026-09-16 09:50:23.174675
2913;447;5.0;start;ACCEPTED;IN_PROGRESS;;;;2026-09-16 10:06:48.497990
2914;447;5.0;complete;IN_PROGRESS;DONE;;;;2026-09-16 12:22:12.500854
2915;447;;begin_review;DONE;AI_REVIEW;;;;2026-09-16 12:22:12.500854
2916;447;3.0;close;AI_REVIEW;CLOSED;;;;2026-09-16 13:55:51.919802
2917;448;3.0;create;;ISSUED;;;{'priority': 'high'};2026-09-16 10:00:07.287017
2918;448;10.0;accept;ISSUED;ACCEPTED;;;;2026-09-16 10:09:39.335265
2919;448;10.0;start;ACCEPTED;IN_PROGRESS;;;;2026-09-16 10:26:46.287888
2920;448;10.0;complete;IN_PROGRESS;DONE;;;;2026-09-16 17:47:19.801577
2921;448;;begin_review;DONE;AI_REVIEW;;;;2026-09-16 17:47:19.801577
2922;448;3.0;close;AI_REVIEW;CLOSED;;;;2026-09-16 19:41:45.761759
2923;449;4.0;create;;ISSUED;;;{'priority': 'normal'};2026-09-16 15:44:01.005343
2924;449;19.0;queue;ISSUED;QUEUED;;;;2026-09-16 15:50:24.453923
2925;449;19.0;accept;QUEUED;ACCEPTED;;;;2026-09-16 16:47:47.949814
2926;449;19.0;start;ACCEPTED;IN_PROGRESS;;;;2026-09-16 17:03:42.896917
2927;449;19.0;pause;IN_PROGRESS;PAUSED;ждёт запчасти;;;2026-09-16 17:30:52.016614
2928;449;19.0;resume;PAUSED;IN_PROGRESS;;;;2026-09-16 19:38:52.016614
2929;449;19.0;complete;IN_PROGRESS;DONE;;;;2026-09-16 20:55:04.250191
2930;449;;begin_review;DONE;AI_REVIEW;;;;2026-09-16 20:55:04.250191
2931;449;4.0;close;AI_REVIEW;CLOSED;;;;2026-09-16 21:56:45.668629
2932;450;4.0;create;;ISSUED;;;{'priority': 'normal'};2026-09-16 18:08:33.394093
2933;450;8.0;accept;ISSUED;ACCEPTED;;;;2026-09-16 18:26:40.898138
2934;450;8.0;start;ACCEPTED;IN_PROGRESS;;;;2026-09-16 18:40:57.656633
2935;450;8.0;complete;IN_PROGRESS;DONE;;;;2026-09-16 22:25:52.923129
2936;450;;begin_review;DONE;AI_REVIEW;;;;2026-09-16 22:25:52.923129
2937;450;4.0;close;AI_REVIEW;CLOSED;;;;2026-09-16 23:41:16.186329
2938;451;3.0;create;;ISSUED;;;{'priority': 'planned'};2026-09-17 04:50:20.542711
2939;451;5.0;accept;ISSUED;ACCEPTED;;;;2026-09-17 06:12:55.187340
2940;451;5.0;start;ACCEPTED;IN_PROGRESS;;;;2026-09-17 06:25:06.483459
2941;451;5.0;complete;IN_PROGRESS;DONE;;;;2026-09-17 07:19:07.965562
2942;451;;begin_review;DONE;AI_REVIEW;;;;2026-09-17 07:19:07.965562
2943;451;3.0;close;AI_REVIEW;CLOSED;;;;2026-09-17 08:44:50.957949
2944;452;3.0;create;;ISSUED;;;{'priority': 'normal'};2026-09-17 06:03:12.960091
2945;452;6.0;accept;ISSUED;ACCEPTED;;;;2026-09-17 06:11:44.192559
2946;452;6.0;start;ACCEPTED;IN_PROGRESS;;;;2026-09-17 06:22:03.898226
2947;452;6.0;complete;IN_PROGRESS;DONE;;;;2026-09-17 10:24:42.354621
2948;452;;begin_review;DONE;AI_REVIEW;;;;2026-09-17 10:24:42.354621
2949;452;3.0;close;AI_REVIEW;CLOSED;;;;2026-09-17 12:17:16.748465
2950;453;3.0;create;;ISSUED;;;{'priority': 'high'};2026-09-17 09:30:45.693323
2951;453;12.0;accept;ISSUED;ACCEPTED;;;;2026-09-17 09:34:00.350890
2952;453;12.0;start;ACCEPTED;IN_PROGRESS;;;;2026-09-17 09:42:47.037872
2953;453;12.0;pause;IN_PROGRESS;PAUSED;ждёт остановки оборудования;;;2026-09-17 12:59:26.596098
2954;453;12.0;resume;PAUSED;IN_PROGRESS;;;;2026-09-17 15:27:26.596098
2955;453;12.0;complete;IN_PROGRESS;DONE;;;;2026-09-17 19:11:32.567278
2956;453;;begin_review;DONE;AI_REVIEW;;;;2026-09-17 19:11:32.567278
2957;453;3.0;close;AI_REVIEW;CLOSED;;;;2026-09-17 20:04:06.006243
2958;454;4.0;create;;ISSUED;;;{'priority': 'normal'};2026-09-17 20:04:10.080073
2959;454;7.0;accept;ISSUED;ACCEPTED;;;;2026-09-17 20:08:38.373548
2960;454;7.0;start;ACCEPTED;IN_PROGRESS;;;;2026-09-17 20:25:53.322237
2961;454;7.0;complete;IN_PROGRESS;DONE;;;;2026-09-18 01:38:22.294933
2962;454;;begin_review;DONE;AI_REVIEW;;;;2026-09-18 01:38:22.294933
2963;454;4.0;close;AI_REVIEW;CLOSED;;;;2026-09-18 02:13:43.517923
2964;455;4.0;create;;ISSUED;;;{'priority': 'high'};2026-09-18 00:59:32.461039
2965;455;19.0;accept;ISSUED;ACCEPTED;;;;2026-09-18 01:03:54.278438
2966;455;19.0;start;ACCEPTED;IN_PROGRESS;;;;2026-09-18 01:06:19.068829
2967;455;19.0;complete;IN_PROGRESS;DONE;;;;2026-09-18 04:39:40.714951
2968;455;;begin_review;DONE;AI_REVIEW;;;;2026-09-18 04:39:40.714951
2969;455;4.0;close;AI_REVIEW;CLOSED;;;;2026-09-18 06:22:40.237925
2970;456;3.0;create;;ISSUED;;;{'priority': 'planned'};2026-09-18 05:04:26.186379
2971;456;10.0;accept;ISSUED;ACCEPTED;;;;2026-09-18 06:25:47.235231
2972;456;10.0;start;ACCEPTED;IN_PROGRESS;;;;2026-09-18 06:44:18.270807
2973;456;10.0;complete;IN_PROGRESS;DONE;;;;2026-09-18 07:53:42.372690
2974;456;;begin_review;DONE;AI_REVIEW;;;;2026-09-18 07:53:42.372690
2975;456;3.0;close;AI_REVIEW;CLOSED;;;;2026-09-18 09:41:23.954206
2976;457;4.0;create;;ISSUED;;;{'priority': 'high'};2026-09-18 18:01:05.523741
2977;457;19.0;accept;ISSUED;ACCEPTED;;;;2026-09-18 18:11:54.607523
2978;457;19.0;start;ACCEPTED;IN_PROGRESS;;;;2026-09-18 18:22:45.448936
2979;457;19.0;complete;IN_PROGRESS;DONE;;;;2026-09-18 21:03:28.853396
2980;457;;begin_review;DONE;AI_REVIEW;;;;2026-09-18 21:03:28.853396
2981;457;4.0;close;AI_REVIEW;CLOSED;;;;2026-09-18 21:36:15.917406
2982;458;4.0;create;;ISSUED;;;{'priority': 'normal'};2026-09-18 19:47:34.390927
2983;458;11.0;queue;ISSUED;QUEUED;;;;2026-09-18 19:50:39.074485
2984;458;11.0;accept;QUEUED;ACCEPTED;;;;2026-09-18 21:28:42.472446
2985;458;11.0;start;ACCEPTED;IN_PROGRESS;;;;2026-09-18 21:39:09.762512
2986;458;11.0;complete;IN_PROGRESS;DONE;;;;2026-09-18 22:39:06.031034
2987;458;;begin_review;DONE;AI_REVIEW;;;;2026-09-18 22:39:06.031034
2988;458;4.0;close;AI_REVIEW;CLOSED;;;;2026-09-18 23:27:24.349369
2989;459;4.0;create;;ISSUED;;;{'priority': 'high'};2026-09-18 22:45:07.866702
2990;459;11.0;accept;ISSUED;ACCEPTED;;;;2026-09-18 22:55:40.054870
2991;459;11.0;start;ACCEPTED;IN_PROGRESS;;;;2026-09-18 23:09:16.664534
2992;459;11.0;complete;IN_PROGRESS;DONE;;;;2026-09-19 04:17:40.319711
2993;459;;begin_review;DONE;AI_REVIEW;;;;2026-09-19 04:17:40.319711
2994;459;4.0;close;AI_REVIEW;CLOSED;;;;2026-09-19 05:17:30.785198
2995;460;3.0;create;;ISSUED;;;{'priority': 'planned'};2026-09-19 05:16:11.843675
2996;460;12.0;accept;ISSUED;ACCEPTED;;;;2026-09-19 06:35:52.685511
2997;460;12.0;start;ACCEPTED;IN_PROGRESS;;;;2026-09-19 06:41:13.587187
2998;460;12.0;pause;IN_PROGRESS;PAUSED;ждёт запчасти;;;2026-09-19 07:12:28.552760
2999;460;12.0;resume;PAUSED;IN_PROGRESS;;;;2026-09-19 08:55:28.552760
3000;460;12.0;complete;IN_PROGRESS;DONE;;;;2026-09-19 09:33:10.060458
3001;460;;begin_review;DONE;AI_REVIEW;;;;2026-09-19 09:33:10.060458
3002;460;3.0;close;AI_REVIEW;CLOSED;;;;2026-09-19 11:26:47.366754
3003;461;4.0;create;;ISSUED;;;{'priority': 'high'};2026-09-19 21:35:51.702433
3004;461;8.0;accept;ISSUED;ACCEPTED;;;;2026-09-19 21:45:35.404221
3005;461;8.0;start;ACCEPTED;IN_PROGRESS;;;;2026-09-19 21:52:25.971881
3006;461;8.0;complete;IN_PROGRESS;DONE;;;;2026-09-20 03:13:45.818520
3007;461;;begin_review;DONE;AI_REVIEW;;;;2026-09-20 03:13:45.818520
3008;461;4.0;close;AI_REVIEW;CLOSED;;;;2026-09-20 04:18:51.844896
3009;462;4.0;create;;ISSUED;;;{'priority': 'normal'};2026-09-20 01:25:45.421378
3010;462;7.0;queue;ISSUED;QUEUED;;;;2026-09-20 01:27:56.858509
3011;462;7.0;accept;QUEUED;ACCEPTED;;;;2026-09-20 03:39:58.027176
3012;462;7.0;start;ACCEPTED;IN_PROGRESS;;;;2026-09-20 03:56:59.049490
3013;462;7.0;complete;IN_PROGRESS;DONE;;;;2026-09-20 09:43:38.180077
3014;462;;begin_review;DONE;AI_REVIEW;;;;2026-09-20 09:43:38.180077
3015;462;;send_to_rework;AI_REVIEW;REWORK;Вердикт ИИ: требует доработки;;;2026-09-20 09:43:53.180077
3016;462;7.0;resume_rework;REWORK;IN_PROGRESS;;;;2026-09-20 10:20:19.859233
3017;462;7.0;complete;IN_PROGRESS;DONE;;;;2026-09-20 11:14:37.676609
3018;462;;begin_review;DONE;AI_REVIEW;;;;2026-09-20 11:14:37.676609
3019;462;4.0;close;AI_REVIEW;CLOSED;;;;2026-09-20 12:09:03.406457
3020;463;3.0;create;;ISSUED;;;{'priority': 'high'};2026-09-20 05:18:17.380296
3021;463;12.0;accept;ISSUED;ACCEPTED;;;;2026-09-20 05:24:20.499466
3022;463;12.0;start;ACCEPTED;IN_PROGRESS;;;;2026-09-20 05:30:52.043666
3023;463;12.0;pause;IN_PROGRESS;PAUSED;ждёт остановки оборудования;;;2026-09-20 06:37:53.182010
3024;463;12.0;resume;PAUSED;IN_PROGRESS;;;;2026-09-20 08:54:53.182010
3025;463;12.0;complete;IN_PROGRESS;DONE;;;;2026-09-20 11:26:38.623556
3026;463;;begin_review;DONE;AI_REVIEW;;;;2026-09-20 11:26:38.623556
3027;463;;send_to_rework;AI_REVIEW;REWORK;Вердикт ИИ: требует доработки;;;2026-09-20 11:26:53.623556
3028;463;12.0;resume_rework;REWORK;IN_PROGRESS;;;;2026-09-20 12:15:38.839729
3029;463;12.0;complete;IN_PROGRESS;DONE;;;;2026-09-20 13:28:10.299244
3030;463;;begin_review;DONE;AI_REVIEW;;;;2026-09-20 13:28:10.299244
3031;463;3.0;close;AI_REVIEW;CLOSED;;;;2026-09-20 14:11:23.315360
3032;464;3.0;create;;ISSUED;;;{'priority': 'high'};2026-09-20 12:34:30.814242
3033;464;6.0;accept;ISSUED;ACCEPTED;;;;2026-09-20 12:40:30.357754
3034;464;6.0;start;ACCEPTED;IN_PROGRESS;;;;2026-09-20 12:55:20.279255
3035;464;6.0;complete;IN_PROGRESS;DONE;;;;2026-09-20 14:18:37.232633
3036;464;;begin_review;DONE;AI_REVIEW;;;;2026-09-20 14:18:37.232633
3037;464;3.0;close;AI_REVIEW;CLOSED;;;;2026-09-20 16:06:11.739720
3038;465;4.0;create;;ISSUED;;;{'priority': 'normal'};2026-09-20 21:21:14.539005
3039;465;16.0;accept;ISSUED;ACCEPTED;;;;2026-09-20 21:37:07.454125
3040;465;16.0;start;ACCEPTED;IN_PROGRESS;;;;2026-09-20 21:55:56.149478
3041;465;16.0;complete;IN_PROGRESS;DONE;;;;2026-09-21 04:57:29.386073
3042;465;;begin_review;DONE;AI_REVIEW;;;;2026-09-21 04:57:29.386073
3043;465;;send_to_rework;AI_REVIEW;REWORK;Вердикт ИИ: требует доработки;;;2026-09-21 04:57:44.386073
3044;465;16.0;resume_rework;REWORK;IN_PROGRESS;;;;2026-09-21 05:39:16.409596
3045;465;16.0;complete;IN_PROGRESS;DONE;;;;2026-09-21 06:25:15.728612
3046;465;;begin_review;DONE;AI_REVIEW;;;;2026-09-21 06:25:15.728612
3047;465;4.0;close;AI_REVIEW;CLOSED;;;;2026-09-21 07:42:41.040473
3048;466;4.0;create;;ISSUED;;;{'priority': 'normal'};2026-09-21 01:20:17.833634
3049;466;11.0;accept;ISSUED;ACCEPTED;;;;2026-09-21 01:26:37.576062
3050;466;11.0;start;ACCEPTED;IN_PROGRESS;;;;2026-09-21 01:36:31.045735
3051;466;11.0;pause;IN_PROGRESS;PAUSED;ждёт запчасти;;;2026-09-21 04:36:07.381774
3052;466;11.0;resume;PAUSED;IN_PROGRESS;;;;2026-09-21 05:25:07.381774
3053;466;11.0;complete;IN_PROGRESS;DONE;;;;2026-09-21 09:56:29.695890
3054;466;;begin_review;DONE;AI_REVIEW;;;;2026-09-21 09:56:29.695890
3055;466;4.0;close;AI_REVIEW;CLOSED;;;;2026-09-21 10:11:06.180778
3056;467;3.0;create;;ISSUED;;;{'priority': 'planned'};2026-09-21 04:06:57.061199
3057;467;6.0;queue;ISSUED;QUEUED;;;;2026-09-21 04:11:42.984172
3058;467;6.0;accept;QUEUED;ACCEPTED;;;;2026-09-21 04:56:53.565368
3059;467;6.0;start;ACCEPTED;IN_PROGRESS;;;;2026-09-21 05:13:16.994769
3060;467;6.0;complete;IN_PROGRESS;DONE;;;;2026-09-21 06:36:00.409961
3061;467;;begin_review;DONE;AI_REVIEW;;;;2026-09-21 06:36:00.409961
3062;467;3.0;close;AI_REVIEW;CLOSED;;;;2026-09-21 07:10:06.433339
3063;468;3.0;create;;ISSUED;;;{'priority': 'planned'};2026-09-21 05:06:14.692545
3064;468;5.0;accept;ISSUED;ACCEPTED;;;;2026-09-21 05:22:38.546291
3065;468;5.0;start;ACCEPTED;IN_PROGRESS;;;;2026-09-21 05:32:54.921074
3066;468;5.0;complete;IN_PROGRESS;DONE;;;;2026-09-21 07:11:54.231909
3067;468;;begin_review;DONE;AI_REVIEW;;;;2026-09-21 07:11:54.231909
3068;468;3.0;close;AI_REVIEW;CLOSED;;;;2026-09-21 07:57:49.350159
3069;469;3.0;create;;ISSUED;;;{'priority': 'high'};2026-09-21 05:51:17.865028
3070;469;6.0;accept;ISSUED;ACCEPTED;;;;2026-09-21 06:01:21.578404
3071;469;6.0;start;ACCEPTED;IN_PROGRESS;;;;2026-09-21 06:17:22.138205
3072;469;6.0;complete;IN_PROGRESS;DONE;;;;2026-09-21 08:21:16.707801
3073;469;;begin_review;DONE;AI_REVIEW;;;;2026-09-21 08:21:16.707801
3074;469;3.0;close;AI_REVIEW;CLOSED;;;;2026-09-21 09:32:19.800749
3075;470;3.0;create;;ISSUED;;;{'priority': 'planned'};2026-09-21 06:05:21.809970
3076;470;15.0;queue;ISSUED;QUEUED;;;;2026-09-21 06:14:30.604286
3077;470;15.0;accept;QUEUED;ACCEPTED;;;;2026-09-21 08:34:53.807018
3078;470;15.0;start;ACCEPTED;IN_PROGRESS;;;;2026-09-21 08:49:26.979280
3079;470;15.0;complete;IN_PROGRESS;DONE;;;;2026-09-21 10:50:01.470655
3080;470;;begin_review;DONE;AI_REVIEW;;;;2026-09-21 10:50:01.470655
3081;470;3.0;close;AI_REVIEW;CLOSED;;;;2026-09-21 11:17:53.610792
3082;471;3.0;create;;ISSUED;;;{'priority': 'normal'};2026-09-21 07:04:02.295473
3083;471;10.0;queue;ISSUED;QUEUED;;;;2026-09-21 07:08:41.494814
3084;471;10.0;accept;QUEUED;ACCEPTED;;;;2026-09-21 08:24:52.402952
3085;471;10.0;start;ACCEPTED;IN_PROGRESS;;;;2026-09-21 08:34:19.763684
3086;471;10.0;complete;IN_PROGRESS;DONE;;;;2026-09-21 19:52:01.082701
3087;471;;begin_review;DONE;AI_REVIEW;;;;2026-09-21 19:52:01.082701
3088;471;3.0;close;AI_REVIEW;CLOSED;;;;2026-09-21 21:07:47.764978
3089;472;3.0;create;;ISSUED;;;{'priority': 'planned'};2026-09-21 07:08:18.118771
3090;472;17.0;queue;ISSUED;QUEUED;;;;2026-09-21 07:10:02.566310
3091;472;17.0;accept;QUEUED;ACCEPTED;;;;2026-09-21 09:05:54.521928
3092;472;17.0;start;ACCEPTED;IN_PROGRESS;;;;2026-09-21 09:10:36.571876
3093;472;17.0;complete;IN_PROGRESS;DONE;;;;2026-09-21 10:36:43.010671
3094;472;;begin_review;DONE;AI_REVIEW;;;;2026-09-21 10:36:43.010671
3095;472;3.0;close;AI_REVIEW;CLOSED;;;;2026-09-21 10:46:56.786596
3096;473;3.0;create;;ISSUED;;;{'priority': 'high'};2026-09-21 08:55:32.165688
3097;473;6.0;accept;ISSUED;ACCEPTED;;;;2026-09-21 09:04:23.562710
3098;473;6.0;start;ACCEPTED;IN_PROGRESS;;;;2026-09-21 09:21:16.460677
3099;473;6.0;pause;IN_PROGRESS;PAUSED;ждёт остановки оборудования;;;2026-09-21 11:43:40.607919
3100;473;6.0;resume;PAUSED;IN_PROGRESS;;;;2026-09-21 12:25:40.607919
3101;473;6.0;complete;IN_PROGRESS;DONE;;;;2026-09-21 14:11:53.645998
3102;473;;begin_review;DONE;AI_REVIEW;;;;2026-09-21 14:11:53.645998
3103;473;3.0;close;AI_REVIEW;CLOSED;;;;2026-09-21 15:29:35.517559
3104;474;3.0;create;;ISSUED;;;{'priority': 'normal'};2026-09-21 09:52:19.985832
3105;474;17.0;queue;ISSUED;QUEUED;;;;2026-09-21 09:58:47.316408
3106;474;17.0;accept;QUEUED;ACCEPTED;;;;2026-09-21 10:52:35.177740
3107;474;17.0;start;ACCEPTED;IN_PROGRESS;;;;2026-09-21 11:06:10.118889
3108;474;17.0;complete;IN_PROGRESS;DONE;;;;2026-09-21 12:46:15.490155
3109;474;;begin_review;DONE;AI_REVIEW;;;;2026-09-21 12:46:15.490155
3110;474;3.0;close;AI_REVIEW;CLOSED;;;;2026-09-21 14:08:08.520301
3111;475;3.0;create;;ISSUED;;;{'priority': 'high'};2026-09-21 10:26:55.181116
3112;475;12.0;accept;ISSUED;ACCEPTED;;;;2026-09-21 10:35:34.934335
3113;475;12.0;start;ACCEPTED;IN_PROGRESS;;;;2026-09-21 10:41:22.325403
3114;475;12.0;pause;IN_PROGRESS;PAUSED;ждёт запчасти;;;2026-09-21 10:53:58.052368
3115;475;12.0;resume;PAUSED;IN_PROGRESS;;;;2026-09-21 11:41:58.052368
3116;475;12.0;complete;IN_PROGRESS;DONE;;;;2026-09-21 12:06:56.222124
3117;475;;begin_review;DONE;AI_REVIEW;;;;2026-09-21 12:06:56.222124
3118;475;3.0;close;AI_REVIEW;CLOSED;;;;2026-09-21 13:04:49.432032
3119;476;3.0;create;;ISSUED;;;{'priority': 'normal'};2026-09-21 11:11:00.481433
3120;476;13.0;accept;ISSUED;ACCEPTED;;;;2026-09-21 11:14:55.295962
3121;476;13.0;start;ACCEPTED;IN_PROGRESS;;;;2026-09-21 11:19:44.349395
3122;476;13.0;complete;IN_PROGRESS;DONE;;;;2026-09-21 15:38:53.892650
3123;476;;begin_review;DONE;AI_REVIEW;;;;2026-09-21 15:38:53.892650
3124;476;3.0;close;AI_REVIEW;CLOSED;;;;2026-09-21 17:33:52.203827
3125;477;3.0;create;;ISSUED;;;{'priority': 'normal'};2026-09-21 11:37:08.373101
3126;477;12.0;queue;ISSUED;QUEUED;;;;2026-09-21 11:46:05.851429
3127;477;12.0;accept;QUEUED;ACCEPTED;;;;2026-09-21 12:37:18.033780
3128;477;12.0;start;ACCEPTED;IN_PROGRESS;;;;2026-09-21 12:50:10.269361
3129;477;12.0;complete;IN_PROGRESS;DONE;;;;2026-09-21 14:02:09.664427
3130;477;;begin_review;DONE;AI_REVIEW;;;;2026-09-21 14:02:09.664427
3131;477;3.0;close;AI_REVIEW;CLOSED;;;;2026-09-21 15:42:50.203100
3132;478;4.0;create;;ISSUED;;;{'priority': 'emergency'};2026-09-21 16:40:37.930643
3133;478;8.0;accept;ISSUED;ACCEPTED;;;;2026-09-21 16:43:40.394671
3134;478;8.0;start;ACCEPTED;IN_PROGRESS;;;;2026-09-21 16:48:57.726896
3135;478;8.0;complete;IN_PROGRESS;DONE;;;;2026-09-21 21:30:59.125248
3136;478;;begin_review;DONE;AI_REVIEW;;;;2026-09-21 21:30:59.125248
3137;478;4.0;close;AI_REVIEW;CLOSED;;;;2026-09-21 22:31:11.605265
3138;479;4.0;create;;ISSUED;;;{'priority': 'normal'};2026-09-21 22:12:16.300344
3139;479;16.0;reject;ISSUED;REJECTED;занят аварийным;;;2026-09-21 22:17:48.455638
3140;479;4.0;reissue;REJECTED;ISSUED;;;{'to_assignee_id': 19};2026-09-21 22:28:16.414133
3141;479;19.0;accept;ISSUED;ACCEPTED;;;;2026-09-21 22:55:09.089990
3142;479;19.0;start;ACCEPTED;IN_PROGRESS;;;;2026-09-21 23:07:26.739452
3143;479;19.0;complete;IN_PROGRESS;DONE;;;;2026-09-22 03:17:46.261775
3144;479;;begin_review;DONE;AI_REVIEW;;;;2026-09-22 03:17:46.261775
3145;479;4.0;close;AI_REVIEW;CLOSED;;;;2026-09-22 04:15:04.332782
3146;480;4.0;create;;ISSUED;;;{'priority': 'high'};2026-09-22 02:01:23.010226
3147;480;7.0;accept;ISSUED;ACCEPTED;;;;2026-09-22 02:12:46.960369
3148;480;7.0;start;ACCEPTED;IN_PROGRESS;;;;2026-09-22 02:15:04.611245
3149;480;7.0;complete;IN_PROGRESS;DONE;;;;2026-09-22 10:18:15.654726
3150;480;;begin_review;DONE;AI_REVIEW;;;;2026-09-22 10:18:15.654726
3151;480;4.0;close;AI_REVIEW;CLOSED;;;;2026-09-22 10:47:45.417062
3152;481;3.0;create;;ISSUED;;;{'priority': 'normal'};2026-09-22 04:48:16.793255
3153;481;6.0;accept;ISSUED;ACCEPTED;;;;2026-09-22 05:16:50.250520
3154;481;6.0;start;ACCEPTED;IN_PROGRESS;;;;2026-09-22 05:19:12.596688
3155;481;6.0;complete;IN_PROGRESS;DONE;;;;2026-09-22 09:35:40.899944
3156;481;;begin_review;DONE;AI_REVIEW;;;;2026-09-22 09:35:40.899944
3157;481;3.0;close;AI_REVIEW;CLOSED;;;;2026-09-22 11:21:44.159599
3158;482;3.0;create;;ISSUED;;;{'priority': 'high'};2026-09-22 04:56:35.968314
3159;482;5.0;accept;ISSUED;ACCEPTED;;;;2026-09-22 05:08:02.586655
3160;482;5.0;start;ACCEPTED;IN_PROGRESS;;;;2026-09-22 05:27:24.941823
3161;482;5.0;complete;IN_PROGRESS;DONE;;;;2026-09-22 08:18:30.218720
3162;482;;begin_review;DONE;AI_REVIEW;;;;2026-09-22 08:18:30.218720
3163;482;3.0;close;AI_REVIEW;CLOSED;;;;2026-09-22 08:49:19.599784
3164;483;3.0;create;;ISSUED;;;{'priority': 'normal'};2026-09-22 05:19:10.679852
3165;483;10.0;accept;ISSUED;ACCEPTED;;;;2026-09-22 05:42:52.383812
3166;483;10.0;start;ACCEPTED;IN_PROGRESS;;;;2026-09-22 06:02:43.876629
3167;483;10.0;complete;IN_PROGRESS;DONE;;;;2026-09-22 07:36:30.516137
3168;483;;begin_review;DONE;AI_REVIEW;;;;2026-09-22 07:36:30.516137
3169;483;3.0;close;AI_REVIEW;CLOSED;;;;2026-09-22 08:42:52.486494
3170;484;3.0;create;;ISSUED;;;{'priority': 'high'};2026-09-22 06:29:50.756072
3171;484;10.0;accept;ISSUED;ACCEPTED;;;;2026-09-22 06:37:42.568758
3172;484;10.0;start;ACCEPTED;IN_PROGRESS;;;;2026-09-22 06:52:15.711823
3173;484;10.0;complete;IN_PROGRESS;DONE;;;;2026-09-22 15:00:31.509840
3174;484;;begin_review;DONE;AI_REVIEW;;;;2026-09-22 15:00:31.509840
3175;484;3.0;close;AI_REVIEW;CLOSED;;;;2026-09-22 16:42:39.136011
3176;485;4.0;create;;ISSUED;;;{'priority': 'high'};2026-09-23 00:54:40.259764
3177;485;11.0;accept;ISSUED;ACCEPTED;;;;2026-09-23 01:01:52.568272
3178;485;11.0;start;ACCEPTED;IN_PROGRESS;;;;2026-09-23 01:17:39.983435
3179;485;11.0;complete;IN_PROGRESS;DONE;;;;2026-09-23 05:38:53.308160
3180;485;;begin_review;DONE;AI_REVIEW;;;;2026-09-23 05:38:53.308160
3181;485;4.0;close;AI_REVIEW;CLOSED;;;;2026-09-23 06:00:36.698178
3182;486;4.0;create;;ISSUED;;;{'priority': 'emergency'};2026-09-23 01:56:38.812241
3183;486;11.0;accept;ISSUED;ACCEPTED;;;;2026-09-23 01:58:03.457748
3184;486;11.0;start;ACCEPTED;IN_PROGRESS;;;;2026-09-23 02:00:20.942168
3185;486;11.0;complete;IN_PROGRESS;DONE;;;;2026-09-23 05:44:30.331709
3186;486;;begin_review;DONE;AI_REVIEW;;;;2026-09-23 05:44:30.331709
3187;486;4.0;close;AI_REVIEW;CLOSED;;;;2026-09-23 07:30:09.063949
3188;487;3.0;create;;ISSUED;;;{'priority': 'normal'};2026-09-23 05:52:55.059792
3189;487;5.0;accept;ISSUED;ACCEPTED;;;;2026-09-23 06:04:30.724791
3190;487;5.0;start;ACCEPTED;IN_PROGRESS;;;;2026-09-23 06:08:44.349914
3191;487;5.0;pause;IN_PROGRESS;PAUSED;ждёт остановки оборудования;;;2026-09-23 06:51:54.196280
3192;487;5.0;resume;PAUSED;IN_PROGRESS;;;;2026-09-23 09:08:54.196280
3193;487;5.0;complete;IN_PROGRESS;DONE;;;;2026-09-23 11:27:18.602534
3194;487;;begin_review;DONE;AI_REVIEW;;;;2026-09-23 11:27:18.602534
3195;487;3.0;close;AI_REVIEW;CLOSED;;;;2026-09-23 11:48:21.478274
3196;488;3.0;create;;ISSUED;;;{'priority': 'high'};2026-09-23 06:05:24.890096
3197;488;12.0;accept;ISSUED;ACCEPTED;;;;2026-09-23 06:08:20.670583
3198;488;12.0;start;ACCEPTED;IN_PROGRESS;;;;2026-09-23 06:16:20.598458
3199;488;12.0;pause;IN_PROGRESS;PAUSED;ждёт запчасти;;;2026-09-23 06:55:59.690382
3200;488;12.0;resume;PAUSED;IN_PROGRESS;;;;2026-09-23 07:38:59.690382
3201;488;12.0;complete;IN_PROGRESS;DONE;;;;2026-09-23 08:30:54.407912
3202;488;;begin_review;DONE;AI_REVIEW;;;;2026-09-23 08:30:54.407912
3203;488;3.0;close;AI_REVIEW;CLOSED;;;;2026-09-23 09:01:16.260683
3204;489;3.0;create;;ISSUED;;;{'priority': 'normal'};2026-09-23 08:52:16.681007
3205;489;5.0;queue;ISSUED;QUEUED;;;;2026-09-23 08:59:55.126309
3206;489;5.0;accept;QUEUED;ACCEPTED;;;;2026-09-23 11:06:48.096269
3207;489;5.0;start;ACCEPTED;IN_PROGRESS;;;;2026-09-23 11:21:05.140242
3208;489;5.0;complete;IN_PROGRESS;DONE;;;;2026-09-23 12:09:37.184943
3209;489;;begin_review;DONE;AI_REVIEW;;;;2026-09-23 12:09:37.184943
3210;489;3.0;close;AI_REVIEW;CLOSED;;;;2026-09-23 13:02:20.896463
3211;490;4.0;create;;ISSUED;;;{'priority': 'emergency'};2026-09-23 22:37:50.934202
3212;490;19.0;accept;ISSUED;ACCEPTED;;;;2026-09-23 22:40:03.747909
3213;490;19.0;start;ACCEPTED;IN_PROGRESS;;;;2026-09-23 22:44:00.978948
3214;490;19.0;complete;IN_PROGRESS;DONE;;;;2026-09-24 02:01:53.203346
3215;490;;begin_review;DONE;AI_REVIEW;;;;2026-09-24 02:01:53.203346
3216;490;4.0;close;AI_REVIEW;CLOSED;;;;2026-09-24 03:27:55.783088
3217;491;3.0;create;;ISSUED;;;{'priority': 'planned'};2026-09-24 04:47:52.744560
3218;491;5.0;accept;ISSUED;ACCEPTED;;;;2026-09-24 06:15:15.181506
3219;491;5.0;start;ACCEPTED;IN_PROGRESS;;;;2026-09-24 06:21:43.864049
3220;491;5.0;complete;IN_PROGRESS;DONE;;;;2026-09-24 07:30:11.101426
3221;491;;begin_review;DONE;AI_REVIEW;;;;2026-09-24 07:30:11.101426
3222;491;3.0;close;AI_REVIEW;CLOSED;;;;2026-09-24 08:59:04.862358
3223;492;3.0;create;;ISSUED;;;{'priority': 'planned'};2026-09-24 05:28:52.807762
3224;492;5.0;accept;ISSUED;ACCEPTED;;;;2026-09-24 06:14:38.765380
3225;492;5.0;start;ACCEPTED;IN_PROGRESS;;;;2026-09-24 06:19:17.511940
3226;492;5.0;complete;IN_PROGRESS;DONE;;;;2026-09-24 07:24:21.499363
3227;492;;begin_review;DONE;AI_REVIEW;;;;2026-09-24 07:24:21.499363
3228;492;3.0;close;AI_REVIEW;CLOSED;;;;2026-09-24 08:13:12.475414
3229;493;3.0;create;;ISSUED;;;{'priority': 'planned'};2026-09-24 05:38:36.978677
3230;493;10.0;accept;ISSUED;ACCEPTED;;;;2026-09-24 06:23:36.742609
3231;493;10.0;start;ACCEPTED;IN_PROGRESS;;;;2026-09-24 06:30:09.022774
3232;493;10.0;complete;IN_PROGRESS;DONE;;;;2026-09-24 07:27:54.503653
3233;493;;begin_review;DONE;AI_REVIEW;;;;2026-09-24 07:27:54.503653
3234;493;3.0;close;AI_REVIEW;CLOSED;;;;2026-09-24 07:57:23.100170
3235;494;3.0;create;;ISSUED;;;{'priority': 'planned'};2026-09-24 06:28:28.103747
3236;494;15.0;accept;ISSUED;ACCEPTED;;;;2026-09-24 06:43:41.519891
3237;494;15.0;start;ACCEPTED;IN_PROGRESS;;;;2026-09-24 06:53:52.303271
3238;494;15.0;complete;IN_PROGRESS;DONE;;;;2026-09-24 08:40:06.184700
3239;494;;begin_review;DONE;AI_REVIEW;;;;2026-09-24 08:40:06.184700
3240;494;3.0;close;AI_REVIEW;CLOSED;;;;2026-09-24 09:19:45.805355
3241;495;4.0;create;;ISSUED;;;{'priority': 'high'};2026-09-24 18:48:19.046480
3242;495;8.0;reject;ISSUED;REJECTED;нет допуска;;;2026-09-24 18:51:43.438028
3243;495;4.0;reissue;REJECTED;ISSUED;;;{'to_assignee_id': 11};2026-09-24 18:56:41.629388
3244;495;11.0;accept;ISSUED;ACCEPTED;;;;2026-09-24 19:03:47.448014
3245;495;11.0;start;ACCEPTED;IN_PROGRESS;;;;2026-09-24 19:22:36.142371
3246;495;11.0;complete;IN_PROGRESS;DONE;;;;2026-09-24 20:24:41.104350
3247;495;;begin_review;DONE;AI_REVIEW;;;;2026-09-24 20:24:41.104350
3248;495;4.0;close;AI_REVIEW;CLOSED;;;;2026-09-24 21:01:33.446034
3249;496;4.0;create;;ISSUED;;;{'priority': 'high'};2026-09-25 02:14:59.615791
3250;496;8.0;accept;ISSUED;ACCEPTED;;;;2026-09-25 02:24:40.711664
3251;496;8.0;start;ACCEPTED;IN_PROGRESS;;;;2026-09-25 02:40:31.973118
3252;496;8.0;complete;IN_PROGRESS;DONE;;;;2026-09-25 07:23:28.532181
3253;496;;begin_review;DONE;AI_REVIEW;;;;2026-09-25 07:23:28.532181
3254;496;4.0;close;AI_REVIEW;CLOSED;;;;2026-09-25 08:42:11.019064
3255;497;3.0;create;;ISSUED;;;{'priority': 'high'};2026-09-25 03:18:52.318878
3256;497;6.0;accept;ISSUED;ACCEPTED;;;;2026-09-25 03:26:11.810470
3257;497;6.0;start;ACCEPTED;IN_PROGRESS;;;;2026-09-25 03:37:04.413063
3258;497;6.0;complete;IN_PROGRESS;DONE;;;;2026-09-25 07:19:31.359272
3259;497;;begin_review;DONE;AI_REVIEW;;;;2026-09-25 07:19:31.359272
3260;497;3.0;close;AI_REVIEW;CLOSED;;;;2026-09-25 07:53:07.281959
3261;498;3.0;create;;ISSUED;;;{'priority': 'emergency'};2026-09-25 03:33:05.559554
3262;498;9.0;accept;ISSUED;ACCEPTED;;;;2026-09-25 03:34:07.665163
3263;498;9.0;start;ACCEPTED;IN_PROGRESS;;;;2026-09-25 03:38:03.915049
3264;498;9.0;complete;IN_PROGRESS;DONE;;;;2026-09-25 09:50:35.538623
3265;498;;begin_review;DONE;AI_REVIEW;;;;2026-09-25 09:50:35.538623
3266;498;3.0;close;AI_REVIEW;CLOSED;;;;2026-09-25 10:31:04.276530
3267;499;3.0;create;;ISSUED;;;{'priority': 'normal'};2026-09-25 04:20:01.844476
3268;499;6.0;accept;ISSUED;ACCEPTED;;;;2026-09-25 04:36:14.914584
3269;499;6.0;start;ACCEPTED;IN_PROGRESS;;;;2026-09-25 04:56:06.552096
3270;499;6.0;complete;IN_PROGRESS;DONE;;;;2026-09-25 07:39:04.946610
3271;499;;begin_review;DONE;AI_REVIEW;;;;2026-09-25 07:39:04.946610
3272;499;3.0;close;AI_REVIEW;CLOSED;;;;2026-09-25 09:19:32.219176
3273;500;3.0;create;;ISSUED;;;{'priority': 'planned'};2026-09-25 04:45:35.476565
3274;500;5.0;accept;ISSUED;ACCEPTED;;;;2026-09-25 05:11:15.585633
3275;500;5.0;start;ACCEPTED;IN_PROGRESS;;;;2026-09-25 05:17:01.382229
3276;500;5.0;complete;IN_PROGRESS;DONE;;;;2026-09-25 06:00:16.485204
3277;500;;begin_review;DONE;AI_REVIEW;;;;2026-09-25 06:00:16.485204
3278;500;3.0;close;AI_REVIEW;CLOSED;;;;2026-09-25 06:57:46.513867
3279;501;3.0;create;;ISSUED;;;{'priority': 'planned'};2026-09-25 04:47:28.549688
3280;501;10.0;queue;ISSUED;QUEUED;;;;2026-09-25 04:51:52.716205
3281;501;10.0;accept;QUEUED;ACCEPTED;;;;2026-09-25 05:34:09.442381
3282;501;10.0;start;ACCEPTED;IN_PROGRESS;;;;2026-09-25 05:36:47.382248
3283;501;10.0;complete;IN_PROGRESS;DONE;;;;2026-09-25 06:34:19.995291
3284;501;;begin_review;DONE;AI_REVIEW;;;;2026-09-25 06:34:19.995291
3285;501;3.0;close;AI_REVIEW;CLOSED;;;;2026-09-25 08:21:33.264299
3286;502;3.0;create;;ISSUED;;;{'priority': 'planned'};2026-09-25 04:48:50.831723
3287;502;12.0;queue;ISSUED;QUEUED;;;;2026-09-25 04:58:49.329259
3288;502;12.0;accept;QUEUED;ACCEPTED;;;;2026-09-25 06:28:05.541958
3289;502;12.0;start;ACCEPTED;IN_PROGRESS;;;;2026-09-25 06:40:18.219071
3290;502;12.0;complete;IN_PROGRESS;DONE;;;;2026-09-25 08:07:56.508681
3291;502;;begin_review;DONE;AI_REVIEW;;;;2026-09-25 08:07:56.508681
3292;502;3.0;close;AI_REVIEW;CLOSED;;;;2026-09-25 08:50:27.034524
3293;503;3.0;create;;ISSUED;;;{'priority': 'normal'};2026-09-25 05:57:18.561501
3294;503;12.0;queue;ISSUED;QUEUED;;;;2026-09-25 06:04:33.601016
3295;503;12.0;accept;QUEUED;ACCEPTED;;;;2026-09-25 08:21:40.082347
3296;503;12.0;start;ACCEPTED;IN_PROGRESS;;;;2026-09-25 08:27:48.199197
3297;503;12.0;complete;IN_PROGRESS;DONE;;;;2026-09-25 09:30:47.455346
3298;503;;begin_review;DONE;AI_REVIEW;;;;2026-09-25 09:30:47.455346
3299;503;3.0;close;AI_REVIEW;CLOSED;;;;2026-09-25 10:36:43.000821
3300;504;3.0;create;;ISSUED;;;{'priority': 'emergency'};2026-09-25 07:58:47.236434
3301;504;17.0;accept;ISSUED;ACCEPTED;;;;2026-09-25 08:01:26.646349
3302;504;17.0;start;ACCEPTED;IN_PROGRESS;;;;2026-09-25 08:04:08.379936
3303;504;17.0;complete;IN_PROGRESS;DONE;;;;2026-09-25 13:11:32.499460
3304;504;;begin_review;DONE;AI_REVIEW;;;;2026-09-25 13:11:32.499460
3305;504;3.0;close;AI_REVIEW;CLOSED;;;;2026-09-25 14:40:50.570386
3306;505;4.0;create;;ISSUED;;;{'priority': 'high'};2026-09-25 18:06:15.893026
3307;505;7.0;accept;ISSUED;ACCEPTED;;;;2026-09-25 18:18:11.544159
3308;505;7.0;start;ACCEPTED;IN_PROGRESS;;;;2026-09-25 18:26:16.240165
3309;505;7.0;complete;IN_PROGRESS;DONE;;;;2026-09-25 21:35:30.081994
3310;505;;begin_review;DONE;AI_REVIEW;;;;2026-09-25 21:35:30.081994
3311;505;4.0;close;AI_REVIEW;CLOSED;;;;2026-09-25 23:07:49.995505
3312;506;3.0;create;;ISSUED;;;{'priority': 'normal'};2026-09-26 06:01:41.285273
3313;506;17.0;accept;ISSUED;ACCEPTED;;;;2026-09-26 06:22:50.214540
3314;506;17.0;start;ACCEPTED;IN_PROGRESS;;;;2026-09-26 06:39:08.479270
3315;506;17.0;complete;IN_PROGRESS;DONE;;;;2026-09-26 08:39:28.084504
3316;506;;begin_review;DONE;AI_REVIEW;;;;2026-09-26 08:39:28.084504
3317;506;3.0;close;AI_REVIEW;CLOSED;;;;2026-09-26 10:13:25.393640
3318;507;3.0;create;;ISSUED;;;{'priority': 'normal'};2026-09-26 09:29:08.957750
3319;507;17.0;accept;ISSUED;ACCEPTED;;;;2026-09-26 09:44:46.004447
3320;507;17.0;start;ACCEPTED;IN_PROGRESS;;;;2026-09-26 09:47:33.682576
3321;507;17.0;complete;IN_PROGRESS;DONE;;;;2026-09-26 16:31:39.773999
3322;507;;begin_review;DONE;AI_REVIEW;;;;2026-09-26 16:31:39.773999
3323;507;3.0;close;AI_REVIEW;CLOSED;;;;2026-09-26 16:47:03.160215
3324;508;3.0;create;;ISSUED;;;{'priority': 'normal'};2026-09-26 13:05:20.938573
3325;508;10.0;queue;ISSUED;QUEUED;;;;2026-09-26 13:12:46.654152
3326;508;10.0;accept;QUEUED;ACCEPTED;;;;2026-09-26 14:54:01.786041
3327;508;10.0;start;ACCEPTED;IN_PROGRESS;;;;2026-09-26 14:56:59.065701
3328;508;10.0;complete;IN_PROGRESS;DONE;;;;2026-09-26 16:07:55.899204
3329;508;;begin_review;DONE;AI_REVIEW;;;;2026-09-26 16:07:55.899204
3330;508;3.0;close;AI_REVIEW;CLOSED;;;;2026-09-26 16:47:23.449731
3331;509;4.0;create;;ISSUED;;;{'priority': 'normal'};2026-09-26 19:22:22.505785
3332;509;14.0;accept;ISSUED;ACCEPTED;;;;2026-09-26 19:49:24.637861
3333;509;14.0;start;ACCEPTED;IN_PROGRESS;;;;2026-09-26 20:07:53.091582
3334;509;14.0;complete;IN_PROGRESS;DONE;;;;2026-09-27 01:58:14.212560
3335;509;;begin_review;DONE;AI_REVIEW;;;;2026-09-27 01:58:14.212560
3336;509;4.0;close;AI_REVIEW;CLOSED;;;;2026-09-27 02:52:12.290063
3337;510;4.0;create;;ISSUED;;;{'priority': 'normal'};2026-09-26 22:14:54.318512
3338;510;7.0;accept;ISSUED;ACCEPTED;;;;2026-09-26 22:36:12.521442
3339;510;7.0;start;ACCEPTED;IN_PROGRESS;;;;2026-09-26 22:51:16.590222
3340;510;7.0;complete;IN_PROGRESS;DONE;;;;2026-09-26 23:59:14.780412
3341;510;;begin_review;DONE;AI_REVIEW;;;;2026-09-26 23:59:14.780412
3342;510;4.0;close;AI_REVIEW;CLOSED;;;;2026-09-27 01:54:55.886519
3343;511;4.0;create;;ISSUED;;;{'priority': 'emergency'};2026-09-27 01:59:15.451447
3344;511;18.0;accept;ISSUED;ACCEPTED;;;;2026-09-27 02:01:07.944005
3345;511;18.0;start;ACCEPTED;IN_PROGRESS;;;;2026-09-27 02:07:02.606522
3346;511;18.0;complete;IN_PROGRESS;DONE;;;;2026-09-27 05:48:09.355955
3347;511;;begin_review;DONE;AI_REVIEW;;;;2026-09-27 05:48:09.355955
3348;511;4.0;close;AI_REVIEW;CLOSED;;;;2026-09-27 07:38:24.813423
3349;512;3.0;create;;ISSUED;;;{'priority': 'planned'};2026-09-27 04:29:44.920418
3350;512;5.0;accept;ISSUED;ACCEPTED;;;;2026-09-27 05:04:22.021878
3351;512;5.0;start;ACCEPTED;IN_PROGRESS;;;;2026-09-27 05:20:37.483150
3352;512;5.0;complete;IN_PROGRESS;DONE;;;;2026-09-27 06:46:27.725879
3353;512;;begin_review;DONE;AI_REVIEW;;;;2026-09-27 06:46:27.725879
3354;512;3.0;close;AI_REVIEW;CLOSED;;;;2026-09-27 07:53:31.455461
3355;513;3.0;create;;ISSUED;;;{'priority': 'planned'};2026-09-27 05:05:58.585873
3356;513;6.0;accept;ISSUED;ACCEPTED;;;;2026-09-27 05:53:13.862820
3357;513;6.0;start;ACCEPTED;IN_PROGRESS;;;;2026-09-27 06:10:12.156453
3358;513;6.0;complete;IN_PROGRESS;DONE;;;;2026-09-27 06:43:17.663319
3359;513;;begin_review;DONE;AI_REVIEW;;;;2026-09-27 06:43:17.663319
3360;513;3.0;close;AI_REVIEW;CLOSED;;;;2026-09-27 07:03:12.043658
3361;514;3.0;create;;ISSUED;;;{'priority': 'planned'};2026-09-27 05:07:21.850566
3362;514;12.0;accept;ISSUED;ACCEPTED;;;;2026-09-27 06:20:21.241359
3363;514;12.0;start;ACCEPTED;IN_PROGRESS;;;;2026-09-27 06:32:09.169508
3364;514;12.0;complete;IN_PROGRESS;DONE;;;;2026-09-27 07:36:06.373062
3365;514;;begin_review;DONE;AI_REVIEW;;;;2026-09-27 07:36:06.373062
3366;514;3.0;close;AI_REVIEW;CLOSED;;;;2026-09-27 07:50:25.166623
3367;515;3.0;create;;ISSUED;;;{'priority': 'normal'};2026-09-27 05:08:36.418707
3368;515;12.0;accept;ISSUED;ACCEPTED;;;;2026-09-27 05:28:07.656478
3369;515;12.0;start;ACCEPTED;IN_PROGRESS;;;;2026-09-27 05:39:12.933838
3370;515;12.0;complete;IN_PROGRESS;DONE;;;;2026-09-27 09:15:41.852908
3371;515;;begin_review;DONE;AI_REVIEW;;;;2026-09-27 09:15:41.852908
3372;515;3.0;close;AI_REVIEW;CLOSED;;;;2026-09-27 09:48:39.296363
3373;516;3.0;create;;ISSUED;;;{'priority': 'planned'};2026-09-27 05:24:32.917221
3374;516;5.0;queue;ISSUED;QUEUED;;;;2026-09-27 05:26:30.559947
3375;516;5.0;accept;QUEUED;ACCEPTED;;;;2026-09-27 07:27:43.897475
3376;516;5.0;start;ACCEPTED;IN_PROGRESS;;;;2026-09-27 07:31:44.873271
3377;516;5.0;complete;IN_PROGRESS;DONE;;;;2026-09-27 08:10:14.783189
3378;516;;begin_review;DONE;AI_REVIEW;;;;2026-09-27 08:10:14.783189
3379;516;3.0;close;AI_REVIEW;CLOSED;;;;2026-09-27 10:00:07.166362
3380;517;3.0;create;;ISSUED;;;{'priority': 'high'};2026-09-27 08:44:18.572691
3381;517;5.0;accept;ISSUED;ACCEPTED;;;;2026-09-27 08:54:13.822212
3382;517;5.0;start;ACCEPTED;IN_PROGRESS;;;;2026-09-27 08:58:38.462617
3383;517;5.0;pause;IN_PROGRESS;PAUSED;ждёт остановки оборудования;;;2026-09-27 09:42:35.667250
3384;517;5.0;resume;PAUSED;IN_PROGRESS;;;;2026-09-27 10:25:35.667250
3385;517;5.0;complete;IN_PROGRESS;DONE;;;;2026-09-27 12:14:09.522166
3386;517;;begin_review;DONE;AI_REVIEW;;;;2026-09-27 12:14:09.522166
3387;517;3.0;close;AI_REVIEW;CLOSED;;;;2026-09-27 13:19:48.149251
3388;518;3.0;create;;ISSUED;;;{'priority': 'high'};2026-09-27 09:13:00.184282
3389;518;13.0;accept;ISSUED;ACCEPTED;;;;2026-09-27 09:15:55.519127
3390;518;13.0;start;ACCEPTED;IN_PROGRESS;;;;2026-09-27 09:34:43.999234
3391;518;13.0;complete;IN_PROGRESS;DONE;;;;2026-09-27 13:26:22.444936
3392;518;;begin_review;DONE;AI_REVIEW;;;;2026-09-27 13:26:22.444936
3393;518;3.0;close;AI_REVIEW;CLOSED;;;;2026-09-27 14:19:52.722169
3394;519;3.0;create;;ISSUED;;;{'priority': 'planned'};2026-09-28 04:21:26.293540
3395;519;12.0;accept;ISSUED;ACCEPTED;;;;2026-09-28 05:12:59.121958
3396;519;12.0;start;ACCEPTED;IN_PROGRESS;;;;2026-09-28 05:16:42.786116
3397;519;12.0;complete;IN_PROGRESS;DONE;;;;2026-09-28 06:30:27.783222
3398;519;;begin_review;DONE;AI_REVIEW;;;;2026-09-28 06:30:27.783222
3399;519;3.0;close;AI_REVIEW;CLOSED;;;;2026-09-28 07:20:12.509085
3400;520;3.0;create;;ISSUED;;;{'priority': 'high'};2026-09-28 07:03:39.485263
3401;520;12.0;accept;ISSUED;ACCEPTED;;;;2026-09-28 07:09:31.255736
3402;520;12.0;start;ACCEPTED;IN_PROGRESS;;;;2026-09-28 07:23:50.956479
3403;520;12.0;complete;IN_PROGRESS;DONE;;;;2026-09-28 09:10:46.404116
3404;520;;begin_review;DONE;AI_REVIEW;;;;2026-09-28 09:10:46.404116
3405;520;3.0;close;AI_REVIEW;CLOSED;;;;2026-09-28 10:31:37.800283
3406;521;3.0;create;;ISSUED;;;{'priority': 'planned'};2026-09-28 07:47:48.601512
3407;521;15.0;accept;ISSUED;ACCEPTED;;;;2026-09-28 08:21:02.525465
3408;521;15.0;start;ACCEPTED;IN_PROGRESS;;;;2026-09-28 08:40:22.704848
3409;521;15.0;complete;IN_PROGRESS;DONE;;;;2026-09-28 10:12:25.813640
3410;521;;begin_review;DONE;AI_REVIEW;;;;2026-09-28 10:12:25.813640
3411;521;3.0;close;AI_REVIEW;CLOSED;;;;2026-09-28 11:00:07.034895
3412;522;4.0;create;;ISSUED;;;{'priority': 'high'};2026-09-28 15:08:27.787700
3413;522;7.0;accept;ISSUED;ACCEPTED;;;;2026-09-28 15:15:44.952475
3414;522;7.0;start;ACCEPTED;IN_PROGRESS;;;;2026-09-28 15:25:05.006303
3415;522;7.0;complete;IN_PROGRESS;DONE;;;;2026-09-28 16:32:07.156086
3416;522;;begin_review;DONE;AI_REVIEW;;;;2026-09-28 16:32:07.156086
3417;522;;send_to_rework;AI_REVIEW;REWORK;Вердикт ИИ: требует доработки;;;2026-09-28 16:32:22.156086
3418;522;7.0;resume_rework;REWORK;IN_PROGRESS;;;;2026-09-28 17:11:04.418569
3419;522;7.0;complete;IN_PROGRESS;DONE;;;;2026-09-28 18:36:31.257267
3420;522;;begin_review;DONE;AI_REVIEW;;;;2026-09-28 18:36:31.257267
3421;522;4.0;close;AI_REVIEW;CLOSED;;;;2026-09-28 19:04:44.224134
3422;523;3.0;create;;ISSUED;;;{'priority': 'high'};2026-09-29 03:22:28.093587
3423;523;12.0;accept;ISSUED;ACCEPTED;;;;2026-09-29 03:30:42.783929
3424;523;12.0;start;ACCEPTED;IN_PROGRESS;;;;2026-09-29 03:47:15.499593
3425;523;12.0;complete;IN_PROGRESS;DONE;;;;2026-09-29 10:29:49.606008
3426;523;;begin_review;DONE;AI_REVIEW;;;;2026-09-29 10:29:49.606008
3427;523;3.0;close;AI_REVIEW;CLOSED;;;;2026-09-29 11:20:06.397251
3428;524;3.0;create;;ISSUED;;;{'priority': 'planned'};2026-09-29 05:04:43.529017
3429;524;6.0;accept;ISSUED;ACCEPTED;;;;2026-09-29 05:26:28.801906
3430;524;6.0;start;ACCEPTED;IN_PROGRESS;;;;2026-09-29 05:38:39.368967
3431;524;6.0;complete;IN_PROGRESS;DONE;;;;2026-09-29 06:17:32.530465
3432;524;;begin_review;DONE;AI_REVIEW;;;;2026-09-29 06:17:32.530465
3433;524;3.0;close;AI_REVIEW;CLOSED;;;;2026-09-29 07:56:19.241397
3434;525;3.0;create;;ISSUED;;;{'priority': 'planned'};2026-09-29 05:43:58.682401
3435;525;5.0;queue;ISSUED;QUEUED;;;;2026-09-29 05:53:42.001825
3436;525;5.0;accept;QUEUED;ACCEPTED;;;;2026-09-29 07:06:14.856779
3437;525;5.0;start;ACCEPTED;IN_PROGRESS;;;;2026-09-29 07:18:19.493443
3438;525;5.0;complete;IN_PROGRESS;DONE;;;;2026-09-29 08:43:53.239927
3439;525;;begin_review;DONE;AI_REVIEW;;;;2026-09-29 08:43:53.239927
3440;525;3.0;close;AI_REVIEW;CLOSED;;;;2026-09-29 09:17:38.225159
3441;526;3.0;create;;ISSUED;;;{'priority': 'planned'};2026-09-29 06:37:58.614711
3442;526;15.0;queue;ISSUED;QUEUED;;;;2026-09-29 06:45:00.493853
3443;526;15.0;accept;QUEUED;ACCEPTED;;;;2026-09-29 08:23:19.214641
3444;526;15.0;start;ACCEPTED;IN_PROGRESS;;;;2026-09-29 08:31:49.960497
3445;526;15.0;complete;IN_PROGRESS;DONE;;;;2026-09-29 12:46:32.713834
3446;526;;begin_review;DONE;AI_REVIEW;;;;2026-09-29 12:46:32.713834
3447;526;3.0;close;AI_REVIEW;CLOSED;;;;2026-09-29 14:34:08.779781
3448;527;3.0;create;;ISSUED;;;{'priority': 'high'};2026-09-29 08:10:52.778063
3449;527;5.0;accept;ISSUED;ACCEPTED;;;;2026-09-29 08:13:10.741999
3450;527;5.0;start;ACCEPTED;IN_PROGRESS;;;;2026-09-29 08:29:39.694082
3451;527;5.0;complete;IN_PROGRESS;DONE;;;;2026-09-29 10:22:54.857004
3452;527;;begin_review;DONE;AI_REVIEW;;;;2026-09-29 10:22:54.857004
3453;527;3.0;close;AI_REVIEW;CLOSED;;;;2026-09-29 12:01:52.555121
3454;528;4.0;create;;ISSUED;;;{'priority': 'normal'};2026-09-29 22:25:43.857477
3455;528;7.0;accept;ISSUED;ACCEPTED;;;;2026-09-29 22:50:31.574072
3456;528;7.0;start;ACCEPTED;IN_PROGRESS;;;;2026-09-29 22:58:10.364329
3457;528;7.0;complete;IN_PROGRESS;DONE;;;;2026-09-30 04:27:36.759276
3458;528;;begin_review;DONE;AI_REVIEW;;;;2026-09-30 04:27:36.759276
3459;528;4.0;close;AI_REVIEW;CLOSED;;;;2026-09-30 05:43:39.349389
3460;529;4.0;create;;ISSUED;;;{'priority': 'high'};2026-09-29 22:41:40.887562
3461;529;8.0;accept;ISSUED;ACCEPTED;;;;2026-09-29 22:47:33.200022
3462;529;8.0;start;ACCEPTED;IN_PROGRESS;;;;2026-09-29 22:53:11.423389
3463;529;8.0;complete;IN_PROGRESS;DONE;;;;2026-09-29 23:39:56.858141
3464;529;;begin_review;DONE;AI_REVIEW;;;;2026-09-29 23:39:56.858141
3465;529;4.0;close;AI_REVIEW;CLOSED;;;;2026-09-30 00:56:39.980458
3466;530;4.0;create;;ISSUED;;;{'priority': 'normal'};2026-09-30 01:07:39.186252
3467;530;19.0;queue;ISSUED;QUEUED;;;;2026-09-30 01:14:19.136359
3468;530;19.0;accept;QUEUED;ACCEPTED;;;;2026-09-30 01:59:47.152579
3469;530;19.0;start;ACCEPTED;IN_PROGRESS;;;;2026-09-30 02:12:16.212011
3470;530;19.0;complete;IN_PROGRESS;DONE;;;;2026-09-30 06:58:42.840350
3471;530;;begin_review;DONE;AI_REVIEW;;;;2026-09-30 06:58:42.840350
3472;530;4.0;close;AI_REVIEW;CLOSED;;;;2026-09-30 08:32:38.418301
3473;531;3.0;create;;ISSUED;;;{'priority': 'high'};2026-09-30 04:47:38.216535
3474;531;10.0;accept;ISSUED;ACCEPTED;;;;2026-09-30 04:57:37.416735
3475;531;10.0;start;ACCEPTED;IN_PROGRESS;;;;2026-09-30 05:13:02.948796
3476;531;10.0;complete;IN_PROGRESS;DONE;;;;2026-09-30 09:10:37.707492
3477;531;;begin_review;DONE;AI_REVIEW;;;;2026-09-30 09:10:37.707492
3478;531;3.0;close;AI_REVIEW;CLOSED;;;;2026-09-30 09:42:27.406538
3479;532;3.0;create;;ISSUED;;;{'priority': 'planned'};2026-09-30 04:50:39.551761
3480;532;12.0;accept;ISSUED;ACCEPTED;;;;2026-09-30 06:16:59.679355
3481;532;12.0;start;ACCEPTED;IN_PROGRESS;;;;2026-09-30 06:24:39.015518
3482;532;12.0;complete;IN_PROGRESS;DONE;;;;2026-09-30 07:32:36.587578
3483;532;;begin_review;DONE;AI_REVIEW;;;;2026-09-30 07:32:36.587578
3484;532;3.0;close;AI_REVIEW;CLOSED;;;;2026-09-30 08:57:11.603378
3485;533;3.0;create;;ISSUED;;;{'priority': 'high'};2026-09-30 06:12:33.949144
3486;533;5.0;accept;ISSUED;ACCEPTED;;;;2026-09-30 06:18:47.088879
3487;533;5.0;start;ACCEPTED;IN_PROGRESS;;;;2026-09-30 06:35:38.269638
3488;533;5.0;complete;IN_PROGRESS;DONE;;;;2026-09-30 07:59:44.122443
3489;533;;begin_review;DONE;AI_REVIEW;;;;2026-09-30 07:59:44.122443
3490;533;3.0;close;AI_REVIEW;CLOSED;;;;2026-09-30 08:15:08.738219
3491;534;3.0;create;;ISSUED;;;{'priority': 'normal'};2026-09-30 10:15:25.367437
3492;534;13.0;queue;ISSUED;QUEUED;;;;2026-09-30 10:16:48.588116
3493;534;13.0;accept;QUEUED;ACCEPTED;;;;2026-09-30 12:23:04.786412
3494;534;13.0;start;ACCEPTED;IN_PROGRESS;;;;2026-09-30 12:32:50.438936
3495;534;13.0;complete;IN_PROGRESS;DONE;;;;2026-09-30 14:47:19.684590
3496;534;;begin_review;DONE;AI_REVIEW;;;;2026-09-30 14:47:19.684590
3497;534;3.0;close;AI_REVIEW;CLOSED;;;;2026-09-30 15:17:51.563533
3498;535;4.0;create;;ISSUED;;;{'priority': 'high'};2026-09-30 15:46:36.965691
3499;535;7.0;accept;ISSUED;ACCEPTED;;;;2026-09-30 15:54:30.361537
3500;535;7.0;start;ACCEPTED;IN_PROGRESS;;;;2026-09-30 16:11:23.870142
3501;535;7.0;complete;IN_PROGRESS;DONE;;;;2026-09-30 21:23:53.826462
3502;535;;begin_review;DONE;AI_REVIEW;;;;2026-09-30 21:23:53.826462
3503;535;4.0;close;AI_REVIEW;CLOSED;;;;2026-09-30 22:33:13.601797
3504;536;4.0;create;;ISSUED;;;{'priority': 'emergency'};2026-09-30 22:25:49.661573
3505;536;14.0;accept;ISSUED;ACCEPTED;;;;2026-09-30 22:29:48.926285
3506;536;14.0;start;ACCEPTED;IN_PROGRESS;;;;2026-09-30 22:32:51.453835
3507;536;14.0;complete;IN_PROGRESS;DONE;;;;2026-10-01 00:37:57.878421
3508;536;;begin_review;DONE;AI_REVIEW;;;;2026-10-01 00:37:57.878421
3509;536;4.0;close;AI_REVIEW;CLOSED;;;;2026-10-01 00:54:41.065458
3510;537;4.0;create;;ISSUED;;;{'priority': 'high'};2026-09-30 23:06:16.054501
3511;537;8.0;accept;ISSUED;ACCEPTED;;;;2026-09-30 23:16:52.115136
3512;537;8.0;start;ACCEPTED;IN_PROGRESS;;;;2026-09-30 23:19:08.813910
3513;537;8.0;complete;IN_PROGRESS;DONE;;;;2026-10-01 06:40:28.242118
3514;537;;begin_review;DONE;AI_REVIEW;;;;2026-10-01 06:40:28.242118
3515;537;4.0;close;AI_REVIEW;CLOSED;;;;2026-10-01 07:49:46.133984
3516;538;4.0;create;;ISSUED;;;{'priority': 'high'};2026-10-01 02:17:27.787536
3517;538;8.0;accept;ISSUED;ACCEPTED;;;;2026-10-01 02:20:11.504841
3518;538;8.0;start;ACCEPTED;IN_PROGRESS;;;;2026-10-01 02:33:54.910664
3519;538;8.0;complete;IN_PROGRESS;DONE;;;;2026-10-01 04:08:34.230792
3520;538;;begin_review;DONE;AI_REVIEW;;;;2026-10-01 04:08:34.230792
3521;538;4.0;close;AI_REVIEW;CLOSED;;;;2026-10-01 05:18:42.623145
3522;539;3.0;create;;ISSUED;;;{'priority': 'planned'};2026-10-01 04:53:54.305133
3523;539;5.0;queue;ISSUED;QUEUED;;;;2026-10-01 05:03:10.341578
3524;539;5.0;accept;QUEUED;ACCEPTED;;;;2026-10-01 07:13:47.146762
3525;539;5.0;start;ACCEPTED;IN_PROGRESS;;;;2026-10-01 07:30:09.402669
3526;539;5.0;complete;IN_PROGRESS;DONE;;;;2026-10-01 08:23:40.406289
3527;539;;begin_review;DONE;AI_REVIEW;;;;2026-10-01 08:23:40.406289
3528;539;3.0;close;AI_REVIEW;CLOSED;;;;2026-10-01 08:40:56.120254
3529;540;3.0;create;;ISSUED;;;{'priority': 'high'};2026-10-01 05:33:48.029138
3530;540;5.0;accept;ISSUED;ACCEPTED;;;;2026-10-01 05:45:25.487133
3531;540;5.0;start;ACCEPTED;IN_PROGRESS;;;;2026-10-01 06:00:56.755474
3532;540;5.0;complete;IN_PROGRESS;DONE;;;;2026-10-01 07:09:02.746972
3533;540;;begin_review;DONE;AI_REVIEW;;;;2026-10-01 07:09:02.746972
3534;540;3.0;close;AI_REVIEW;CLOSED;;;;2026-10-01 07:26:01.722168
3535;541;3.0;create;;ISSUED;;;{'priority': 'normal'};2026-10-01 11:19:42.571880
3536;541;10.0;accept;ISSUED;ACCEPTED;;;;2026-10-01 11:45:50.950380
3537;541;10.0;start;ACCEPTED;IN_PROGRESS;;;;2026-10-01 11:58:11.510667
3538;541;10.0;complete;IN_PROGRESS;DONE;;;;2026-10-01 17:36:59.360844
3539;541;;begin_review;DONE;AI_REVIEW;;;;2026-10-01 17:36:59.360844
3540;541;3.0;close;AI_REVIEW;CLOSED;;;;2026-10-01 19:02:02.796440
3541;542;3.0;create;;ISSUED;;;{'priority': 'normal'};2026-10-01 12:11:39.397575
3542;542;6.0;queue;ISSUED;QUEUED;;;;2026-10-01 12:20:42.544610
3543;542;6.0;accept;QUEUED;ACCEPTED;;;;2026-10-01 13:27:33.331299
3544;542;6.0;start;ACCEPTED;IN_PROGRESS;;;;2026-10-01 13:47:27.362169
3545;542;6.0;complete;IN_PROGRESS;DONE;;;;2026-10-01 17:13:57.600604
3546;542;;begin_review;DONE;AI_REVIEW;;;;2026-10-01 17:13:57.600604
3547;542;3.0;close;AI_REVIEW;CLOSED;;;;2026-10-01 18:07:12.544798
3548;543;3.0;create;;ISSUED;;;{'priority': 'high'};2026-10-01 13:57:52.016013
3549;543;12.0;accept;ISSUED;ACCEPTED;;;;2026-10-01 14:01:43.429346
3550;543;12.0;start;ACCEPTED;IN_PROGRESS;;;;2026-10-01 14:08:09.784124
3551;543;12.0;complete;IN_PROGRESS;DONE;;;;2026-10-02 02:50:27.020360
3552;543;;begin_review;DONE;AI_REVIEW;;;;2026-10-02 02:50:27.020360
3553;543;3.0;close;AI_REVIEW;CLOSED;;;;2026-10-02 04:15:44.517462
3554;544;4.0;create;;ISSUED;;;{'priority': 'normal'};2026-10-01 15:45:05.218214
3555;544;8.0;accept;ISSUED;ACCEPTED;;;;2026-10-01 16:01:08.168815
3556;544;8.0;start;ACCEPTED;IN_PROGRESS;;;;2026-10-01 16:19:35.238971
3557;544;8.0;complete;IN_PROGRESS;DONE;;;;2026-10-01 17:14:24.058185
3558;544;;begin_review;DONE;AI_REVIEW;;;;2026-10-01 17:14:24.058185
3559;544;4.0;close;AI_REVIEW;CLOSED;;;;2026-10-01 19:13:27.491409
3560;545;4.0;create;;ISSUED;;;{'priority': 'high'};2026-10-01 20:18:05.189771
3561;545;7.0;accept;ISSUED;ACCEPTED;;;;2026-10-01 20:26:32.682269
3562;545;7.0;start;ACCEPTED;IN_PROGRESS;;;;2026-10-01 20:37:53.132058
3563;545;7.0;complete;IN_PROGRESS;DONE;;;;2026-10-02 02:17:28.337922
3564;545;;begin_review;DONE;AI_REVIEW;;;;2026-10-02 02:17:28.337922
3565;545;4.0;close;AI_REVIEW;CLOSED;;;;2026-10-02 03:33:21.744827
3566;546;4.0;create;;ISSUED;;;{'priority': 'emergency'};2026-10-01 23:47:20.460273
3567;546;8.0;accept;ISSUED;ACCEPTED;;;;2026-10-01 23:50:50.404688
3568;546;8.0;start;ACCEPTED;IN_PROGRESS;;;;2026-10-01 23:53:30.489229
3569;546;8.0;pause;IN_PROGRESS;PAUSED;ждёт остановки оборудования;;;2026-10-02 00:38:24.683353
3570;546;8.0;resume;PAUSED;IN_PROGRESS;;;;2026-10-02 01:47:24.683353
3571;546;8.0;complete;IN_PROGRESS;DONE;;;;2026-10-02 02:43:57.140247
3572;546;;begin_review;DONE;AI_REVIEW;;;;2026-10-02 02:43:57.140247
3573;546;4.0;close;AI_REVIEW;CLOSED;;;;2026-10-02 04:38:31.250291
3574;547;3.0;create;;ISSUED;;;{'priority': 'normal'};2026-10-02 03:04:33.144224
3575;547;13.0;accept;ISSUED;ACCEPTED;;;;2026-10-02 03:07:59.156177
3576;547;13.0;start;ACCEPTED;IN_PROGRESS;;;;2026-10-02 03:21:09.588640
3577;547;13.0;pause;IN_PROGRESS;PAUSED;ждёт запчасти;;;2026-10-02 04:19:39.258404
3578;547;13.0;resume;PAUSED;IN_PROGRESS;;;;2026-10-02 05:47:39.258404
3579;547;13.0;complete;IN_PROGRESS;DONE;;;;2026-10-02 06:51:02.053844
3580;547;;begin_review;DONE;AI_REVIEW;;;;2026-10-02 06:51:02.053844
3581;547;3.0;close;AI_REVIEW;CLOSED;;;;2026-10-02 07:26:53.119430
3582;548;3.0;create;;ISSUED;;;{'priority': 'planned'};2026-10-02 04:32:01.141368
3583;548;12.0;accept;ISSUED;ACCEPTED;;;;2026-10-02 05:56:49.976452
3584;548;12.0;start;ACCEPTED;IN_PROGRESS;;;;2026-10-02 06:08:51.975567
3585;548;12.0;complete;IN_PROGRESS;DONE;;;;2026-10-02 06:33:05.757579
3586;548;;begin_review;DONE;AI_REVIEW;;;;2026-10-02 06:33:05.757579
3587;548;3.0;close;AI_REVIEW;CLOSED;;;;2026-10-02 08:17:58.869290
3588;549;3.0;create;;ISSUED;;;{'priority': 'planned'};2026-10-02 08:11:44.602024
3589;549;15.0;accept;ISSUED;ACCEPTED;;;;2026-10-02 08:48:43.571619
3590;549;15.0;start;ACCEPTED;IN_PROGRESS;;;;2026-10-02 09:04:03.637647
3591;549;15.0;complete;IN_PROGRESS;DONE;;;;2026-10-02 11:27:20.570588
3592;549;;begin_review;DONE;AI_REVIEW;;;;2026-10-02 11:27:20.570588
3593;549;3.0;close;AI_REVIEW;CLOSED;;;;2026-10-02 12:12:14.930647
3594;550;3.0;create;;ISSUED;;;{'priority': 'high'};2026-10-02 11:52:00.326068
3595;550;12.0;accept;ISSUED;ACCEPTED;;;;2026-10-02 11:55:11.520733
3596;550;12.0;start;ACCEPTED;IN_PROGRESS;;;;2026-10-02 11:58:41.136838
3597;550;12.0;complete;IN_PROGRESS;DONE;;;;2026-10-02 16:42:19.066608
3598;550;;begin_review;DONE;AI_REVIEW;;;;2026-10-02 16:42:19.066608
3599;550;3.0;close;AI_REVIEW;CLOSED;;;;2026-10-02 16:59:56.067608
3600;551;3.0;create;;ISSUED;;;{'priority': 'high'};2026-10-02 12:09:01.066163
3601;551;5.0;accept;ISSUED;ACCEPTED;;;;2026-10-02 12:17:20.869246
3602;551;5.0;start;ACCEPTED;IN_PROGRESS;;;;2026-10-02 12:29:20.858981
3603;551;5.0;complete;IN_PROGRESS;DONE;;;;2026-10-02 14:10:36.989310
3604;551;;begin_review;DONE;AI_REVIEW;;;;2026-10-02 14:10:36.989310
3605;551;3.0;close;AI_REVIEW;CLOSED;;;;2026-10-02 15:59:29.523170
3606;552;4.0;create;;ISSUED;;;{'priority': 'high'};2026-10-02 19:32:15.386798
3607;552;16.0;accept;ISSUED;ACCEPTED;;;;2026-10-02 19:34:19.206027
3608;552;16.0;start;ACCEPTED;IN_PROGRESS;;;;2026-10-02 19:42:54.803663
3609;552;16.0;complete;IN_PROGRESS;DONE;;;;2026-10-03 00:51:28.832163
3610;552;;begin_review;DONE;AI_REVIEW;;;;2026-10-03 00:51:28.832163
3611;552;4.0;close;AI_REVIEW;CLOSED;;;;2026-10-03 01:15:22.381929
3612;553;4.0;create;;ISSUED;;;{'priority': 'high'};2026-10-03 01:33:22.583069
3613;553;19.0;accept;ISSUED;ACCEPTED;;;;2026-10-03 01:35:57.973764
3614;553;19.0;start;ACCEPTED;IN_PROGRESS;;;;2026-10-03 01:51:15.333929
3615;553;19.0;complete;IN_PROGRESS;DONE;;;;2026-10-03 04:47:41.136339
3616;553;;begin_review;DONE;AI_REVIEW;;;;2026-10-03 04:47:41.136339
3617;553;4.0;close;AI_REVIEW;CLOSED;;;;2026-10-03 06:10:51.174563
3618;554;3.0;create;;ISSUED;;;;2026-10-05 04:46:31.317153
3619;554;5.0;accept;ISSUED;ACCEPTED;;;;2026-10-05 04:51:31.317153
3620;554;5.0;start;ACCEPTED;IN_PROGRESS;;;;2026-10-05 05:01:31.317153
3621;554;5.0;complete;IN_PROGRESS;DONE;;;;2026-10-05 06:31:31.317153
3622;554;;begin_review;DONE;AI_REVIEW;;;;2026-10-05 06:31:31.317153
3623;554;3.0;close;AI_REVIEW;CLOSED;;;;2026-10-05 06:51:31.317153
3624;555;3.0;create;;ISSUED;;;;2026-10-05 05:06:31.317153
3625;555;6.0;accept;ISSUED;ACCEPTED;;;;2026-10-05 05:11:31.317153
3626;555;6.0;start;ACCEPTED;IN_PROGRESS;;;;2026-10-05 05:21:31.317153
3627;555;6.0;complete;IN_PROGRESS;DONE;;;;2026-10-05 06:41:31.317153
3628;555;;begin_review;DONE;AI_REVIEW;;;;2026-10-05 06:41:31.317153
3629;555;3.0;close;AI_REVIEW;CLOSED;;;;2026-10-05 07:21:31.317153
3630;556;3.0;create;;ISSUED;;;;2026-10-05 08:54:31.317153
3631;556;15.0;accept;ISSUED;ACCEPTED;;;;2026-10-05 08:59:31.317153
3632;556;15.0;start;ACCEPTED;IN_PROGRESS;;;;2026-10-05 09:06:31.317153
3633;557;3.0;create;;ISSUED;;;;2026-10-05 08:36:31.317153
3634;557;9.0;accept;ISSUED;ACCEPTED;;;;2026-10-05 08:41:31.317153
3635;557;9.0;start;ACCEPTED;IN_PROGRESS;;;;2026-10-05 08:51:31.317153
3636;558;3.0;create;;ISSUED;;;;2026-10-05 09:11:31.317153
3637;558;10.0;queue;ISSUED;QUEUED;;;;2026-10-05 09:16:31.317153
3638;559;3.0;create;;ISSUED;;;;2026-10-05 09:26:31.317153
3639;559;10.0;queue;ISSUED;QUEUED;;;;2026-10-05 09:31:31.317153
3640;560;3.0;create;;ISSUED;;;;2026-10-05 09:34:31.317153
3641;560;12.0;accept;ISSUED;ACCEPTED;;;;2026-10-05 09:39:31.317153
3642;561;3.0;create;;ISSUED;;;;2026-10-05 09:31:31.317153
3643;561;17.0;reject;ISSUED;REJECTED;нет допуска;;;2026-10-05 09:36:31.317153
3644;562;3.0;create;;ISSUED;;;;2026-10-05 07:16:31.317153
3645;562;17.0;accept;ISSUED;ACCEPTED;;;;2026-10-05 07:21:31.317153
3646;562;17.0;start;ACCEPTED;IN_PROGRESS;;;;2026-10-05 07:31:31.317153
3647;562;17.0;complete;IN_PROGRESS;DONE;;;;2026-10-05 09:42:31.317153
3648;562;;begin_review;DONE;AI_REVIEW;;;;2026-10-05 09:42:31.317153
